Bank_ID,Number_of_Cybersecurity_Incidents,Average_Response_Time_hours,Cost_of_Breaches_millions,Compliance_with_Security_Standards,User_Awareness_Levels_percent,Number_of_Phishing_Incidents,Number_of_Malware_Incidents,Number_of_Ransomware_Incidents,Average_Detection_Time_hours,Number_of_Employees_in_IT_Security,Annual_Cybersecurity_Budget_millions,Number_of_Security_Audits_Conducted_Annually,Number_of_Security_Tools_Deployed
1,213,3.661728063355186,13.100492453109354,1,91.98100551612421,93,29,14,2.5310152631934377,34,12.697019512818114,8,12
2,122,3.3016933139347033,87.2874523425578,0,88.50654267895544,70,81,4,2.2288738321668986,43,34.80222288836225,1,13
3,280,3.9467886286010323,52.42271283866639,0,70.08735153501367,81,82,8,2.4455025494539937,17,28.712651952829763,9,7
4,292,2.481584619128544,33.17107101392489,1,70.28259567917335,80,80,8,4.906678395238891,20,4.796804075074081,7,16
5,196,2.630546657650181,30.185758789439134,1,94.26378919578082,79,87,16,0.8988483863731134,48,8.968786519470136,2,16
6,87,8.11621991710151,46.04100309838445,0,77.78199216405562,20,37,10,4.650038914274284,75,20.0144142328623,6,7
7,119,4.462593188567005,99.90970231984628,0,89.08401003184197,91,11,17,2.66106521061962,31,10.094599133816224,8,19
8,165,4.923956625135272,25.931102376570344,1,83.62643259295743,98,52,1,3.306840104747935,49,39.8188950149525,5,5
9,288,6.3464451901013,14.805581643504963,0,95.90290043565301,72,17,18,4.235823349779622,39,21.38744154211072,6,6
10,128,6.306881456363929,60.57834102827288,1,97.50883339307467,30,22,10,2.12208363117165,83,5.578161475282464,8,11
11,234,1.6063918436973315,51.411534311824425,0,99.90423138036562,12,94,4,2.436898586395851,32,24.732802211334118,6,7
12,197,8.48386707703899,54.7986457510142,1,74.61052407421741,91,44,1,2.342833161254213,11,5.451070872009295,9,11
13,58,2.595938979015455,68.35886466793562,1,95.88892139426426,97,32,4,2.186289601410919,66,7.317927965571042,9,9
14,81,7.50764472444702,30.378686637711684,0,77.98064130186405,19,55,4,4.664881947411027,55,12.74088176938206,9,14
15,181,7.954038893153499,91.5131745614694,1,87.72447624686524,36,24,4,4.230184510368554,50,43.116857557127,6,12
16,99,7.434095806821823,46.38884628161758,0,85.17318501607633,21,11,17,0.9904999543833924,24,46.30601408431562,9,9
17,131,6.210798818987307,17.263188538533868,0,70.53964394717163,16,70,9,0.9865550861469321,42,41.48662873727139,3,7
18,54,1.1314809739799458,75.51838188972471,0,97.98313839718284,26,85,19,2.4254128168384606,65,17.369783653474514,5,13
19,197,4.2433794312685365,66.09491349869577,0,72.34981165447655,74,73,13,0.9439581952976408,36,14.34987561433275,2,19
20,136,6.4435548642632305,34.99562323598352,1,90.64656758223208,73,61,4,3.2859189287200383,30,27.90862884872172,8,11
21,175,4.487061663302848,64.0442787832346,0,93.55020508624786,35,45,5,1.1466122326778025,62,36.370804866122505,4,9
22,124,8.771319054215319,25.886885855052803,0,93.85863547143053,24,76,13,2.850679687850605,43,49.675266619848564,6,11
23,214,3.779220478146538,47.25973913735031,0,74.06483556786534,42,78,16,0.5324897615167299,24,7.446964882067385,6,15
24,71,3.641813132127944,90.4441896058959,0,83.42709851523917,71,76,5,1.9246835678569103,86,3.415307952166417,5,14
25,235,3.3939792378339217,17.685752150271195,1,94.88286611301939,56,56,8,3.5473582565269495,54,35.02343856076828,1,13
26,117,3.9950278206471594,41.73616274880889,0,79.08037631136264,44,92,16,2.678175231025318,83,41.77906339169137,7,9
27,270,6.016644678827685,83.00853034843298,1,84.0324602612399,74,11,1,4.902212686995447,56,42.47109021345474,8,11
28,93,7.363137648453317,97.10163544358693,1,78.18381678099537,81,53,6,4.433467082297948,90,34.24471390478087,1,15
29,83,6.963111259649066,48.12298296007061,1,83.90654253655973,85,73,11,2.1158185056941807,26,47.74677440184016,7,13
30,126,8.269460379833315,53.164963913618,0,96.6351376777864,92,90,16,0.7046894366252356,57,26.03923341368476,4,5
31,91,8.973225959476824,59.35633636945813,0,83.65372693098308,34,87,5,4.3053183505175845,89,45.77692511847441,6,8
32,186,8.34471138109016,93.57307345520253,0,86.67736051222961,66,37,16,4.600554396416022,70,48.422794712584626,9,5
33,155,1.1705086303691912,86.52964514281783,0,82.1192884990925,41,63,7,4.192823270385666,47,42.51071539315228,5,12
34,144,7.623261581967899,21.207106839056213,1,83.80351549609976,72,83,19,1.0757747341389419,86,16.178169599672408,8,7
35,184,2.8755961625649844,46.49199269547213,1,70.45522597139265,21,76,1,4.990618104855295,27,10.614566907344468,5,6
36,117,2.1963523843718438,49.080040678660495,0,78.51236529881368,72,45,9,1.6636289969874822,81,27.857883184109102,2,18
37,196,6.74639906319222,79.96413060663188,0,83.09745165225473,86,72,18,3.758922107637665,68,23.197722768629234,4,8
38,283,3.877688758669254,62.27482384751635,0,89.01390927978187,10,34,13,4.586156943510747,13,44.01015876744392,2,15
39,271,1.5140544703339893,67.15094389275623,0,83.50155791661676,60,95,15,1.5605920144881924,11,5.901551882290532,7,7
40,208,2.238667609585252,99.82899122823368,0,80.13451129964692,79,57,3,4.587163496046797,45,13.629263004264413,7,15
41,177,1.0083647518296495,12.12120412965124,0,81.64296206032472,17,48,10,1.8926671063769014,58,37.83814828141672,3,9
42,212,9.129012646102366,26.185933235704635,0,77.268799876014,77,56,9,4.893859500728253,69,5.654345603888294,7,19
43,234,1.2215618545711473,43.75011405029695,1,97.73482848322159,14,30,13,1.7656700917121357,6,16.71745628706331,1,17
44,134,2.8851019255855994,38.03932828964428,1,85.65229677372744,98,39,16,4.790461211410259,8,19.970614308645175,1,12
45,238,4.746365026191166,7.056328327963441,1,70.4022836161637,95,40,3,0.7409509290170371,82,31.50709603157181,9,14
46,208,4.209141933557372,13.718872614761704,1,70.5833877525864,48,35,15,3.6917240525141586,36,8.748499640248864,6,12
47,132,9.20553289221498,69.69056268333973,0,99.18884904856125,32,31,17,2.894500102266517,6,43.169620027135764,5,15
48,144,1.362600511610879,88.53582401944327,0,76.64352674119735,77,30,14,2.650446847052288,68,22.92956953784744,6,11
49,230,5.609932369093464,53.85156607026787,0,94.16824866442944,61,10,7,1.50572441415128,18,45.93406388214727,6,12
50,81,7.124315162719366,56.22315255379513,0,71.74825904681724,13,46,16,3.675181053994214,24,23.92562576806265,1,17
51,115,9.38528176313052,29.233876119076044,0,97.63488210083648,56,86,8,1.358642711508382,93,14.476972688095934,5,17
52,236,6.58334126911349,77.94825454520257,1,96.23251011000035,30,94,4,2.9877880819314573,53,7.949612605696069,9,9
53,165,8.233797124105864,76.42048579988935,0,87.13279487303544,65,55,15,1.6396041336811287,12,1.183509640852956,4,14
54,187,1.7535244406081356,60.89474047567738,1,70.26995971849767,75,18,5,4.8002962090161025,96,27.075716764256946,3,14
55,179,4.473455598432347,25.20310721857757,0,77.73432622070013,68,26,13,0.6288403722604377,67,6.250678149419247,1,15
56,243,4.365524210311607,14.216730732523498,1,82.20467942195395,16,56,6,1.3987772605005646,50,20.194660417927732,2,16
57,109,8.97659394810146,11.10266470642696,0,83.80192350242686,58,94,5,1.5903977287435147,25,29.87431630061725,3,15
58,265,2.3623405413694742,61.306126331073386,1,78.93036275687116,25,68,17,2.363305215955174,91,14.508608948232315,4,17
59,66,2.3669755510296726,83.37835531856601,0,70.9884360473659,26,63,7,1.5472860884152408,36,9.585990325939648,7,10
60,145,3.957023348972186,86.54139101918786,0,87.70382217779627,93,95,6,2.7110709062095335,12,38.96135950785774,6,12
61,193,1.4901944263015383,49.044097062627735,0,85.72464003084268,96,21,2,4.426094854663425,99,47.39276744179941,8,19
62,65,2.6421223658724102,79.5057734341381,0,78.49001906287234,84,73,11,3.7042853963412687,20,5.921580475236334,9,17
63,95,9.686886746911616,94.95361865239724,1,71.1392790270882,43,15,7,3.1098289124079996,44,8.623925894865385,6,5
64,216,4.853655458804555,31.141160686366458,0,99.83782561665821,42,62,8,0.9005143009220584,31,48.04062020538321,7,10
65,294,6.688172875801928,42.80623290617193,1,84.45958560479218,35,25,5,3.6229644877517404,22,2.8514268688000675,4,10
66,208,7.535001334101732,93.49050429668466,0,92.68012725322231,75,99,18,1.2488642793992293,39,48.90398449097314,2,19
67,156,4.302652663064804,37.13194189514206,1,83.56942105154006,72,14,16,4.038653236827641,56,1.2275796711644498,9,15
68,137,2.3250436696946526,91.81824758057064,0,71.29510872588824,96,82,14,1.6252554132956893,19,43.80976412691523,9,17
69,178,2.8592291459960273,98.19926191417424,0,79.28802235256501,50,55,12,2.376719277444054,67,16.058933868399727,4,9
70,188,3.819398289225493,67.87201921457034,1,79.60330423017703,95,23,17,2.077115910430676,57,46.99085405068753,3,8
71,168,6.724615783170031,82.60457750289599,0,95.15058712147048,67,53,5,4.364662616036855,95,16.530319143143686,6,5
72,134,4.58452494180149,76.2068286010031,0,89.62689933999623,88,72,14,1.0694500642103366,85,33.06100975516874,3,15
73,53,1.0613322811011532,71.45575447347476,1,78.26289710918418,19,61,6,3.0454019707315485,70,4.921595918530896,1,14
74,120,5.710664665607247,34.158451933217094,0,99.03219863977259,24,35,15,1.13927724249378,35,12.874160761233211,4,15
75,203,9.29362052716676,10.423962101254652,1,79.64625497193614,51,62,7,3.67158126259484,65,38.910287977483286,1,12
76,160,8.308698499078112,37.589914589366806,0,99.94702077486161,66,38,14,4.572851575075165,68,26.905606830262165,2,10
77,99,8.42690234133668,68.35891859437112,1,99.8849107951079,96,28,18,2.4557344424026404,38,46.47048402756519,3,7
78,189,8.155522158455181,14.740273831641131,1,75.73631553240226,26,56,1,2.6964151711923914,59,22.00881900872636,8,16
79,144,3.913577430493813,6.1322083829329985,1,79.38223348565201,69,17,6,4.6734027641724305,63,43.620805924882234,4,7
80,258,7.886744503789528,18.270775397279174,1,84.58132595453962,18,32,3,2.844461248922107,7,22.99881643643364,4,16
81,274,2.288452220300737,72.99491300902555,0,89.92302013443673,45,44,5,2.6941929712230244,21,48.983165656397276,9,10
82,252,6.919445325483582,97.41540165736218,0,85.84142347011398,82,62,12,3.1024809621693685,82,48.03188468854496,7,16
83,141,6.77411710016495,98.39114646340795,1,99.0832440739677,89,67,11,3.6015338136332837,82,17.127698572247937,2,19
84,273,1.2301281918076121,51.92801916831785,0,91.71967492707074,45,14,13,0.9809751878916413,50,44.41025985042336,3,11
85,114,8.091731202318385,87.588468594273,0,76.36134548148924,57,25,16,4.194997374836822,42,42.53295733656681,4,12
86,96,9.129232945856176,74.99851329639289,0,73.15292650640914,60,26,18,2.4597726235396666,39,11.323339469050579,4,9
87,269,3.406737506248969,52.59882251353733,1,90.6520387212807,79,41,17,0.8255682945386849,5,31.590229638380215,8,14
88,230,8.311516517675358,59.41225063073325,0,74.7535732054229,83,61,17,4.03782201139196,33,4.561433463900928,6,10
89,155,1.741653746757534,18.03657892860275,0,93.63030521007262,89,29,11,2.1962748725882246,8,41.99882530858962,3,16
90,248,6.399710724349594,94.07783875857625,1,79.33110001781012,77,75,10,0.9516537279277427,65,9.55274829167133,9,5
91,179,5.370821788008494,38.43332821951879,0,79.8067978916682,31,93,16,3.3520056779446277,21,4.469920367902461,8,10
92,155,5.913311799781,47.3841793634311,1,70.32395177168536,86,91,2,4.460591090451388,32,20.61073568140175,9,13
93,73,9.335846816959105,68.80772194480038,1,91.03033801285122,89,10,17,4.494890792362939,54,29.26918479138253,5,14
94,53,8.841837225221681,36.72073479502262,1,73.39809259194057,15,67,10,4.809485636640379,94,42.89093096942878,3,8
95,157,8.065752915157812,29.1546202939484,0,93.18641732390554,35,92,13,4.404674568950096,12,48.73788375056509,4,18
96,68,3.463286119105339,64.94969236067095,0,84.75603465751621,84,53,12,0.5096341370546384,38,22.53513311592332,5,18
97,203,9.206367658174825,7.373487816775698,1,93.52839444863707,97,15,15,2.211085248860256,63,3.9618992262782404,9,14
98,252,1.8775692321748774,73.46888564253449,1,87.51779617593223,12,59,7,4.183441609574764,22,37.70666337226766,9,17
99,89,8.67996294902909,53.832220138268426,1,72.47299816056972,61,81,13,2.148138526993134,99,28.693489554972935,3,5
100,99,3.9534406511824702,62.54660439948877,1,92.96957010115548,83,97,12,3.2069682787086777,63,22.946675897378693,7,18
101,220,1.4839508049578503,65.02861512845408,1,72.09398454684249,69,29,12,3.228426263185394,31,16.154175060817295,6,15
102,124,7.0242128581667345,55.069764866793555,1,84.36105161707997,72,23,2,2.1426138681747036,20,25.617527864333248,4,13
103,286,3.081519354843599,60.34070885686992,0,75.1704764243489,74,14,5,4.570132672765794,14,17.595300618394514,5,8
104,244,3.192140132781687,69.95987908453809,1,92.57005533933655,61,50,2,2.7645275542375294,80,38.093581519620656,2,6
105,61,3.7544244960589435,76.54629048206904,1,97.34773683418379,99,49,13,2.5915289267187536,26,27.650791128139414,7,5
106,244,1.5731629075226505,74.10797717218145,1,86.62378490074823,85,43,3,4.988811855478532,20,43.96554093355149,4,7
107,283,2.594144297784286,87.61356348456486,0,85.81441882897542,23,89,11,2.720751638326775,16,27.63365181782266,2,11
108,76,1.0462566482700426,22.997126150903263,0,92.91889588976854,98,54,16,1.3027921336786148,79,12.674858253656572,6,15
109,162,5.008685689952081,43.109057101720765,0,70.15236438927181,81,80,1,2.8088124028854713,88,42.70350222937508,2,14
110,231,1.7582983967617416,95.04062627137343,0,97.53275927905483,77,89,19,4.1630753098396855,55,28.303733201572154,2,6
111,243,7.143873445397791,42.676104566701326,1,75.92346451273396,37,80,11,3.9958714710422667,5,11.135210869034502,7,19
112,98,3.1206056607248356,16.86265730606265,0,99.52356651478712,80,36,9,4.04861794298812,31,31.551882687854885,1,13
113,193,9.492167296316595,54.91728700440706,1,92.08761843881386,19,87,14,3.686107027990603,71,18.52812148217895,7,16
114,179,8.841264646587874,15.401642392673905,1,93.22753443102013,66,87,9,1.643980230800097,16,42.375875002311226,5,17
115,109,3.6049680547138743,24.271057679147194,1,89.6860894112082,75,53,7,4.379378386281042,34,23.2116871936806,1,15
116,231,8.048939091910109,99.84028187424089,1,84.14989548355481,99,42,16,4.520495594193193,13,36.59562654726342,6,6
117,79,8.229204141983256,56.429450647632535,1,87.14883080083496,59,42,3,1.3736871347834707,57,5.681274174175621,7,9
118,133,9.879068027029694,31.985546958840757,1,71.39208658045376,23,53,19,1.0870503644812726,65,20.405192968814962,1,12
119,215,6.380559881611164,99.50362068452108,0,88.71878528296043,25,29,4,4.8902223586510045,58,49.178830387147535,9,17
120,77,1.7376916117929597,96.8230972627386,0,88.7829430596114,63,45,7,4.407457836426655,41,40.61455418438027,7,17
121,74,6.821535060337428,46.870208903005036,0,96.73602392205429,52,16,12,4.51956266244476,69,8.837099315979504,1,16
122,145,6.624817735384317,29.738295334851298,0,85.16969072290658,51,41,18,4.4886937308097785,46,14.6104384243855,3,14
123,174,6.745155196783886,84.64796561875805,0,72.31433122258183,90,76,5,2.937590708151778,53,17.160974633961693,5,12
124,59,3.7643108329379036,72.98396811231964,1,79.18587761446244,31,48,10,3.4088078149960985,8,32.86791246427684,4,7
125,237,8.737116265722996,70.25943632533348,0,89.66888236342953,77,33,12,2.9541328346013875,68,38.09274321499312,2,6
126,91,9.635249646598707,89.8458054256349,0,77.17776588254392,28,95,8,0.7304285713564809,83,37.72680383158758,1,13
127,89,2.959412616803364,70.49462771777584,0,78.41583465566202,75,79,19,3.854763884087477,55,25.983828759013736,4,7
128,274,1.7933694232298,31.96080458894717,1,94.61407049082561,48,97,15,2.773994150011461,95,40.73020635406941,7,12
129,126,2.7508152985163568,70.91700037819457,1,87.52959195288128,82,96,1,3.414690836556034,76,22.416826055116278,4,6
130,297,8.38496925330147,34.05228357194808,1,85.25582295320717,28,63,3,2.761879122389909,64,7.070147699482534,9,7
131,154,7.089801713378628,77.12770306741453,0,79.55355900417413,25,47,18,2.713150950451052,91,28.65765024103685,8,5
132,167,6.7244260810521395,63.87604617669877,0,91.927841077991,63,83,18,1.2730509926499507,83,47.662767845454226,8,18
133,91,4.6161382159848205,12.354097438551305,0,78.63155303470089,34,89,2,1.7542117181351702,95,39.856688918233054,5,15
134,96,6.200451743602922,53.719359431338496,0,92.11190552932526,27,84,5,1.2148371137478011,35,29.356331736919877,1,10
135,214,3.7708671274693066,37.61359207359539,0,72.10304440802327,32,41,1,1.380498330314041,76,32.69347735710575,9,17
136,295,5.294800714761651,36.21421010956796,1,95.93624024746251,94,54,10,4.878398211891372,98,46.59753932474306,2,11
137,257,8.137567255335902,62.214348725839436,0,84.98699390127798,20,70,10,1.189010505974893,62,21.988796927313064,6,8
138,286,9.83117437709916,35.62085832459536,1,83.1552405009691,48,79,5,1.7117169093734343,86,17.23831280818923,5,5
139,71,9.392400312308217,78.80490607946291,0,88.33070234625774,77,97,18,3.1576534598236323,8,48.884836685022,8,7
140,234,9.404793485616239,11.725186421061572,1,88.72576218688812,34,62,15,3.2458035930648883,26,43.30871354200634,3,13
141,261,4.620013613624011,67.73688397760341,1,73.96105530669986,72,60,8,1.1928835838472307,7,16.829135646311517,6,9
142,291,5.219108924561119,81.87350634739042,1,92.6870076944864,39,85,17,4.071728416033455,83,23.725249270685218,6,10
143,156,7.3507185673208335,68.91901054244086,1,78.27784893850189,54,65,12,4.033412905607713,51,21.338828321382152,3,8
144,76,9.299727352461558,52.2367735268996,0,97.14885640509742,99,36,12,1.56792966891751,42,8.30568825490026,7,5
145,90,2.277948334168762,95.27916630493722,0,94.53551990244497,70,47,1,1.798998362039572,37,47.9331468668497,4,18
146,129,3.738176774444762,33.49415653081604,0,80.38798124604246,60,71,4,4.720945394567736,82,20.81130912976818,5,9
147,211,2.2532216013469855,6.820949314872889,1,94.23217879602143,18,27,8,4.215521506907651,52,43.89112504925749,9,9
148,209,6.508076769635098,46.038990289026884,0,80.69171497899713,85,73,1,3.6400866487813572,69,10.278455156352589,6,9
149,267,3.756708971987838,8.13613391053109,0,73.02843044908121,11,86,15,0.8700494967977024,30,27.845669721223768,4,19
150,138,3.934970672613161,95.62399149000883,0,98.85664716177124,14,39,18,2.382188364061591,12,2.174107871089221,8,10
151,115,1.638243635391813,24.942214346064894,0,89.5780604564632,71,58,1,3.0168584243457217,54,38.44680370827312,9,15
152,61,4.148164556268327,79.94806727514356,1,83.68298579987776,78,50,11,1.3433507959269961,84,29.46478101406764,5,6
153,217,8.762468566614269,78.58434790156467,1,81.93320054593119,61,22,2,2.5170196194870105,42,31.653889590017883,2,5
154,122,3.0976553070175146,25.684245469878686,0,79.74116002774792,95,43,1,3.2046164486991047,14,3.5343232451780193,6,19
155,125,7.256687195890591,64.01652039561588,0,99.44342786287388,14,34,12,1.9731950605192965,46,11.340878180222155,8,6
156,139,6.666655104447334,9.56750200621277,0,74.04241795392723,68,75,16,4.014251685277192,41,4.642212745325428,5,17
157,250,8.771361475322038,50.93958564186741,1,79.44415176761704,77,27,10,4.282023117374624,30,15.156801474386777,1,14
158,59,2.1905915288593443,6.39147709088624,1,84.56492920847991,18,14,18,1.9562426124533183,96,31.7445113764254,8,10
159,145,9.798309643105389,92.50866861717998,1,84.33998635162934,31,28,15,4.273957195216058,16,28.743113231551387,9,9
160,298,6.24365781436329,97.72817229895931,0,84.14099453223531,36,51,17,0.9660945474635676,88,30.995341259056122,1,19
161,275,9.95926737112133,26.1168628306656,1,75.27351447491145,19,27,10,4.269780943801953,53,27.91331229751682,8,9
162,225,9.203632532792657,24.770073286655414,1,74.34797581328502,89,41,3,1.1873769425042746,18,14.378410988117109,2,16
163,69,2.993655449017952,76.60341677340232,1,77.6430275898586,70,30,16,0.8731721862937671,50,12.980867369876837,4,16
164,88,1.505458089129818,29.071042888786774,1,97.43578461406167,60,19,6,3.3879893199845506,39,7.715924493292482,2,19
165,109,3.300751844158254,90.03227312037528,1,73.39158903503531,19,46,3,2.6237181458988243,33,42.60447287027111,2,10
166,115,5.748072840994779,59.523267931683314,0,92.72275310119974,15,58,9,4.585507701857748,16,31.20748856852098,3,18
167,114,2.54436730358671,38.323874185979655,0,92.72645179400114,71,95,11,2.1343513824088216,86,10.139039612698928,8,14
168,228,2.5071377006618967,84.10590590319491,0,94.29311211691787,14,22,13,1.7921851854693291,48,9.683259611240736,4,11
169,173,5.163341923946378,51.87363653927254,0,96.59846466968067,79,64,18,2.7533070776488926,70,43.778744474780694,7,13
170,213,1.2994117405242258,91.60512680230518,1,77.89108532616791,72,26,4,2.551757835958976,6,37.393812324402646,3,11
171,201,2.0969927427904342,93.16135248929119,0,76.73678407806689,65,18,8,2.049926207977347,63,33.3105549153632,3,6
172,295,4.742752054671528,20.714914452198887,0,83.9651699958244,68,97,13,3.6218358441424785,21,20.93634126942569,2,10
173,204,1.5681691828716982,5.220723582533376,0,77.95267506256108,72,53,10,3.9180282526125874,14,13.836802649647359,6,13
174,179,4.5707955080997635,98.47343931352822,1,92.02929966949323,98,87,2,4.338427860635615,22,48.993087392528366,6,11
175,208,5.266056393536005,91.08306593211054,0,89.07818730224301,68,55,8,4.877854721196543,26,40.06473917611721,1,6
176,106,5.06139952665803,10.267297391864934,1,96.24963064157954,60,17,6,1.69995286459627,87,15.787181933677548,7,7
177,127,8.822573716627787,84.13825507440164,1,72.48214910461215,59,46,16,3.722420671204827,62,42.53067501764624,4,12
178,243,5.770562095465592,48.49146859312463,1,97.45250000074225,13,28,18,2.2741620597308536,57,38.18766548211939,3,15
179,78,5.21182416230239,29.601352477372647,0,78.80045880010269,57,72,17,3.5468688737799865,5,15.55694694402192,8,13
180,64,4.6963832085249955,88.48091974930834,1,84.72083037780952,41,55,6,2.6419176065714916,92,21.901089857840343,2,8
181,61,8.358610404740375,23.68338707707919,0,83.15834307818932,60,80,13,4.971978962455692,65,10.111718824160306,9,13
182,150,9.055509435998498,94.99349994490636,0,92.80934953313272,61,35,14,3.7800596110583746,93,6.441569774527358,8,6
183,205,8.679182222774058,24.534041331437404,0,82.60999928295527,83,55,10,4.78621085195446,35,36.41533960914514,8,17
184,133,7.0619192031825175,63.299902834230636,1,98.30659436948228,43,55,11,4.2573629726653355,35,14.108081010339465,3,15
185,174,2.236255713718068,26.19320178025261,1,97.07601647915726,45,84,13,4.56305455023517,70,41.18290892156643,4,9
186,152,3.4918297254281105,56.8385231720203,0,96.1648345590852,79,23,12,4.164886387466037,23,49.78482686420688,2,15
187,73,1.414567573137797,69.97763734193842,1,72.13774997944684,52,94,9,2.5662160866916013,57,4.754370882552784,2,6
188,198,9.377416674911027,23.07165342791307,1,95.62774184661819,25,72,4,1.6330480400609797,80,24.178721129101312,4,15
189,187,6.947186767218193,54.48414935656452,1,93.44906336329632,68,81,7,2.16644078952735,78,40.30106540622935,6,5
190,159,7.717265958819174,49.5606757170613,0,73.10538841018393,62,12,2,0.5910630468797771,99,39.65859393052044,5,17
191,127,3.8041456562400606,11.748555033317418,1,73.22242976308665,28,37,7,2.857969253591002,26,38.23986075821745,1,18
192,150,8.610881700496082,82.73924267915378,1,73.03491434552623,98,38,9,2.7727601012168392,27,18.100751829793637,1,9
193,195,3.3364295533763064,36.88982806106996,0,70.33997779613463,50,96,5,2.863627091737197,91,23.238809528567565,6,6
194,265,1.0147938140120472,59.58530876742856,1,86.4590291558375,90,27,15,4.883140512374287,19,30.15344950973204,3,18
195,191,4.3877346626862455,53.90450231864777,0,99.2018287430813,56,44,18,4.601543015546777,30,48.7230885950896,3,17
196,211,6.136853328631661,53.75974793419201,1,83.1605410869938,63,86,4,1.227707502485486,7,17.049816275986153,7,11
197,177,5.3083437216897025,15.186127449806307,1,86.22272505662069,64,85,19,2.1599713470015014,91,46.23405049812603,1,12
198,107,8.758685283189372,45.23079087868661,1,99.03909390309866,28,56,7,2.4078028075846785,24,14.198488990844211,1,6
199,125,1.9486475736055024,47.97484212462417,1,77.65546686322692,71,14,8,2.1223981303324146,44,49.46464880821153,3,11
200,199,5.98441096570353,74.6960698346226,1,95.75410757794789,68,84,17,4.093231836217608,43,33.842920654551996,8,8
201,297,5.616814148388167,84.80178903246636,1,86.39171401635208,74,68,13,2.8581695144041412,76,23.712062537568997,1,5
202,247,3.532536839549467,56.77331641950171,0,87.08429543989033,77,84,11,3.0744491763723127,22,31.056130975116638,4,15
203,85,8.400053013193094,13.244380636174096,1,80.29521571621851,37,68,1,4.338561015445665,45,14.354027282970133,9,19
204,222,7.775637902939857,27.500699706671895,1,86.84753082900724,27,56,2,4.126676690369114,74,14.434519018061865,4,7
205,213,7.595732685986479,20.66873255100945,1,72.19427528434852,35,22,17,1.0949518526913486,31,6.564172648331198,8,15
206,71,8.885732304426003,16.83843100296685,0,92.93930717842336,28,87,5,3.712615628376354,19,6.588464587564539,7,16
207,255,7.505061405593691,39.76043336869172,0,78.54063284632815,64,98,6,2.45946258005916,41,18.035915331976657,3,5
208,176,3.086571625432538,26.792382704666295,0,96.62824988481864,66,42,7,1.825920063781252,62,38.37991841692221,7,9
209,129,7.3500644048472195,25.73879562209367,1,81.03552083822376,15,71,15,0.7250846940598386,9,30.790587212309962,7,19
210,238,3.7693253205085946,10.195851584745427,1,74.28472331460648,10,88,19,2.6926230215545295,77,6.02664345622002,3,17
211,149,3.179571853127235,6.678654255566219,0,90.87644723105456,17,25,16,2.099465063260391,11,42.75958972381964,2,12
212,233,1.657032336096646,14.76298305172927,0,74.93734434140508,60,53,13,1.6318086785438037,45,30.467013722513254,9,5
213,266,7.69625722312909,21.35876054524514,0,92.61041546628971,94,67,5,3.626022783186309,88,48.081923262454204,1,18
214,145,7.3990086575483005,45.9434542405793,1,99.0433670921835,97,15,3,3.9626842429201417,14,33.83908790314917,7,13
215,210,3.1104952990668435,53.49942482339024,0,93.38658606385785,34,98,3,1.6015528356324116,66,9.583568321504869,4,7
216,222,7.744411150517403,18.35623222646973,1,70.67347745293974,56,24,19,0.7225134650570626,30,24.215384753083292,2,9
217,213,9.260567947841977,45.3544174447977,1,87.99657364158324,64,13,14,4.319387152543557,72,32.77638227981301,2,13
218,197,1.9722606174242134,37.46614002096309,1,90.86232012909173,73,65,16,0.5448188354193649,28,2.384970351448907,8,9
219,67,3.0937297454809745,22.425246132305823,0,94.76374977388855,92,73,17,4.717006222646624,82,1.7306029435855868,7,13
220,87,7.75234714678584,5.649871074094538,1,71.68006926817,19,77,4,3.3242894329221766,45,7.340747029329828,7,14
221,244,3.4705600615637042,49.36669731956546,0,84.4032348385686,65,43,13,1.9483098584059413,69,13.331557317228068,5,12
222,200,6.621975768553451,70.13691618019394,0,86.06112617915183,21,65,8,1.609150593095313,21,22.0479070525131,8,11
223,273,1.7304780201734307,26.496346743661668,0,75.07374587932534,42,41,19,0.5405254891901385,28,24.884583214229632,2,15
224,158,5.069822311931849,17.52164884018454,0,79.67349429131949,80,18,5,1.559621376548947,31,7.763352837956942,2,5
225,172,7.651822797936577,89.26906072246138,1,83.20665178768496,26,72,2,1.119777356827135,11,33.99618737667571,5,8
226,193,7.178625487389272,31.12735338634079,1,94.99629063873405,70,81,15,3.2547479932541554,77,30.210765023130207,1,13
227,236,8.335648906082262,26.243198880303154,1,97.8822269821062,19,87,2,1.249455148672106,16,15.42874084321685,6,14
228,246,8.89706913942852,86.424209262942,1,88.85268486753019,40,42,11,2.8788342689147868,89,1.6693342883293085,4,12
229,245,7.958651511328824,82.62517442084233,0,81.84835558064387,69,96,13,3.1555239005501186,7,4.804747852311246,6,8
230,198,7.044289686450334,47.59291469984019,0,77.62093053396958,79,30,10,1.8411876425611153,83,20.193044000031133,7,16
231,153,1.2855024263442805,51.47769183563858,0,99.46405553308452,26,64,3,0.6577922705842342,89,8.544743207118511,3,5
232,292,5.814700060684997,25.686126959232087,0,99.49059994229076,59,85,5,0.6676424627638824,14,19.46416070125057,8,14
233,255,1.339279524233675,12.438658695557962,1,97.74930844705105,46,66,3,0.6185629948726292,37,31.7809476210074,7,8
234,280,8.272610354044204,59.4760234087878,0,93.57007449633457,91,11,6,3.826061002114458,50,27.814633966084894,1,19
235,272,3.886520720139618,14.342767551070247,1,79.77338631236854,71,22,13,1.9310436716643415,63,12.327618273732318,6,7
236,255,6.061864367061288,47.681081960881734,0,94.51001450492892,99,13,10,4.083350836854486,56,17.847302071678868,7,10
237,247,3.5150077658701235,94.34723385873602,0,82.26379051813518,89,93,19,2.4427977072928213,10,31.08752872398388,4,15
238,189,8.042501299422643,95.51926697120551,0,79.80319294465136,81,59,8,2.5384914537348373,6,43.18189637412899,2,9
239,193,8.978522739777123,27.736567221999067,0,92.34596075398838,97,57,18,2.807971711293082,33,37.90745849820499,9,9
240,130,4.587782447917576,64.29077490433717,1,72.38961782861269,86,87,3,3.7086415536879676,44,28.116601314837332,7,6
241,286,8.766301541598901,50.03724509024647,1,71.45688169886985,38,39,17,1.7307628962336818,65,18.752356917507825,1,16
242,136,3.4036750671069917,88.19008712068006,1,83.43861091543556,41,38,8,1.047143072900871,72,18.887512599548465,8,7
243,191,5.811948307679715,30.785932106225058,1,83.36916402466485,97,17,10,3.0022580083615766,72,44.091448202955405,3,15
244,110,8.728852868548335,5.3517286490796,0,96.86932459191505,89,21,2,1.9713993045923268,33,2.9229352259867736,4,10
245,248,3.9329320835421133,20.443314563484435,0,73.7845928886345,20,50,12,2.491210911506168,66,49.411149576592784,5,6
246,95,9.586380385702771,38.20466611109281,1,73.69851782357239,15,35,6,3.411260187517874,64,33.55439513172655,1,19
247,81,2.0969155160324524,34.993507328196415,1,74.42357801424703,44,59,2,2.7235658351357177,88,34.375747254547136,6,8
248,64,1.164475627511556,80.17947731667417,0,70.89208783883808,42,11,3,3.291254676953793,45,2.8618940279323657,6,6
249,93,9.137218173203715,69.65326328318959,0,72.15195213444726,27,64,17,2.948900009511325,91,30.670934469672336,2,13
250,194,1.6178379953308502,33.45785036341524,1,89.79609600487117,46,65,7,3.829083673712446,86,24.754124944431904,6,7
251,218,9.927002763527426,48.48566263079027,1,82.94752987352527,22,23,5,3.67671477970229,93,6.183166437809283,8,14
252,103,9.562571757811956,14.078114876041846,1,92.90809201264041,83,15,1,2.9038545131387865,69,14.618178527698594,6,14
253,288,2.233188190326886,90.32391225790957,0,99.7779315574498,99,90,8,3.555063593868681,68,44.62540835446891,4,10
254,93,5.838261631233093,93.86535832261075,1,89.77104043297004,90,98,12,4.431018210226757,83,27.949432377431695,4,19
255,147,2.664282677204299,98.08133586118912,1,71.5136671186037,73,70,14,2.4452207950467586,67,21.257412183521527,9,5
256,54,4.853396557271079,87.51251892465459,1,73.13688594263024,10,21,16,2.3574338273695714,52,4.561425636199736,6,17
257,158,1.552826163338494,21.526284331141426,1,96.43012254444123,72,22,10,3.9391052938357105,24,35.99195484271298,8,15
258,76,3.0153212901693056,9.388665904154738,1,85.82487833674784,98,28,15,3.121492266688973,41,35.4396903464056,8,18
259,165,4.269455167590095,60.06168910420403,0,94.7451147818722,43,53,15,0.8195305110016484,68,31.088136741655614,7,19
260,136,4.947827502214493,91.69747755389548,1,95.69837008674779,19,98,10,4.514504070609866,95,26.00286966481181,3,19
261,153,9.79746632388004,21.848379357675572,0,97.83023624498557,93,68,7,0.6385239600693806,90,22.25543570816126,1,14
262,172,8.27079081115583,5.669076889293477,1,98.49487616459098,16,46,3,3.867783602943844,9,30.070283556411624,5,7
263,255,7.636689498807516,81.5221243730632,1,86.64477389509918,65,34,2,3.914573642169408,38,12.436377134691929,2,12
264,128,5.833371832677768,12.295590007239731,1,80.23060516768102,89,25,6,4.788999883768687,43,47.12169414470474,2,9
265,92,8.559979845439091,44.30207303145289,0,98.85594623043995,46,47,9,0.7436048378104434,71,29.850931929831248,7,12
266,146,4.0539055209014,69.49429703293458,0,86.42219218003676,38,52,10,3.185855873530209,85,16.24842977336445,3,19
267,294,7.380092014959844,27.49577061833711,0,71.92758168863833,21,96,4,2.4252825678217382,66,23.034312693372705,8,6
268,80,9.944055778403548,12.976443527439036,1,89.28329650179595,26,23,3,1.9878482968679392,92,40.47855465496772,9,11
269,148,3.8316601804167894,78.15201670330372,1,87.63054251185032,57,15,9,0.9064335213458287,28,8.919186975784575,8,13
270,66,7.066157813955706,64.86663306426894,0,96.87378618684119,93,98,17,3.0319435385208915,7,15.348945500552759,6,11
271,269,8.598833777371443,98.90659602624645,0,89.59561567473438,35,32,14,2.655683265535761,75,34.295893114091214,5,7
272,132,9.24226825015605,37.70926316539613,1,80.47157273384654,92,69,10,0.9704950616796092,93,16.45897111762897,3,11
273,159,7.461394218460916,10.867426697568972,0,98.98677177117462,21,21,13,3.2562027819368753,71,39.83258241121183,3,19
274,231,3.5524713107542265,74.7632533568531,1,94.04858457946101,30,22,12,3.820789041138223,83,7.3922208716906805,7,12
275,239,3.9365393641205184,54.56467479105834,0,88.91252855144063,51,15,1,3.952752354741417,97,38.371622352275814,5,18
276,264,1.1868222891156779,25.254373481967832,0,78.78775610209368,70,72,19,4.574179347180923,54,4.3492340276777455,6,5
277,81,7.847973799043587,79.26425395545215,0,81.20620888942886,67,47,19,2.3426183384994976,33,1.6170380207072443,6,17
278,217,1.3846564545575624,24.356771155744656,1,90.0990977228997,63,59,6,4.7888274587996165,78,45.012952422775946,9,17
279,190,8.781871191424711,29.762857209128974,1,72.15942455389965,43,61,13,4.394432322872087,36,29.485621629682633,1,7
280,261,2.0679455302708494,13.790212664838318,0,77.7004177495079,16,49,19,1.8342570696077256,91,18.239517957253764,8,9
281,84,2.546888609223318,42.94606650793117,1,91.41702800189793,44,17,13,1.2167736680725632,43,12.39713721122867,5,16
282,182,5.2887382374901355,44.7982762740548,1,84.40055529533862,24,70,4,2.4592522825760605,13,31.22740337977999,6,10
283,250,7.6409237365186815,53.88337008308835,1,82.07180694443291,74,17,2,2.30854418580185,18,25.94110699330017,6,7
284,78,2.2510198467916993,72.35160537675885,1,74.54372867201243,99,43,15,3.0907368739904193,72,49.58829100096927,1,19
285,119,4.960639675598486,91.07958822464045,0,83.25547103433198,34,88,12,3.125238045474866,68,49.17758334603354,3,8
286,202,5.345661469690943,18.08473939434182,1,93.12075912280702,68,69,7,3.8749414297098888,24,32.11620374093887,6,9
287,144,2.9105707750173218,10.16306934312242,1,77.9203853821568,88,66,18,2.794504766925246,32,22.700654799188634,9,19
288,71,2.0400253901256855,6.760467191461662,0,70.16195626551033,95,55,13,0.971701884233445,18,25.065907487598444,6,7
289,243,8.527788306870756,18.644030916537545,1,90.05514703452948,15,31,17,4.362311009988978,48,34.44147424560624,6,8
290,222,5.52219084786489,67.50520114925446,1,99.17879813297658,61,96,4,1.8939406243333419,81,5.977152667533687,1,9
291,118,1.1294311238573767,74.11032240966718,1,88.20479690765748,88,49,14,4.8708385713796645,99,17.089251616725193,9,6
292,268,8.226831711781934,79.7180427851716,0,73.5976557678139,97,54,13,1.0303704890589658,43,4.688339809176589,4,14
293,138,9.827144248731264,28.152280130912555,0,79.6219927703402,30,64,3,4.812130275046265,32,4.594677216329059,2,13
294,121,6.453335758728226,34.06000725984439,1,96.0292484416067,80,60,18,0.9095531309713264,68,10.596122852817453,1,14
295,296,5.533375483756637,50.89779132872245,1,76.97704222770486,41,95,14,1.5396626207617676,93,24.77740947506812,3,12
296,178,8.905742767404655,11.002394201721517,0,88.23087710492824,62,14,15,0.7096097393894372,36,39.453941736976674,3,16
297,261,9.572651107161388,63.05844470506838,0,82.08013624761993,68,22,3,3.6730091598754773,13,24.789298667127756,5,10
298,221,7.790832243122145,98.45482819919698,0,76.23531164258947,78,37,1,4.326344314573063,32,17.43835391748262,1,14
299,136,5.009076367608591,39.27659958091024,1,94.4022068069404,71,93,17,2.4533198681719117,99,5.035296526501149,7,15
300,145,6.329992593982964,76.52051013368147,1,92.28493829397071,13,89,3,4.678349337690934,21,27.96448063597335,1,7
301,124,7.308418285161993,52.50322197911276,0,89.84773197877796,95,71,14,3.156345822900198,91,14.292160737675662,4,15
302,216,2.7484621390162127,17.14212521423636,1,77.09009770806253,27,96,3,3.3350321095093545,81,31.131774717940225,6,6
303,288,5.024809289947942,60.3125576362457,1,72.9357100814935,90,33,13,4.304386407653464,59,48.8821992174885,1,11
304,103,8.468391382455565,33.48805550218617,1,87.28477989477898,65,16,15,1.835600922733275,14,6.454401752399958,7,12
305,137,6.892528136485987,8.268304803078532,1,86.61033500618299,33,47,18,2.094195745974316,84,11.394144537375055,7,14
306,252,4.700836604906687,65.31832436118566,1,75.6515502800462,75,46,14,4.576783636375899,10,24.181632366869362,3,5
307,206,6.970262806132133,86.59857318584912,1,71.68740082945517,22,77,3,4.554335732174437,52,48.46207695195054,4,18
308,103,2.064001708652139,37.753127855488046,1,72.42125362581957,71,51,19,4.894172492903919,79,38.818679037229785,6,19
309,267,4.613478495083887,42.078076985213194,0,99.78312959538201,63,95,8,4.55827242398752,71,45.013230464978676,7,10
310,65,8.138156841667508,89.6470598818851,0,93.5075168422865,24,14,4,1.073174162150124,96,17.35202757531385,4,11
311,148,2.984579084229832,82.29283726989881,0,97.65962427895518,78,73,4,4.206759287616443,45,49.60988521515113,9,19
312,69,2.6736535680167592,72.92051823741883,0,75.8516416670909,12,59,19,2.3442731514931734,83,6.038807987143713,9,17
313,95,9.557367939247882,28.635721056549052,0,98.81705608970304,46,96,11,4.95860610175672,64,3.5956723962589408,9,13
314,244,2.8890786662760766,91.47058222183122,0,74.27963054419486,46,24,1,2.625264339479605,81,42.92452872564738,6,16
315,242,3.3482672168515126,19.669496966225232,0,85.27245485699413,12,82,8,2.9922623712599927,46,46.435978640142324,2,7
316,176,9.726543450139042,64.54319934463607,0,94.89087053251191,72,62,15,2.883987118655593,85,5.438682519758986,2,6
317,107,7.612377132385231,7.736112151919277,0,80.49410063534738,44,34,1,1.94781663436225,75,6.557943910546234,4,9
318,230,7.296368797211754,66.15338160086986,1,82.74485599530702,61,98,7,0.8375994000181317,32,2.6255337300329167,9,17
319,160,8.676337454691232,31.328713427969184,1,73.84555330897294,96,94,11,4.530430536808633,17,6.120870569493481,3,19
320,178,2.0424077401311482,47.719312832453404,0,73.68765639996919,37,18,14,4.11204115636829,85,11.261571023213763,6,14
321,130,7.353606129220065,37.80013244542004,1,88.58704674335979,27,47,16,1.1278705125185118,19,48.53375432659005,2,5
322,243,5.53319748395415,21.41189184338994,1,90.2659710586017,45,31,14,3.995457221075328,40,33.72515088974434,1,17
323,206,8.462355762557259,64.08817505891804,0,93.3199754224658,42,96,12,3.316309997227745,96,39.149098250408564,5,10
324,133,5.573275467986749,88.7876777383577,0,86.70046158045261,73,58,17,2.3411470456293,19,39.030830780884585,8,13
325,119,6.582172188420209,96.11300301682833,0,89.37277876783918,35,77,14,1.6430951709300323,79,27.218613739181517,2,14
326,57,5.299679137595824,23.27290449962193,1,70.4055181509916,57,24,10,4.368779525760046,60,40.07695990793784,9,19
327,78,5.303430312002597,73.15041353598247,1,74.86512181411564,49,74,14,3.6508471668232385,99,30.194569087108512,8,13
328,161,7.911729802556484,68.11223982753981,0,99.54744298050714,26,63,18,2.9648295926111157,8,16.412758782564524,3,11
329,228,6.657097605825549,37.62089000958439,1,72.27980518947496,49,39,9,3.2430584025430886,56,28.494395329651635,1,18
330,210,6.699368814484694,6.814423938603955,1,90.36364666780734,16,29,17,0.9097978193698144,95,27.14192072059116,4,15
331,180,5.052542354483732,70.53016849472228,1,75.28247899095149,66,42,6,2.632638924100364,14,41.34919963420671,8,11
332,237,5.779985467037748,94.82201175315251,0,91.50155757302926,17,95,8,1.371651317535659,98,49.10463365170129,3,19
333,212,7.711458995843086,65.05141158198688,1,91.1797120888598,65,86,13,1.4377265555397143,49,21.141085705625596,2,12
334,246,8.433468272007264,46.35280879782524,1,77.02597179364271,40,16,18,3.4758678302909,88,38.40614324362662,7,14
335,268,7.269052619296415,54.889619940604696,1,78.08903197657612,68,17,5,4.600652683254296,33,5.888387197868544,4,18
336,157,9.316656899611148,23.964736727692166,1,89.64312140806265,67,37,6,2.3169047471525595,57,39.06473710296614,6,6
337,253,8.382916793324808,76.30169555660507,1,81.7025811634064,21,54,19,1.4348717285548567,33,19.199428687668373,5,18
338,261,6.056774108285666,75.90988385093566,1,75.83643909099735,57,82,4,3.419361217564944,27,2.9301179815946465,2,10
339,158,7.042654653793631,18.82414353680537,1,91.95038796362445,40,98,7,4.42034170857643,61,18.799062749546685,2,9
340,69,9.336774492290765,88.40794633746762,0,74.62442573009002,92,89,4,3.8674346050512085,54,30.921494795160594,9,9
341,122,6.572512398187525,30.573025249964,0,95.6693099243484,72,83,11,4.409407537414642,25,6.843258216391861,2,17
342,216,8.423262531818477,98.31432578897841,1,85.44008572155482,83,20,12,2.914496019548597,47,46.27769012908247,8,7
343,53,7.199294532309883,41.37578633353835,0,73.17101811637902,48,40,14,3.883443099661359,14,4.805948250369091,8,7
344,292,5.9674272495441985,21.898985579777467,1,90.82217000592954,85,21,13,1.1302905171152142,80,46.570329271825145,1,10
345,295,3.176543758738178,38.41341057783697,1,85.57489118723622,29,87,10,2.0672357691343617,34,35.64973837884864,1,16
346,68,4.833977675215853,46.81713122623335,1,78.94172715384428,57,60,18,2.252971240166851,55,17.155896595295978,4,14
347,151,9.70968542350344,11.584238438638009,0,82.67618140671564,80,53,16,2.8008308581071555,37,20.14676703774557,2,17
348,268,6.9198884494534,59.930746216212505,1,78.95013230762495,63,59,5,4.680843621155707,22,37.29965887190446,1,14
349,222,6.079558423050907,61.77508178754553,1,77.89077507228352,87,26,8,4.434334520999784,82,30.47208394317916,9,11
350,220,9.396609629754046,75.19839325819986,0,74.90825262531136,84,44,14,1.1053647153013304,26,33.91050315129232,3,18
351,190,6.2786060293370385,7.771139767620613,0,80.88301399412427,80,10,5,1.2775534334710845,68,20.06906620916052,1,5
352,190,5.7347426657566265,56.41763037121386,1,77.52961618948213,38,38,8,2.109382473150101,25,24.90286060857235,2,18
353,237,7.833797696351847,10.026206160713116,0,90.50303461161751,83,60,6,1.8083473965080326,5,49.50350671785677,8,7
354,234,7.4139905708789,71.60870089683208,0,90.51630223489919,82,73,16,3.2664692892031804,19,11.482220654486166,5,16
355,135,2.7384400756758946,10.294158641593524,1,85.05520727666915,57,13,4,4.562492214940452,40,21.47495313958444,7,5
356,269,5.241774471167091,91.6141455924551,1,93.33833582410963,83,96,12,4.83031193752664,51,15.299336191124398,6,14
357,101,5.252638985376267,71.69784385402717,1,95.24019157018145,92,37,11,3.4412132864085194,58,38.49046401155264,1,7
358,160,4.4040206371901025,53.20202768308992,0,87.3929937230282,65,25,3,4.27171640630489,90,38.436618657620315,6,9
359,230,5.655641339370278,46.94287271171162,0,88.56805488290301,26,72,12,2.863409901038587,36,15.329827588872398,7,13
360,158,4.7179665795442975,17.413899889259927,0,78.48657729359095,18,85,5,1.4374712608701787,62,4.988125515016162,4,7
361,135,2.7941094052406483,32.64494200864299,1,96.8460760211656,43,62,6,2.861097854420648,50,1.5602011569379983,8,14
362,92,4.71129838547213,87.55111497698515,0,70.72618133267589,54,94,19,2.99787170646943,58,21.94507612888179,8,18
363,260,1.6504925281585894,90.92301709843692,0,80.45807408328537,97,26,18,3.8410590389610046,37,21.106542122452773,7,14
364,249,6.182072764969704,5.071032295200451,1,91.65401264649569,18,49,16,1.489473453683071,43,49.43110405335329,2,13
365,293,8.682890940470006,61.44295719036737,1,72.40268529013484,16,22,11,2.1573967193902925,27,24.020301709186302,6,5
366,249,7.527583759190997,73.3335578573858,1,75.49508582284878,25,61,5,2.1381236114655486,47,13.564500109195611,6,10
367,91,4.243546360487001,63.7809633334726,0,87.67857183588553,28,67,9,4.817478180835242,59,44.670242610541905,7,13
368,139,1.7836408501957737,12.759577662303627,1,86.79981014390674,15,46,3,2.497752321470235,6,25.062329533025345,6,16
369,289,2.819344593027437,25.68386538589571,0,92.16784888392866,20,88,8,3.897922852841659,70,30.35960612531831,2,9
370,164,5.909413064453521,28.782325401231674,0,94.37837917264515,85,85,6,3.8786512161849758,42,5.6877668109824215,8,15
371,75,2.8635137504472956,84.01383997398352,1,73.85738735535007,70,70,4,1.6949488316145862,33,19.76290395915893,4,18
372,200,5.895758001564707,49.003946449347445,1,70.55142969325726,51,88,12,3.0734136021727947,71,47.26696004921555,9,14
373,92,3.0843912228750905,51.2486801344175,1,90.68915558976718,22,43,12,4.524363019933917,75,29.885763824595845,8,6
374,126,8.640314825284655,93.81483942267832,1,79.04175387299078,21,79,16,2.6383897375562726,40,17.88059090198062,3,9
375,205,4.575443255564137,65.52315944119798,1,88.77951741753861,94,26,10,4.753028783041457,33,31.657691850948062,3,5
376,186,3.2099556335004196,90.37343164750307,0,74.51633764186674,83,29,14,1.465062031958727,41,45.61014338932769,8,13
377,69,8.310935622223553,48.36834125744563,0,84.07120139997889,29,82,13,0.8337159759831383,91,14.425539423156913,2,14
378,233,4.085550683249057,19.196444559237953,0,85.13274238190311,59,68,9,4.511542429151372,49,25.750719205063046,9,17
379,260,2.0033891905490373,93.34388143703814,1,87.55233449119649,45,78,7,4.314565390829975,20,47.97584204167601,4,14
380,289,6.133685422632775,48.57698598841613,0,85.39510048991693,97,96,12,4.9666544417023015,35,9.44741102162418,6,13
381,88,6.234077839941898,22.254985078488076,1,84.87072310686142,78,42,5,3.5572706965059173,38,36.26353235423887,3,10
382,228,7.432261077121607,33.72759532887261,1,79.98202461951567,46,87,18,4.715095670002173,54,31.109569401946136,3,15
383,61,3.16197489887547,9.826246020449513,0,72.13540708954258,21,26,4,4.221270612878499,69,34.304081425891106,3,13
384,256,4.993942051830206,49.48855618835659,0,72.68560590390527,49,66,2,4.299918499040391,86,18.209761902710913,2,18
385,272,3.541311271383906,86.04717633147247,1,83.01334823221461,63,92,3,3.061137067044207,66,16.380089300704483,8,7
386,232,1.728583625041193,93.69014332063549,0,80.67379383462979,11,10,12,2.2206406906251988,47,34.52627385883015,9,19
387,255,8.889524443143024,93.59720971284615,1,85.48404414023493,59,22,3,4.7055113264447685,60,11.561620970122721,8,8
388,60,7.5598282403950705,16.89685243473094,0,79.14514507768801,50,36,4,2.444527290271525,19,21.56308249809125,3,17
389,203,3.713167535129206,41.295118838550415,0,90.63730274365973,54,79,6,2.9246871526235108,52,10.220557656592982,7,10
390,91,6.394356935847877,7.681732166817105,0,95.91864466028531,18,68,12,2.507514382063345,53,1.4069372150431574,2,8
391,204,2.811374093210252,86.24070777228991,0,78.96589566360603,71,15,19,3.041682412820887,85,48.5328106418654,4,5
392,60,9.012129596161937,39.08179739202101,0,75.78952023817085,95,32,10,2.6172728554654725,48,22.153445954164532,6,11
393,87,2.034157090257193,64.9561176497623,1,73.48541722762268,56,19,1,0.7158540136076414,14,48.498131106571435,5,9
394,147,1.034534309570208,72.91535161734241,0,88.48762121712437,14,60,17,4.469216837034644,24,7.875852468623478,9,18
395,220,5.51807377965264,45.83524362559976,0,83.31567973421708,85,28,16,2.499772185120964,74,29.780972193416815,4,19
396,68,6.248150411075824,34.112021972273084,0,75.64047151588866,10,60,9,3.150246418283069,12,10.847727606770741,5,12
397,241,6.210687882662239,96.41022646101474,1,89.59410199875566,53,96,9,1.1263451124109416,49,39.71363222120046,4,13
398,183,1.4906073469404366,96.62638137726616,1,74.45449549015854,31,77,9,0.5152453159218762,38,39.40144644928779,8,9
399,223,3.826394262265892,32.496454962852084,1,86.62902117543858,47,93,12,1.6038054213963933,55,6.517750302926278,8,12
400,165,5.492790521571987,50.564384190723516,1,85.81445144875794,28,92,9,3.670637144600076,8,45.69115819094307,3,17
401,279,2.949212670645168,97.42019507270213,1,92.0268340355825,89,51,15,0.9463753855079537,43,10.536852712958007,1,5
402,162,8.853632969373066,5.4624987272728065,0,71.65328919822001,40,66,2,4.589993481739105,88,31.03588973787866,6,5
403,219,1.7839836051529063,44.20443359601918,0,96.63618795553991,76,77,11,1.4676015621028307,28,49.2960473842975,2,11
404,269,5.3864599750483855,14.543467219692001,0,91.08975178440458,96,47,11,1.420671264312991,92,44.237430203551824,2,19
405,114,7.222744517618368,53.37000672844725,1,76.48377995046286,51,71,8,1.3167858272967299,59,47.87163249949728,3,10
406,148,3.355759901210342,7.343645681346279,1,75.5021604582922,91,16,6,0.5629177083711414,30,17.787339789687852,8,9
407,281,6.618166632977664,43.655350982109645,0,82.94980642431351,35,80,7,3.9731246081520557,29,6.173206468753705,3,18
408,121,8.46446635128137,25.966412104606835,1,94.5269598863379,22,59,3,4.4376553906036635,40,10.228996791183055,7,19
409,236,2.713032775855428,55.66429443358037,1,95.28849979417322,67,61,8,3.2637321617728947,75,25.52424985875408,9,9
410,101,9.254985326423766,99.61939666456647,1,85.61368276418149,27,35,18,1.3468999175593803,78,39.86825423539278,8,18
411,167,5.9820267939612215,81.05092998704103,0,95.82432588060212,76,35,17,1.783750986233959,62,8.357528565009886,1,13
412,224,3.6930880387095453,85.33599870432003,0,70.16331127575071,96,28,11,2.641670138142335,16,33.3268450807771,7,5
413,169,4.877724478440436,65.35017379911268,1,71.05523894594789,12,18,2,4.794556782304854,5,16.85530259793608,7,12
414,56,3.8097269540774916,8.948185585864563,1,97.35464780910229,64,70,19,1.6130811731798427,54,17.71890154721552,8,6
415,60,7.526000439399845,24.645779224193692,1,93.25995789657748,98,29,7,3.792406567639496,29,33.43396877773839,5,11
416,152,8.166705970736189,92.88113286247022,1,83.52118174751158,67,59,18,2.477517004818141,84,23.882971557127792,9,10
417,110,8.49643653086795,39.78074620323137,0,92.60830394433961,72,89,8,1.840313067620098,9,40.7896313582737,9,14
418,117,9.87191424627167,14.84548901567558,1,98.66918385170266,61,90,14,2.551621716599512,87,8.640006973478526,8,6
419,202,8.121558632470151,71.72850975728919,0,93.16268571643855,98,31,7,0.8204302289355464,72,39.707465218584886,6,16
420,189,6.412456636197071,33.44848377375419,0,95.27114001454966,33,22,4,4.094093169186631,10,4.1475271548136226,6,17
421,203,4.052982685526054,30.54140672589631,0,92.81819744170186,81,21,17,1.594858675923352,30,10.508640132034644,1,7
422,151,5.901359038396745,99.80785827803473,1,75.04633277300624,18,19,5,3.764354554368367,59,33.15133601065511,6,8
423,159,1.3696135551136488,86.52319787753217,0,95.0072232893721,46,74,12,0.8075676715168763,43,42.89135716904249,4,11
424,189,7.703425679769218,43.7540927449449,0,75.8532646007263,92,39,9,4.7979435027455875,13,13.381301759228103,4,12
425,220,5.013599905828916,98.12481474256741,1,96.77833984132441,62,17,13,1.3685674343256438,49,17.032388685616734,2,17
426,100,1.1802090675896886,66.76075622482529,1,83.75949694243228,89,30,18,4.472339342931862,18,27.318916666050256,4,15
427,166,1.5625624735936974,75.49213292857722,1,90.30930256933085,33,31,9,4.142629443269455,59,11.367067517975814,5,6
428,214,4.48719817439581,7.993739092810101,0,84.9172254364193,30,27,4,4.855369658366372,13,40.74665681778777,5,12
429,95,6.2507936711659156,16.552499638065427,1,72.81972788249806,49,75,8,2.6505079742558735,19,38.90819560528228,5,15
430,102,5.1778355405691405,65.14308701714265,0,78.72166922861996,71,57,1,3.773287822306782,41,8.119293886323298,4,13
431,137,6.572838855629394,90.40727835170097,0,99.51195561991018,79,53,17,2.1681979566700282,54,23.727656859014974,1,11
432,257,5.322648329122202,64.25565397832159,1,98.82144255009452,78,18,9,1.3296570710886222,88,38.966560566076446,8,5
433,170,6.95533460933212,17.732364960304217,0,79.61460692966642,23,76,13,2.49384169820052,76,17.529147024067324,3,10
434,62,2.972134582037208,15.99720439340084,0,99.88890412735677,51,63,2,1.245870569248047,25,32.02223431316885,2,12
435,138,2.0155886846525926,85.19766010328776,0,95.366535864907,59,35,13,4.919200802538728,61,3.4604429514210637,9,9
436,174,6.367905591630939,18.23372217725186,0,88.32878498296765,70,94,9,0.9331092101332237,23,30.82574926593658,7,16
437,167,5.362205652426767,54.42203624788242,1,71.20373860783029,13,35,6,3.1514527555367917,97,8.479996020029743,9,19
438,103,1.2418088864044177,8.525765396418716,0,97.0434048861514,81,43,1,3.3190873486432517,62,41.69858293060811,2,6
439,234,4.424336969437323,12.66362790216185,1,86.72287837792959,97,17,5,2.921357942933244,99,18.417023715443445,9,19
440,165,1.9551302694189594,68.87308542607215,0,96.05428453608309,84,19,3,3.479836485703251,10,14.79613927368159,9,9
441,167,5.782211485774257,70.47223399061409,0,95.03287359717227,26,57,4,1.0228134875535093,8,42.20355985886277,9,12
442,53,4.561999116943877,37.439593627802026,1,94.99018645603257,94,64,1,2.99758335892381,47,3.4570571305187,4,6
443,124,6.5183671999271615,25.482927698089252,0,90.94521582144715,66,63,14,1.792456570073127,97,20.433831167382895,3,5
444,273,8.250419968932144,82.30247572194426,0,78.74245416028145,99,87,9,4.730792284854755,46,19.13017348817654,6,19
445,98,3.697018154573417,25.624806799639583,0,80.08480773233559,57,49,4,3.929322440478766,7,14.955218338227992,3,8
446,56,9.658918937485247,56.49257161830607,0,79.25407637748059,53,24,18,4.876315169718842,5,45.675962268072375,9,8
447,159,5.8207105052881705,96.97983988197602,0,70.60137998597695,54,90,14,0.669002313830853,59,37.79549128231939,3,13
448,171,6.5646171887930915,19.04598159692646,0,87.47706727644433,89,27,4,1.783099288313189,19,4.132235045405,2,7
449,60,7.126051359031633,94.38324541199734,1,90.96501011338098,99,32,10,1.3794016398725706,51,36.01968502231275,8,8
450,141,7.0005837687183075,22.374840041523523,1,95.6159798057561,42,71,3,0.5501956429032373,89,26.837657523310902,6,7
451,231,5.598736687405559,58.90710476220681,1,74.20496300148191,40,55,7,1.5904657861084464,50,45.14252682567738,8,6
452,282,4.858878620032152,40.81573263608074,0,86.32549446930406,56,96,10,3.55449192584193,62,16.334335250069564,7,8
453,264,1.484037677596401,96.66821714267346,0,70.24024422021348,15,48,13,1.5399001496055584,99,29.133937980869565,3,18
454,222,1.1987726077106178,30.986492755184006,0,72.85280943132189,81,24,4,2.7905155046717818,75,25.537008462308314,8,12
455,72,4.221650750794882,42.9675101981466,1,71.6263523261798,80,62,18,4.495181517342494,85,24.98848440515268,1,5
456,291,4.002948015703234,98.37171119626494,0,91.76434102046461,43,97,11,3.6219106415708384,87,23.34916457634342,1,12
457,77,4.489256393551061,55.96468716290495,1,72.4317869163281,62,73,4,2.275830814577144,43,11.075844301081784,8,12
458,284,2.24531380799371,52.74986098401908,0,91.4935894467637,23,72,14,2.1761102251044875,7,38.02978620212725,9,19
459,160,7.643514434831593,29.48895637937917,0,77.4887411323175,25,89,18,2.550811163038181,34,23.115465604225147,6,7
460,106,8.71267973298615,71.62953822949194,0,96.33138882090819,52,25,8,1.2966864847695787,39,47.96729747512768,5,18
461,75,9.448431718366315,6.3654304188888755,1,94.39449965091443,82,79,10,3.3530034533719464,61,13.779612932446039,2,14
462,202,5.431260731676632,9.703699821717885,0,98.73490652425829,83,75,5,2.1386876859707247,33,34.45444814172502,9,14
463,103,7.307791292128858,61.939065777901256,1,96.51286046374096,90,22,7,4.335644071679196,54,47.09513690231631,6,16
464,78,8.699960110922852,37.459084512753144,0,97.99988257349042,21,56,12,3.9044869702601734,66,33.50945782778854,8,16
465,260,4.764619999841374,95.56505535909125,0,95.76227189539924,79,18,3,3.2473092384147204,56,43.692372473252334,9,10
466,146,3.784715153833999,90.80311561866463,1,90.80145701844566,28,72,4,2.1389100019228224,18,41.5465670280933,9,17
467,213,9.430521002681411,72.80209457428718,0,75.10777456376307,50,43,10,1.4446932425306798,39,18.64576805896119,8,17
468,63,5.641088959693658,82.72383020714113,0,78.15122556562278,62,90,4,3.992683388475303,32,30.40607305703533,8,8
469,127,5.475284979317902,68.39652571843087,0,76.38180898390819,38,38,15,2.6888409454598894,62,8.656805650756425,3,17
470,84,2.605744869071462,16.930299757465264,0,88.10757362974617,79,46,10,1.5113751717981088,34,27.240768252084376,3,5
471,79,1.9733951311602107,77.72662012047425,1,85.10859813920804,68,52,16,1.378285767680028,94,12.290676618902523,2,18
472,141,8.578961762351604,24.968237028290407,1,96.0123999147527,98,95,15,1.2443040702561157,11,37.443103932669835,1,5
473,66,6.527198585687662,35.72707123451869,0,98.58018599497227,73,73,19,3.9972253829251776,43,26.874862672714105,4,9
474,244,3.9324212561750382,82.82725014972992,0,82.14579668854432,33,33,19,1.5304423338514026,99,21.150140768951363,2,16
475,257,2.725625956512398,55.96993279737758,1,85.19051659842437,98,80,18,2.8698901858633885,73,14.1710577121819,2,12
476,287,5.999475521526683,86.69436784742388,0,99.14549070412417,25,43,12,2.531958624378754,39,49.936225610223055,5,5
477,207,6.2552736033502185,25.238355385110097,1,78.28716824869431,61,57,16,3.1082490465272774,56,4.513815523361702,4,6
478,293,2.8629424112055233,62.738951667654284,0,93.77172326076442,89,21,1,4.447197051670374,18,3.134473348048581,1,11
479,142,8.662651731023265,12.960142392084855,1,76.75719707005739,15,32,16,4.404863255367788,67,11.645612624199362,9,12
480,222,1.7583792954026598,66.09079438630282,1,90.44380346275815,46,88,2,2.5298423232118683,40,48.58255047276316,4,16
481,128,4.204837766497795,77.4407335886758,1,77.60846882915692,94,22,15,0.5691481283062549,95,48.98267024767924,5,18
482,159,7.123459723862699,60.56843492797856,1,96.51200166494161,13,96,7,2.4189971257143643,28,33.091459003834665,7,7
483,297,3.467083274372806,30.291992642386973,0,86.8443383121003,47,54,1,3.2278709184086316,44,44.12522669311383,2,15
484,266,8.449076753031447,7.977553541592338,0,75.57800922623154,50,74,5,3.009941415941278,33,11.484124811198974,8,16
485,228,7.658810439403632,16.34764397660715,1,76.73107527095458,90,56,10,3.431012476100925,57,48.630062614654555,2,17
486,151,8.101205600933207,64.11878301203248,1,84.81547587124301,23,67,4,1.1933407961288758,26,7.996457656838668,5,12
487,155,2.0719588228904464,93.7699206000388,1,98.84806076724637,80,14,14,3.4094079445132968,76,5.955134220901256,2,5
488,96,2.264924151959886,24.620768377340607,1,93.08926491650963,95,86,13,1.321932284346975,19,6.498365423116372,2,13
489,230,3.5782636397012526,74.82748416498438,0,84.64928928477535,60,14,1,3.8773579131353704,73,29.083268240355668,4,16
490,113,5.66269448677805,87.31285100865894,1,80.1315743368665,74,69,16,2.02589425968206,68,39.26774563518457,4,6
491,295,7.732144690294621,54.483806952513554,1,86.47805480045328,61,30,9,3.694529450216541,8,18.96669171585702,8,18
492,293,8.52877801684813,68.58025060514748,1,92.4508250028586,39,33,16,0.715395195077482,79,48.9169034015202,6,17
493,299,7.3390178436146245,82.42645508423408,1,93.517857653584,66,27,19,2.33537011515911,22,22.286586767798145,8,6
494,215,9.357371933775745,29.76413998535639,1,79.73826394290833,88,30,15,3.6726553501849972,46,8.371978987887598,7,8
495,113,7.6486915865433724,33.205089055464086,1,91.63477804641632,91,63,14,1.5209173234917235,34,23.8323706611207,4,16
496,136,3.7564109830415324,5.059614079703336,1,89.73366340108558,39,19,10,4.078791701587502,19,34.272821105699556,2,14
497,266,3.3857315590471533,96.49394243529123,0,98.77336875988883,51,33,12,3.3385087989721938,74,41.77906324471456,9,7
498,283,7.265732052709809,92.16676498665275,1,97.93270871524044,20,94,1,3.1440279746740925,59,23.479646207873053,2,8
499,56,2.7358351182065284,77.63398505714588,1,93.68137976810732,36,98,17,2.090969843919517,57,30.086734476409205,1,10
500,71,1.834433297292429,12.512221992781571,1,91.70184066564785,33,69,9,2.671031616715029,20,14.099890895783815,8,11
501,130,5.790005873705745,47.512774521453274,0,78.22124769112827,48,66,19,3.188071854400339,77,32.64990979387019,9,9
502,259,8.394774128010598,14.679716627297518,0,95.378957682956,81,32,18,2.626079512617007,38,49.31262525356684,1,6
503,290,1.9124185822287718,6.512425389965868,0,82.82517111140099,27,31,7,3.6424099577325206,31,3.403625056801899,7,7
504,218,8.127021914161563,63.53738169519674,1,78.16721627518135,86,77,9,2.4516361989813182,17,44.44000286455322,2,14
505,123,8.304148039163934,96.2787946226179,1,81.52482273860387,54,43,12,1.4102293178391365,31,28.551842635608615,6,15
506,187,5.340466000733892,90.77246222605426,1,95.07806470049523,97,79,7,1.4627020226047125,77,13.352834318552697,5,7
507,234,1.5157927900943813,71.19170741886342,0,74.45899646733655,96,37,14,0.5261169597932349,73,47.78959579045364,1,18
508,184,2.571308661224678,14.180855495662785,1,83.68476223359467,21,48,15,1.854309720014026,90,24.684360849886048,2,9
509,289,7.366836476457391,31.045583578868513,0,84.77072783588468,58,51,15,3.8701293821533382,35,17.252822331995894,2,16
510,174,7.406001504918545,35.40538905410264,0,71.09889092796458,40,32,6,4.073732189769243,7,9.893383785271217,6,15
511,99,9.085197476508988,77.49925548582831,0,75.87238088644496,31,79,14,1.411103939430875,34,12.978158302576443,1,16
512,279,6.244175318991245,81.21367202733583,0,94.8022728572757,53,89,2,4.815697985921335,25,41.809603037980686,4,9
513,268,2.1169663094239963,41.58508168404244,0,94.92302165784281,73,11,8,2.7608125706605704,10,31.106090456541125,5,8
514,101,2.092734149544749,44.69897967867292,1,78.77245251652744,86,33,13,4.626404370583262,96,45.749035354927486,2,12
515,210,7.4901912162114135,9.228358731236277,1,96.24691703793779,34,26,6,3.68044376837734,36,12.366454155731505,2,10
516,50,2.6540619859711105,32.467988249782294,0,93.15348817205043,60,74,5,3.750950403600859,46,6.935790118596172,7,10
517,285,3.955469496549448,47.87209183187579,1,82.53722451386228,16,79,5,0.8826962958773201,66,1.2982890178039104,7,5
518,230,5.384908062297225,16.11338940659947,1,92.45219033215113,15,78,1,1.489960071036188,93,25.885239843183697,6,10
519,237,1.2228838981853607,48.060408771727026,0,98.84003893584419,33,69,9,0.5396667498251269,36,49.91703958871742,1,7
520,211,3.2393712431793866,86.05170216449103,0,83.76909154196046,28,59,6,3.7225743821453188,90,35.05329817211331,3,17
521,53,4.671006476565521,60.22549687388007,1,77.15281536860451,92,21,7,2.049972297928295,92,16.11133500629216,9,10
522,194,3.516726866438856,12.49833622864917,1,98.25449500150468,18,56,9,4.039936322343561,43,43.96607056828241,1,14
523,181,2.2273329472080925,23.208775288876062,1,88.11232865689769,45,76,5,2.0252129897166182,68,39.30439103341003,2,17
524,220,7.552110320165776,50.081713265062845,1,73.15795487441275,49,74,14,4.187001885344875,34,1.7553431377504234,8,15
525,295,8.318328896511865,39.34127923307215,0,87.18048447570068,33,36,5,1.0881421418674084,67,41.0261635465101,7,17
526,267,3.3173107852935235,39.07906685687938,1,85.01742668344896,57,57,8,1.2801792054087868,35,15.725811104686302,9,10
527,53,7.96977545145673,55.280407573641064,0,95.66766682226691,72,97,7,2.033944428127714,91,8.333999764596452,4,6
528,50,4.469982079611825,60.51761255099846,0,85.92085569290565,78,71,13,2.33819324997023,44,12.090211147116655,4,5
529,120,5.560172117686025,80.70184917623816,1,77.6569730303285,62,53,13,2.0691626487934025,37,23.960410414381812,7,15
530,271,8.704009674038375,37.391823528936044,1,90.26932191594665,63,28,8,3.9364116463544896,67,21.81852842633254,1,19
531,227,7.749583136221671,81.51929688885575,1,86.27726357606741,51,68,11,0.9362812668202162,29,15.155477669337111,9,7
532,250,8.246051661845598,37.16806676570009,0,76.99133884800618,54,17,18,2.0804765883731964,40,9.438697788144603,2,9
533,238,2.2316064992772113,10.266133949417213,0,87.20883573828723,99,64,19,4.267579997819567,28,38.349308692466295,1,19
534,84,1.6274748325035653,57.647826845455164,0,94.64606733669058,23,56,6,0.800586847679774,99,49.51537940301094,7,19
535,57,9.040642561791884,60.85072086500738,0,70.85712753172031,38,11,2,4.7405457845211085,62,39.11178744056483,6,8
536,201,4.490508426139849,93.78132333407672,1,88.92553115935335,15,48,13,4.938425790224058,43,15.500911415905518,3,11
537,260,3.5909171026271274,73.97582597593507,0,80.48755587353176,16,54,11,0.8985567822128604,50,12.995639109194535,1,8
538,85,7.522266288356421,92.18840198697175,0,78.78014337278273,46,41,1,1.8107263501508164,81,11.665627927230974,5,12
539,227,8.527740369218709,91.29298497308591,1,81.77763251083334,62,74,2,2.175802997159103,14,7.698058649962778,4,11
540,293,8.76240659708471,62.434540474533,0,80.26067992743945,27,47,17,3.9937611589372675,91,28.01519693492276,5,14
541,172,3.8439742701270463,55.137396206962514,0,94.96717320125325,96,86,8,3.181670654525302,86,30.664618225713866,1,13
542,92,8.669911520815067,57.956891880541995,1,78.24393432303702,47,20,2,3.3996456522165532,36,35.56963037249373,1,5
543,76,1.3684054993691084,97.94142672933854,0,91.99459069319757,68,19,6,3.9087942026832767,40,34.330455175749734,5,19
544,81,1.4469534231374699,78.45093071596109,0,72.82179460685767,10,68,5,1.0309054974666156,32,15.32433225288574,6,9
545,127,6.61167275656739,15.095260955277604,0,98.54189117453247,77,99,16,4.249442556096181,20,17.18523926444548,5,17
546,170,1.5679573220399161,78.95069864423299,0,88.66949911745655,53,64,8,3.6752891188106482,20,34.394212236674555,2,8
547,195,3.9214825165914537,21.201114645331458,1,91.2015573113368,56,29,19,3.098037763383666,22,18.12293439839779,9,10
548,205,7.054803876222316,47.49830215553444,0,78.94117996283353,44,90,16,4.503809006523755,12,11.418536291346339,5,5
549,206,4.0354020644880375,24.993668856770757,1,82.36289706124344,96,26,13,3.651378592477132,84,19.342471531140237,5,10
550,65,2.616398032960863,70.51039122565683,0,76.71335158812929,69,77,7,1.4076498318396142,79,14.332123721320905,9,5
551,148,3.5321555966845746,88.34442493833839,1,97.97608257406671,99,14,16,2.4338542148405002,74,5.327323339710312,3,18
552,96,5.118177990253886,32.584379109834686,1,84.64313341304133,61,69,16,2.7231929012108,5,41.67680621155603,5,18
553,236,5.278472698199342,12.791020414777826,1,88.9134434697397,17,32,12,0.7484793203768254,66,42.80245806869478,5,5
554,80,8.047002082124818,33.356844317121514,0,92.02816091592146,89,55,14,4.7958688101202505,80,11.767764708177094,2,12
555,53,7.751379064883613,68.87437650355847,0,81.13318273298617,50,61,18,1.078597673585953,42,4.173837776734885,4,6
556,214,5.111360241005217,36.232212117672745,0,91.60304963617423,12,19,18,3.6385757025202707,96,37.202544430207794,2,14
557,66,8.611006141888943,31.420655917611324,1,90.27977469269021,78,55,16,2.7780396624089607,49,11.364902667307271,5,17
558,88,2.0281342473225625,22.52134310550517,0,91.1697800162184,93,37,16,0.6153451244799016,62,20.27833898240615,2,18
559,97,3.2981801520601133,52.26406055307119,0,84.67689700613839,23,52,13,4.661363641389627,85,4.1426273596317795,9,10
560,223,8.451788171520263,31.21513867493282,0,81.48812146874852,35,35,9,4.3332656396852,5,12.087209653163324,6,18
561,267,4.401946347635378,74.4459831682509,0,76.6624656462697,79,64,9,2.85916067556726,36,39.852211638152156,8,10
562,225,9.83063402914458,12.279128189259257,1,94.73879058402679,67,57,13,1.5302405126275036,12,40.41542589884489,9,10
563,88,5.196279533750519,68.08313814557516,1,88.25050139595035,49,38,4,1.0473030080604242,44,11.14715641949781,8,12
564,282,8.127420606673876,27.56820138393814,0,83.33056588292484,60,36,9,2.13526615744457,60,17.459778410227788,5,8
565,181,4.620763372441347,51.4815297999023,0,98.31987720131835,14,27,15,1.6494272647074073,67,7.577682535593435,5,7
566,79,4.824581671561873,32.17854259296976,0,71.43516437521116,86,69,14,2.7801104045283442,92,4.634458883961196,6,10
567,207,4.4459483255576515,73.66302422102558,1,95.50515835615143,41,83,19,4.84884183255543,78,49.61641400797206,1,8
568,71,7.471680584597306,94.80416882390548,0,99.92747778837918,89,78,12,3.087290719533386,78,33.124103610997125,8,6
569,252,5.92766095653995,92.12229404963226,1,96.60826332648602,10,83,6,4.504689751505441,40,27.56272895071762,2,10
570,115,9.494003002315322,60.425490438688655,1,94.31309756846876,86,30,3,3.4289547687309976,93,38.50942651985968,6,14
571,157,3.258012848806943,48.947978809412945,0,81.22917980218973,63,33,16,2.6386093696424022,61,42.163780824698485,9,9
572,61,1.9050645887509992,82.73854839674128,0,76.9394254678688,20,12,17,4.345734032300171,78,40.529023634191645,3,15
573,271,4.5393533658929375,69.91600444963434,0,92.04551561498803,62,71,16,2.621156495778489,87,1.8104330152039538,2,13
574,85,6.550414368820984,22.438590850608623,1,79.13726098865705,17,11,6,4.408826767296624,49,10.153587011334425,5,15
575,67,8.747190432239456,82.98732529323502,1,75.28119046464911,34,75,8,1.8120954630909438,83,33.09035980377372,9,10
576,139,4.115771980122949,45.74401699249747,0,93.59577661310774,49,51,19,1.0796588319334466,84,19.412208042394184,6,18
577,230,6.884080760120154,22.953637697261637,1,79.37630956710167,41,43,2,4.3489150896332225,6,49.14164990199424,8,7
578,248,4.151788129208971,31.770748287666784,0,97.43325188462015,97,51,14,3.1433682370670004,97,33.604834839274446,8,15
579,50,6.554976246950123,30.415067873592523,0,95.21897934457375,37,29,12,4.5009157921203204,72,47.87089652773112,7,9
580,176,8.963271523275857,54.32466258732871,1,95.42920988527766,87,77,17,4.720222431465724,54,10.870877600643897,5,19
581,235,3.0822187803346814,27.265158614398175,1,93.14709178167479,12,54,15,0.7413277566715213,33,43.33389437763613,2,14
582,139,4.638174778963353,16.738816303149736,1,96.4264427132421,93,84,18,2.7543618583649074,99,16.746262984946043,5,12
583,136,9.939386767867719,16.75063080830727,1,94.1724067653436,88,51,16,2.1873404708353816,85,49.48867560365253,7,13
584,139,8.817013254245147,60.41123872821418,0,88.07534090724187,71,56,13,3.316362786815527,14,8.726744931584218,7,12
585,286,6.0817587210658175,74.80213244069097,0,78.87468155745589,36,14,17,4.071160387410456,31,26.300651123078,2,19
586,183,5.649648326688478,35.54563583964237,0,96.64627579642448,54,98,8,1.7626559718846604,19,39.849382158018976,7,7
587,119,3.561403440742129,8.291817432331623,1,95.21810868319577,34,58,1,3.0055927296792726,64,22.199481549597756,6,13
588,93,5.654884849241765,17.08636425901602,0,84.18637966631636,70,46,3,3.6892786095720482,35,23.93611894919469,7,7
589,249,8.633633484519525,91.89598323202043,1,71.17236058005865,53,43,16,1.104939872760803,25,49.33143397978131,8,12
590,201,7.166570619500025,51.88664766099804,1,89.1563118220574,55,82,2,4.163301076780701,64,21.84009936475651,4,14
591,135,3.610396253601879,48.0894169134416,1,71.51790561029745,23,79,15,3.2274931993383786,62,30.599532929354115,1,13
592,68,2.8131752894817965,8.614671939458637,0,97.78839885545221,17,27,1,4.772918467011433,45,3.6724433730823844,8,11
593,150,3.386876832971462,74.22051712010541,1,98.84893769875922,57,87,9,2.02788013608812,50,42.26829393030274,8,8
594,195,2.5278328125354386,55.1664676885475,1,75.68470437698812,23,28,16,0.9866567405173939,49,32.76023439999763,3,14
595,144,1.8607662642134435,24.197688928219474,1,90.29168134164729,74,87,4,2.7792554046661637,30,20.796985040277864,3,19
596,150,4.772225569978495,15.457007217200433,1,72.76807013688288,89,49,12,0.8861484726924749,55,1.792307457771468,5,13
597,79,2.0196964395844095,41.42184704503986,1,91.88550785719366,91,26,1,4.862869354958031,40,29.99177220908169,3,7
598,298,2.547213019543939,84.53038659852744,1,80.41862998458024,16,69,1,0.6740823121573619,56,1.6202335957239473,5,19
599,219,5.925922159055375,87.20298312409733,1,90.43150335191336,88,51,7,3.890767554982886,85,1.0589770815418775,8,7
600,82,2.4813934632961727,62.27040613758546,1,81.18629527606534,97,90,18,2.862960791640098,55,31.188829545318377,1,6
601,251,1.5749179068781256,74.11596058686355,1,74.36702529499708,58,81,15,2.158792936242299,7,10.261836299393158,2,14
602,278,3.8564996502509667,15.939799803272685,1,82.18329941507673,64,74,13,0.796289740288946,18,10.402489936186669,2,19
603,61,2.9828718875977076,60.87197621944621,1,73.3802057990437,22,62,16,3.299751158781235,53,33.01030672580444,4,7
604,167,5.637746691949391,68.36174183128227,1,87.30649824930838,82,16,7,3.1334914822592985,81,3.63116220902934,9,5
605,143,1.921303761248884,24.06772007681026,0,71.2285459644844,65,14,16,1.763974728804199,95,16.35687251225326,2,19
606,204,7.765937089146803,88.6146996264746,0,85.81959038799579,65,33,13,4.5959976563464044,5,8.322163204958933,9,8
607,216,9.156101674916247,23.524690064496877,1,96.59105941286623,24,37,14,1.868495033042766,61,29.42864212003016,7,12
608,186,7.690916565605749,34.78034918541279,1,95.13619810358088,66,71,17,2.5237643476644775,21,33.42649258164239,8,9
609,295,5.795443336612548,63.95290046722857,1,96.4834509887949,67,26,12,2.9469310516339506,54,36.33565682635313,1,6
610,198,8.746010396099965,65.64325618741942,0,97.66146406381321,44,29,13,0.9510434517932874,18,13.506329629009706,5,7
611,125,7.254265418033567,71.44155039379989,0,73.13583663627082,97,12,15,4.694727736461346,63,5.373237830192616,9,5
612,296,1.0949601020517088,15.641112741479539,0,73.8624160862714,25,46,4,2.185412686029685,85,4.855499190152994,4,6
613,78,4.5468113749705275,85.69912084321275,1,86.71020418939386,17,99,2,0.8635064624345463,7,21.881425874085465,2,5
614,210,8.658567094661201,55.620477566909685,1,96.81918005273288,96,24,18,2.2428102815389845,44,47.34637604407304,6,6
615,284,4.1127297217774235,49.77557043998149,1,99.23048369572092,54,60,2,3.200911461916613,93,11.668722678104206,2,7
616,239,1.3169365617297115,98.20427432878341,1,71.3878575202,49,57,15,2.811437023195983,70,13.580338465735917,3,5
617,166,7.715616746970451,75.33593820939687,0,80.6732225260198,63,17,19,3.625438883167733,38,5.943551303187087,8,15
618,64,8.218344432545816,16.210572528840615,1,76.3868276397998,23,22,15,0.7496777393055978,94,30.672943420802582,3,13
619,51,2.445343255389777,76.87122088649286,0,92.67897546793745,68,57,10,1.7804327462242526,99,34.313770823411566,2,14
620,229,5.836064471588631,14.048648727422602,0,89.20581605611096,62,12,11,4.18653759578046,13,32.50362919987724,6,9
621,280,2.7275989509615317,7.609703438733561,1,73.59664094451536,36,74,10,0.8595215950611239,98,43.19538190919428,3,12
622,166,7.473109771397321,43.34446005064023,0,84.50566202094915,56,82,5,4.3496867961318095,88,24.834865916277515,1,9
623,221,3.4439540965973707,99.38992641782578,0,90.56321567113875,89,40,9,0.9135324143469781,25,7.588394997586158,3,12
624,231,3.8459361030699704,21.61397393851195,0,93.37016181772113,15,35,19,4.255043967012633,97,15.18085140451622,6,11
625,67,8.604737682760913,68.90121263504506,0,70.60158129352025,64,90,13,2.1235478048542697,29,33.45906869764624,3,16
626,52,5.286901169862139,21.47262628958134,1,96.7140872195167,53,65,18,3.254940784657471,48,31.042976713336433,9,8
627,184,7.0277900609642305,73.85476262104667,1,87.07844148851574,27,43,17,1.1879920204159917,29,27.019153357405163,7,19
628,220,4.621357456502209,53.008598482593484,0,94.35727344879714,25,18,6,0.7977592477633138,13,34.46525651574567,5,11
629,259,3.682061714743799,69.59731245849075,1,94.2381409004285,21,71,10,1.4717219180906078,66,32.232151668291664,2,10
630,285,6.629302543821952,24.272951711852286,0,75.69557980812907,29,22,2,1.07534218058913,30,44.18491958378263,9,7
631,215,2.3937181667093914,75.83469158944769,1,73.30516360760899,54,78,6,1.9058265395583431,61,29.714802496436533,5,13
632,214,4.356998520101767,99.58381066415714,1,91.6386180692148,73,50,13,2.814724609299591,41,39.151466576327266,7,16
633,235,2.8813333364733005,68.23679755946617,1,74.69280756464858,68,86,18,3.149417586042543,20,13.186650642356925,9,14
634,210,7.2621547024667095,51.88059981692338,1,95.49812474214171,99,10,7,4.054406483208843,41,34.23094664486433,4,19
635,157,9.497879545114968,92.70152891883016,1,91.78568451586315,31,98,2,3.4530795196176136,80,45.20751180075111,9,17
636,236,9.959598712142798,6.505925012028248,0,95.25476093095787,56,56,14,3.2394124630829886,28,19.90088406709183,1,13
637,144,5.052491293974317,74.342734332153,1,78.97038038828038,38,13,5,2.3530191236859856,30,39.176105179593684,6,18
638,171,3.2727735067280004,89.43091909731223,0,79.49794181231707,95,72,18,2.6321379573206243,24,36.51467575857633,2,9
639,60,4.985464333458918,10.859085443990958,0,90.13664669038953,54,61,11,2.365343732255815,13,3.9167836467193013,8,12
640,117,8.625424689664515,47.75609618949703,1,70.94337865176843,86,19,10,4.289747135276224,91,29.493907171579544,5,11
641,172,2.8540511069683587,24.448348125249897,0,91.79490239012267,18,37,11,1.5350020364677994,33,7.379278110839317,3,13
642,259,9.568860864876314,58.819225730843854,1,95.07349212563804,33,15,2,0.5257441919388408,35,48.39863943929897,2,11
643,245,4.076791919183359,66.70658106734774,0,82.45490759812313,24,36,15,3.4309395375180767,23,40.75896763233215,8,8
644,162,9.872232935052745,33.74920237823173,0,92.94636490265407,45,21,7,1.4110798263747413,24,6.376466261108885,7,8
645,147,8.54747998780566,48.698258619419576,1,75.23832750946787,22,71,9,4.5055181133941415,91,6.965847884736242,9,15
646,142,8.277134807326513,31.537251101273153,1,79.66781181458454,53,61,5,4.365708483679953,31,30.129218890718327,8,12
647,265,3.8611420639595524,40.092160623235806,1,99.22914889331432,80,57,7,0.8452731736769266,98,17.899569534485984,4,10
648,71,1.0789949075313652,20.15629588540024,1,99.58984520680379,81,76,2,0.9787478243633481,89,2.7103870945823547,2,13
649,243,4.439196179433891,89.12814714063498,0,85.37815159064763,87,55,3,2.728272165109998,48,27.540433883819603,2,18
650,221,3.716284326964243,5.950989003117961,1,98.02809374391632,85,83,2,3.241501982462096,39,20.0044098846065,2,14
651,176,1.3365729136791757,88.8288727121599,0,85.68192034170563,45,24,19,1.7370875186700834,75,5.95274812621539,6,18
652,183,5.548287308553367,59.30949344322516,0,78.74764384483473,70,80,4,3.725589725147168,26,40.29409922054315,7,11
653,219,4.62728180154463,36.50749519681666,0,78.00697864296316,90,45,7,3.177122094134922,78,45.83876149866149,6,11
654,74,6.7110082096737225,73.69042691873132,0,97.88517116104447,49,23,7,1.961708493868496,91,38.07310276669237,2,8
655,296,6.590676899746748,53.23645442695311,0,75.17339166921577,36,87,17,0.6141716961904202,19,41.298693190797586,4,7
656,234,2.086719723070121,52.41532252022262,0,87.38897374605455,10,12,19,3.8756762658433295,98,11.608037796039751,3,12
657,134,9.792689915139603,15.463516877301812,1,86.66575204188159,43,76,16,1.4663914962128721,17,13.915074595011449,4,11
658,104,2.682382864973022,42.00402246481382,0,92.18865053958984,77,95,3,4.255131845581827,8,11.217849474660198,5,8
659,193,5.007466222882341,27.901112856389982,0,84.97728722574324,97,28,15,2.3913061702441483,86,38.488108136912636,7,17
660,144,5.393057890903615,6.491111031646566,0,78.16856982124402,30,85,14,3.096848491842944,60,47.447936867790354,9,8
661,191,8.317565174927081,39.20946492430076,1,75.08189498894735,42,63,15,4.428269286840509,27,36.12502312996123,2,5
662,216,1.893066364851821,13.533102295432451,1,88.62456410517676,16,78,14,4.38630350413979,38,44.191871479098246,8,15
663,205,4.857798512876785,29.398853583892596,0,91.569722705597,74,19,7,2.17183808859608,21,32.29625564927545,3,11
664,273,6.656519532125835,13.789079012393973,1,87.08563836046098,12,42,3,1.4400000172167942,32,19.995335127381153,9,5
665,269,2.9364005946165,14.589454427857891,0,92.15053831363585,60,22,17,3.988157349778676,18,21.862319131584954,4,14
666,228,6.647211088894655,23.906072969442885,1,74.2456360734988,88,60,10,2.4488609162095902,38,4.690750176202837,3,14
667,168,9.312983537946874,99.98567822620802,0,96.47410584829407,63,41,15,1.3641889710155184,79,2.541402567055278,6,8
668,226,9.977663180554075,5.207493571438634,1,87.4718652522551,89,84,6,4.569914040427176,61,35.07830460526479,9,15
669,58,1.2920596911160813,65.6739004314385,1,73.80531780677792,83,33,17,1.3914688740848933,81,22.48301570854785,7,18
670,235,3.1202940542020974,18.418151312522948,1,83.85775612617205,68,44,17,0.6161322568605399,59,28.058538334676847,4,7
671,222,3.792764042125277,92.4596729875237,0,95.34375213597734,15,92,14,0.5912598819533899,70,28.3254011334984,3,15
672,199,4.592134904004695,13.895124866694777,0,96.92686580359481,38,79,18,3.300419104044189,97,14.59141485333177,4,7
673,209,3.1803144182629066,95.73100277699247,0,77.93948514996285,26,49,5,3.4775377732288866,41,24.318733030645042,3,16
674,246,2.831391950997813,63.038006810930405,1,91.33797474131359,69,63,8,1.8996876727564276,72,24.06725086171741,3,5
675,264,9.5909845817575,5.120467306971573,1,72.9995574245133,31,53,7,1.9400494516117852,80,20.032933840164993,9,8
676,246,9.266694424934661,89.93068380209658,0,71.00637614236473,33,71,4,2.0277226177697423,30,41.21309378665245,4,18
677,91,1.4229325090280573,54.56262112985724,1,86.81196861459829,90,77,18,3.560713460414954,65,23.107036180692198,9,5
678,102,4.049317194443633,29.953624856396033,0,90.84482737984378,94,42,5,0.7616020596207287,96,30.578581700793404,5,18
679,273,4.64633698310566,77.89152186398486,0,93.87360193529506,60,86,16,4.681023587110966,71,44.880485898660474,7,17
680,236,3.1511308119934904,93.03322761925266,0,80.20648715366004,59,65,14,1.501344698798509,88,43.4454475200872,5,17
681,123,6.65985607289358,50.950628198945424,0,70.1957623128666,20,45,19,4.9985294235894155,78,44.630687985179094,1,12
682,88,6.7634267197981695,34.977580072095535,1,84.38557711334062,65,63,14,1.2718521220423415,56,14.230244826785684,2,19
683,171,8.654538054957374,79.94978677381805,1,70.47560636120701,80,28,9,3.9719590579056985,22,2.7141419270950786,5,19
684,64,7.667823415466961,69.7696222899032,1,72.759535320124,51,52,6,1.5053564521833127,57,13.792273194871132,6,5
685,248,5.8831599426936005,89.43148595627588,0,79.80067067595245,48,21,17,0.8638106073946429,67,14.656659935414723,7,16
686,206,6.882280930399779,70.78883121231333,1,83.11516148680532,78,20,19,4.43719995957792,57,45.55865600952343,2,18
687,172,3.4658990338871627,28.135192195455947,0,78.38408323688945,57,79,12,4.364380666359013,31,32.81289390906056,9,10
688,160,6.337505709706219,93.5076287271068,0,87.45595799514123,66,21,4,2.316066766023206,35,5.003494020509209,6,11
689,180,5.403045292749273,14.959395984569175,0,71.66049367654286,30,50,16,3.6607826414319207,95,7.633551204543956,2,19
690,132,2.200100205847334,30.454561260150548,0,74.33739130718754,91,34,11,3.006796697077627,5,8.628130151556796,2,14
691,59,3.1828984892467367,54.41848773376913,0,90.857752022663,29,12,4,4.33830251153187,10,31.890665660277236,3,18
692,141,3.625241056494274,58.745492476735635,0,74.26422560793753,24,12,17,1.9177518619339449,15,37.03528724984315,1,16
693,78,9.318786103473021,6.454505729556016,1,89.19325604711267,78,93,8,2.8565257999954334,38,43.12255161770441,9,6
694,256,3.073479754473005,79.1544089529893,1,71.64053862260097,86,37,14,2.684175670420477,88,47.09119098950591,4,8
695,84,3.6031951253770136,39.352695250412005,1,82.22146837357421,60,32,2,2.0925762181558643,67,10.883523311935647,5,15
696,55,4.3241871708048905,43.609761395203094,1,75.32228410363547,85,57,11,4.511547790503675,57,16.178851751478405,7,18
697,189,6.973684647628483,81.89010672150985,0,73.2890884760556,71,76,11,1.2464506609814097,89,12.775821156496702,1,7
698,160,2.0641455322492646,41.03192221411673,0,87.01098350503682,94,51,6,1.1727888778431326,89,18.57931680584075,3,17
699,87,9.585506912443984,9.486363267001707,1,97.85007316016865,46,97,14,3.096092908952381,22,45.818590263763724,3,17
700,126,8.79014098085288,21.76177819468328,1,71.64361143770647,15,49,10,3.458724034932239,25,29.180515780028713,2,13
701,142,6.194944657080551,95.81080137687732,1,82.64662744654103,80,15,8,1.3757866444605433,23,37.17140296890045,8,18
702,196,7.066340806824611,11.688509428238845,1,91.22606313236331,35,29,7,2.2582284901458083,8,25.015842570212317,5,11
703,116,1.149944241197944,38.71846409196154,1,83.88063495063481,17,20,8,4.759537293404347,81,2.414037753470102,1,6
704,185,4.050502978136038,52.80202086987774,1,94.19487838315736,82,36,8,1.609778402108033,86,4.145578813892902,2,15
705,57,8.160942075952978,51.861678597163205,1,75.38935947592395,13,30,2,3.5076231595282734,33,27.358228532126404,1,16
706,296,1.697346764131473,5.376194586153561,1,98.78782615083222,30,22,16,3.8306722716391586,29,36.22066270618126,6,10
707,171,3.540824507896482,52.610459488461586,0,81.55487883317622,40,95,9,2.5165791475932178,60,11.551195848907843,9,13
708,133,6.267671455008801,41.458383507853874,0,80.24708898832826,30,44,13,4.718866940418123,81,36.3735691256229,7,16
709,224,3.3077172492904765,97.34753687008293,0,96.23817383509498,34,56,12,3.8149553084845573,67,40.72262290069211,5,7
710,181,9.405801767300673,20.120112979413832,0,86.916010956753,24,95,17,2.5606606093740405,31,21.18297643974345,3,18
711,228,2.1795276772386134,38.644648692152025,1,85.49333025708465,44,37,2,3.062008407992423,64,37.57454240936114,8,19
712,134,8.176549221170006,44.850741083532874,0,91.80933758585293,58,30,13,3.616760495412953,87,20.797467566094536,4,15
713,244,5.571538227157674,42.11588602459013,1,87.39502714843272,52,27,1,3.1648558119314822,53,34.23918084329598,9,10
714,94,7.752976982379604,68.25392862692695,0,74.87546934271346,50,40,19,4.454139127217342,69,38.43585541665761,5,18
715,185,3.796437954803027,25.47372146703804,1,90.22592868594789,46,69,11,2.1059989802618055,42,49.60440429709743,6,7
716,136,5.630406420808349,26.001797517329223,1,74.00406637846385,66,46,5,1.8494858302511221,87,17.92443644111621,5,7
717,65,8.711518147508587,74.27504010758105,0,94.17573116002185,51,30,1,1.4622750027286893,56,21.140998248155963,7,8
718,126,5.20190289210794,52.52759927442707,0,99.69209793136812,56,23,13,0.6700233562906781,5,9.115382911098395,7,13
719,244,4.237478757192426,44.439789225444486,1,81.32162874924329,70,98,8,0.693562839710249,44,10.999579861688538,1,15
720,289,5.825398476274625,21.074289909338923,1,83.34267694606038,23,69,6,4.415248368991772,85,34.97635512732051,2,17
721,58,7.456264777327302,22.81508617665583,1,71.39300966448437,77,32,17,3.552769158826583,25,45.93523391756933,7,12
722,109,4.992070109486525,6.002405497510551,0,70.41199564247735,62,38,12,3.4723958694641874,90,20.335642631400788,8,5
723,127,9.449892776280457,13.685495541862377,0,97.64258004628982,93,56,1,3.265892685206987,19,9.812377894941521,4,17
724,126,3.6545124163810785,57.8996759955729,1,73.85872181317576,43,39,3,4.321486151123472,54,14.96987546976671,6,16
725,294,5.279172455522084,89.72794735079893,0,83.37336242678411,85,99,14,2.6612011654953234,52,23.29753353559879,3,15
726,298,7.812348934072973,32.280652687402956,1,94.46063871566685,33,93,8,4.416848728512352,36,15.24186613890305,7,5
727,120,7.202089814461824,36.13598646013217,0,96.67956279784958,29,47,11,2.117502617820076,53,12.445375072971446,3,11
728,64,8.772769471754405,15.98253300809366,0,85.58193055850403,78,92,14,4.670183769525908,72,37.0632399490969,7,7
729,120,9.97128262612998,41.919939832674764,0,86.9509757492785,39,36,8,3.6439564103655804,49,1.3844011407905366,8,18
730,151,4.8417249591558065,8.53606193408627,0,90.09051917389817,97,98,3,1.6572971121099227,36,27.422295839487674,3,15
731,275,2.0003579180498066,92.17206614488052,0,98.84147410431146,16,96,7,3.038382147598813,8,39.89457354445794,2,11
732,218,1.2737429272717118,68.94557807183023,1,88.08009882833515,45,24,19,2.89863752669715,69,14.045186029555941,6,13
733,71,7.541892155257945,99.12113689235579,1,86.78425778369038,47,68,4,1.1205446977865028,75,30.56128401998885,4,7
734,201,8.86612304177844,88.8682004544569,0,70.43602405797972,89,12,16,3.1605930758777636,77,33.776105175312274,8,7
735,162,2.986413273499768,49.934106401324506,1,72.42849106067068,61,19,13,1.9165353067263107,69,33.09621012384941,2,6
736,278,2.426032334709154,54.37007795928581,1,87.31514879871989,24,88,19,0.7355694506432109,84,22.84663207573717,4,14
737,221,1.559845823731219,23.104724419133415,0,98.08721163421609,55,89,5,4.768952709679542,22,17.98232140591318,2,5
738,50,8.404326295454858,48.89373756975778,1,96.00074045198184,32,26,5,3.386706660789295,58,41.96027957836286,2,13
739,59,3.802437459033259,90.7876479818171,0,99.47736768976614,21,92,4,4.446135193418812,51,38.16385189299335,2,10
740,284,4.6152720348379885,9.831075245403007,1,85.83502112683823,53,20,2,3.542252022559639,10,16.741503497281712,1,10
741,257,5.524751724486511,87.03789628483942,1,93.637928153133,24,57,13,2.106426614630508,70,6.047940527668098,4,12
742,159,8.555079107885957,37.39004115604793,1,95.21200994468022,58,14,16,2.8070963254796513,13,4.51856972682799,2,15
743,249,6.857498994053365,90.45371268414944,1,89.44094971992585,30,78,2,3.540860421562297,72,5.619522917047866,9,9
744,233,6.535581668720302,94.38359110244104,1,80.16249712643521,24,73,19,4.821135463406469,27,29.560598698410097,9,13
745,162,2.5810488996031964,68.73216426518107,1,84.09935303973383,23,23,17,1.6415125660476342,47,3.531446615620495,7,19
746,266,5.618709025388468,68.1202597263044,1,95.73751216730703,51,59,5,4.437396763808529,55,17.509416873237882,6,15
747,99,7.438429154607897,48.011662082330304,0,78.95643777946492,89,35,18,4.658350123824213,76,37.906785393797236,3,9
748,61,9.759347947274426,84.3763213316522,0,97.71229393799945,24,81,18,3.5168698159653045,29,15.423060159253527,7,6
749,138,2.81265678292017,96.3532120511619,0,76.89419024267995,72,78,8,4.69069982330602,84,38.40209578182636,1,10
750,258,1.0858901776050398,78.63277103221633,0,92.48549245470342,77,16,15,2.290453643648158,39,37.52788487214571,9,19
751,237,1.6777129023862276,64.08398970688737,1,88.91677703037215,36,25,13,4.788572792181992,21,13.0455294990276,4,13
752,203,4.382672186637813,62.64532510302699,1,92.48798323362287,96,64,13,3.6625229472468868,22,36.71228682454453,6,7
753,287,8.384901829713884,85.69964065044792,1,83.12042717297784,62,87,16,0.6890259533846536,31,37.64105527533294,6,14
754,161,1.0642787359142054,56.414357748273346,0,97.97923187661954,61,65,13,4.580927743185738,19,20.475242357684316,3,8
755,127,5.1105753359725625,81.36668919363815,0,88.97416607234432,72,13,2,2.6801276406493666,85,11.310603703334394,4,14
756,218,3.963075538072551,53.344099241553344,0,78.64887413662768,82,57,3,2.571471431500248,73,26.542269537701586,3,15
757,213,1.4723353908975483,10.932206122522793,1,89.15365211956431,62,26,15,3.0490997269083544,84,46.14848181200962,6,12
758,170,5.052126580053556,41.474965845894744,0,78.60447241621094,66,45,19,1.1722304604705256,19,32.341219889171036,1,10
759,72,3.2927383660304694,47.22189097879238,1,78.80897175279623,61,79,13,2.611247218553294,46,9.4732023837358,8,17
760,220,4.166963509123058,18.453638273728636,0,81.98795534862603,52,89,5,4.240072475229855,38,34.45508931194247,8,11
761,183,7.350537743058637,14.737151272975217,1,95.57291252707357,16,47,6,0.569671066118819,52,21.932948336809893,9,11
762,288,5.693958855198704,55.86917021741064,0,85.00893623181976,51,71,14,1.7281272214596708,87,29.984911070413276,6,8
763,246,2.12182686093532,13.088645472827803,1,90.36702526690623,13,57,4,0.511045638997299,12,36.96913771613229,1,19
764,220,9.652730863812751,33.77979094955798,0,81.75903220823389,78,19,19,2.3707008911743177,14,26.232420224207797,3,16
765,74,6.723196891387645,75.73671271649222,0,77.90816319420644,14,45,7,3.777419797221806,9,40.885214754092125,1,10
766,67,7.892815830962784,96.62105705895817,1,98.63920482148694,84,38,4,4.0944732310158285,52,36.38562338651476,5,16
767,239,1.7129183500753373,73.19770515243322,1,88.10743741369188,89,87,2,4.753353925071529,30,31.138593660907024,3,13
768,190,1.42352541514017,99.29942710302267,0,98.01854015748155,50,13,7,3.2382707583685395,90,8.388847975785223,2,7
769,92,1.1750324533127305,71.34210727154326,1,76.10239006594945,13,53,3,1.6458208999380295,27,41.961506434666845,3,12
770,127,2.699146249961,32.91047471216112,0,74.40682491738798,11,65,15,4.658665771115145,66,46.859373680670984,9,11
771,77,4.7296755794664564,68.84499134800939,1,95.6746872137171,76,51,1,3.9889208924616923,17,7.711291066655447,8,8
772,195,9.422435200625406,71.70489269370586,0,90.42751637851754,30,22,2,3.0849281735141503,13,24.923815342238097,3,14
773,108,5.113536933391987,40.31406353856376,1,75.59735497760924,79,55,10,3.630380970735212,24,13.68554835655472,2,17
774,237,3.612295948352765,6.682815807891957,0,78.08079101990613,52,91,16,4.659423597533431,96,37.97164206385266,5,7
775,112,6.05741728167697,71.80397955367125,0,94.01991824575933,91,42,15,3.7057731281281474,61,36.3598521642303,1,18
776,234,2.007411203213103,7.061509051176454,0,83.61605859987809,78,30,15,2.1576852841313032,28,7.903370907949537,4,11
777,141,6.485553019044849,64.96286741570677,1,90.11621519518272,18,89,14,3.7086269103009353,37,43.97433629182022,8,14
778,228,6.115887588974529,20.543566430542732,0,79.55056066408032,93,88,14,0.6812517323092454,24,9.86768013492211,1,13
779,105,8.127937300651388,58.732335136064115,1,81.4368985832463,37,66,6,2.2388700282376153,64,40.065692256757266,5,16
780,204,9.880188504553217,52.871737411157,1,99.72137675869315,35,78,14,2.3284536433051066,52,23.39203762177224,4,14
781,209,3.2578612454449947,6.283796019087344,1,77.42851261524156,91,79,17,1.250772054893756,68,17.08534238434941,6,7
782,160,5.586908057233845,39.47225261453483,0,85.19369131109542,92,76,18,0.6038846624829658,34,8.753723871036462,7,19
783,186,9.179788656871033,62.10366090264876,1,95.33207029571597,12,57,19,1.1002155648698426,77,9.21309855118484,9,14
784,281,8.066708959805572,85.61762243038407,1,77.17669640997573,82,85,17,3.445796731086748,21,33.432637180344116,1,13
785,273,5.386656727907268,89.42100081446914,1,82.45641270052992,58,42,16,4.110299673636594,18,27.971089009408907,4,17
786,261,9.508344846533001,50.96574715315621,0,88.45273862109966,26,45,8,4.946915717271383,23,6.982185660910402,6,12
787,269,1.5151302416512844,74.20013629344662,1,84.43564454425308,72,42,7,2.0586357639882245,75,6.522195161477934,7,16
788,274,9.378987577413255,35.063184770678475,1,83.78506799710952,64,40,12,3.197206500174958,63,4.543218163866781,7,7
789,117,1.454566531445259,37.507708547072454,1,80.87529193966371,32,30,9,4.717152350668049,71,37.444600021303664,8,19
790,95,5.925742697032159,23.474034322319806,1,87.59938983324776,43,36,14,1.2516880160216868,48,35.88222217623517,8,12
791,298,9.013968532009772,58.385070449357734,0,88.7311809377083,78,81,1,3.729405138542342,36,3.8631185518741824,8,16
792,275,3.3644884920517253,34.8835943380997,0,89.59868622704087,24,71,10,3.8974042991712343,15,28.453233704251673,8,8
793,289,5.250236490506427,13.015235161657978,1,72.11104323718088,56,35,17,0.9003899114120226,6,5.149131606891805,8,10
794,116,3.9189599122326997,70.07557823300198,1,88.93102527136146,12,75,17,4.375622233323792,94,45.28354275983814,6,16
795,203,9.569295253687162,72.23655472251282,1,98.59711536343698,92,21,17,4.158972711998797,72,45.44875353982649,9,14
796,185,8.412810352777818,39.19927978401049,1,86.22958706584251,37,31,4,0.650313529598455,21,35.21341650084337,3,6
797,55,7.381013601937416,12.288722948322166,0,91.45801247527733,12,26,17,0.9098798669602317,85,46.38325715053305,6,12
798,257,6.288642879535979,45.49828315332546,0,86.70196923277653,13,16,18,0.7210710225133354,96,40.761198490270836,5,17
799,73,8.385326103917333,47.02186851477047,0,95.64221855775936,97,77,2,2.00634589309713,98,41.59839022042542,8,13
800,225,4.530403373711923,68.52373406529983,0,97.88749283792707,40,46,8,2.791800458059668,44,28.915684677926727,4,11
801,280,5.027966695954557,34.96455716957493,1,75.52659697889078,54,47,13,2.8955647757958296,91,15.996900712592618,4,12
802,143,7.570015489727753,69.84693157922402,1,83.1058010967138,68,20,15,1.704500418962492,50,11.672156640704657,5,11
803,222,4.219792869643428,87.79141146695189,0,81.77146302798164,54,10,9,4.602185989521233,92,17.03280107990753,6,15
804,62,1.5751084784353644,27.561174024408984,0,82.15645369897837,84,34,3,2.1571825544236094,97,31.79627607436404,4,14
805,246,1.6690114799746432,97.99735783139047,1,73.76572543683628,46,51,3,0.7049757018440863,8,9.460170255787547,2,8
806,74,2.0382652117513347,41.70497302799666,1,94.40847177942157,74,61,2,1.8510220019362387,42,13.673371595228758,2,5
807,197,8.827131910092966,30.389575088970865,1,71.07298729044805,18,33,1,2.8899924014486995,67,23.934982276977756,3,7
808,167,5.250037831805839,45.0435623384776,1,85.8467982318147,26,62,14,2.3369982016470443,33,12.419454827706161,2,11
809,131,7.415941324102628,13.96776021086662,1,89.85635164134074,74,65,17,1.7322913359466663,23,29.84353981608702,1,15
810,160,4.53618402044404,16.94206111865099,0,76.22408314176631,12,72,13,1.0909546239394283,95,46.23562539436016,8,15
811,131,3.3283985267407106,44.371234461991484,0,97.17550576296387,35,90,19,4.186240250433034,33,37.656378919453196,5,11
812,115,4.124729508059907,77.43222958421451,1,95.15647621074379,62,17,15,4.982653589558863,39,33.654904093296736,1,15
813,251,8.147641107854653,90.52966275957664,1,84.13251188451775,40,68,14,1.9829396008574693,74,29.55335232320516,9,17
814,296,6.626945125282944,68.15770911804574,0,82.33446797020416,35,54,2,2.2172946987947175,27,24.90944755359618,8,7
815,94,9.438758019621119,14.995857747626124,1,77.097037756333,32,36,7,3.281168861046307,50,10.141629122098326,4,5
816,163,7.117343007191506,68.84187740715083,0,91.89979673934891,39,61,17,3.7329866363099358,48,44.84081231591641,8,14
817,224,6.131634685792245,65.36565246678234,0,73.95231398895892,19,27,18,2.264132906616161,52,13.17826409862898,7,13
818,112,6.49176408087251,81.54757223786648,0,90.40713261531349,81,95,6,4.572182826418168,56,5.474135001329877,7,16
819,125,9.481342955215732,83.39862333195718,0,95.2737095835524,98,25,8,3.0200179515301326,12,37.750743782206065,1,10
820,288,8.093808368800355,87.479292199003,1,76.8541472775107,73,75,2,2.5267553438266894,59,9.605161182227153,6,17
821,254,1.2163711362979404,44.34249388501434,1,95.99282208696269,31,14,1,3.410027389219573,70,19.222903977517625,4,17
822,163,5.807257265221275,71.2971175584537,0,70.99969598318525,24,91,16,4.7876173171212795,81,2.3859614862580067,2,16
823,160,7.195045703919083,30.48378409761952,1,97.38362156159576,65,12,7,4.075485324897675,44,7.716329184481956,7,11
824,298,7.738286305952395,99.93694659843291,1,73.55086683553894,83,90,11,0.6800590874080595,89,9.486977907235692,9,5
825,232,2.9182790738254303,21.656752930801694,1,89.37277533814098,29,89,15,1.9953945983298182,35,3.6660962597587194,5,5
826,252,8.80459619006217,5.960871007779402,1,77.50247406741825,56,79,13,2.6174510822805024,52,33.17619087451941,8,8
827,196,9.602588324576473,19.136827879226722,0,95.09657173508842,96,16,2,1.9153290749409737,65,42.01338199435274,5,11
828,84,3.130437752603828,78.70786750669204,1,85.369010827464,62,59,14,3.6508440237370543,56,19.292454911931106,7,18
829,280,8.943539117655213,47.44444926828009,0,74.05723573739505,62,23,6,4.218211174381615,42,43.85424735919184,7,15
830,102,1.8728088626448585,47.51252354199069,0,87.12974713977935,10,47,9,3.791052928333722,95,11.4539821534462,9,19
831,75,1.5013615250372068,95.72717736310851,1,82.23647830590949,11,88,7,4.951999790727239,40,16.944130754500733,3,15
832,287,2.1630142009247444,92.36531626266705,0,89.84343449839304,67,56,18,1.726464415518631,91,8.386112658527251,1,12
833,63,1.519669715203324,34.563500091380874,1,96.45709854290378,28,42,9,4.437452727609896,59,31.407400575530932,2,14
834,167,8.605110134401983,24.860522234182284,1,82.28167393550255,71,52,4,3.9498019932851878,89,21.573609952645036,6,13
835,94,1.5314513001244476,85.60580994370527,0,78.69642038601579,87,38,9,2.1298044090116575,17,31.050883995253034,9,5
836,221,3.4449777222728994,91.0718117492145,1,70.43545283582826,81,66,4,3.803560446456359,41,38.322070364314996,3,8
837,265,1.9338070918227075,56.451707665856254,0,87.24517113579626,21,14,12,0.9683418038821113,51,27.739447785614473,2,8
838,282,3.6587983268238844,64.79525255612455,0,82.06824302294301,35,69,4,4.052000670532486,94,31.753887390187607,1,7
839,242,1.8150352084082844,29.40685704576787,1,81.23947657044486,36,79,14,2.895487711641962,75,46.827265405322315,2,11
840,100,7.012029256687127,81.07625535795984,1,75.48805963852638,38,11,7,1.8153057771916392,26,15.654151170833313,3,5
841,220,2.1999413470831763,65.05163070265719,1,82.90166035573823,24,79,13,3.4509978580288108,43,18.5990329930637,7,13
842,168,8.666613332549991,52.833783573309674,0,99.53325860750104,55,52,8,3.3872899942148407,91,36.16746472375751,2,17
843,263,8.354719456539769,10.710312827447604,1,78.93262461016732,10,13,5,1.4426880022381987,62,30.953970335713947,5,12
844,200,1.1229551692354849,92.0138214385596,0,87.99113240224301,69,65,12,0.6367883666518677,34,9.748112322446026,2,6
845,233,9.061537199636032,63.46788493651857,0,93.29460643947,66,68,13,2.4513016410575323,22,19.43121819051402,7,6
846,295,1.2604988506903037,23.305653995831957,1,92.47473469529595,12,98,14,3.0628034120498953,22,23.924062643111032,8,12
847,68,3.1568120646180096,62.60668111339002,1,79.86322862477772,27,18,18,4.444723752667693,78,21.550102060451078,8,15
848,131,1.2915022399839555,69.35901865279747,1,88.32580250550551,61,12,4,4.676975580414175,43,9.735465607779998,8,18
849,125,4.022591383353844,54.94818198490642,0,96.13794055810472,69,99,18,2.879623481705449,98,46.29707449742885,9,19
850,232,5.624798731419444,73.21966510582213,1,70.46342283199233,43,57,7,3.892115676958452,30,38.353619323004814,1,5
851,269,8.169803821136242,60.238125053219306,0,83.07203070529923,98,52,15,2.476864725475986,75,24.586435773284762,1,17
852,141,4.041833954228525,95.03811029305407,1,76.72820254725715,69,10,6,3.8573697045780184,11,34.32299038703499,2,11
853,237,7.349410222058051,10.10122246693415,1,81.65896871196517,35,66,16,1.4216068622262512,73,44.96685093464057,6,13
854,236,2.6875401140708233,15.093342304608248,0,82.47968823925726,81,62,8,2.1697913066158914,69,7.672532975716989,1,16
855,82,7.755386110697137,21.498805510662287,0,92.40012894359911,28,25,16,3.3540259946612667,50,13.268279484641907,5,19
856,196,3.123969453183138,70.56625170741155,1,72.81465617186329,31,60,16,0.5817108452318547,22,27.592361115575606,5,7
857,77,2.2919028034939113,66.33160791123183,1,85.37751709397531,42,84,3,3.751075896525293,17,40.151508196265574,4,11
858,172,2.668679653366489,89.74559171992094,1,86.92584375396237,47,99,17,4.259909755706751,29,2.776489876634842,5,10
859,229,2.6385681599366984,74.62335802397034,1,84.82472810655413,44,64,9,2.2961374749227814,12,49.21688935962167,1,19
860,175,5.61576591439292,53.29377131863627,1,91.9561975918816,76,10,3,2.5157408772972394,78,23.29042354123746,6,11
861,226,8.603178230693315,99.22402028404488,0,81.51373767720543,92,99,7,4.330769954974389,36,18.602325890464428,7,11
862,86,1.7164456929325507,30.28025583608342,0,98.34901190920229,19,37,18,3.99044585896715,21,15.343497454148821,8,14
863,203,7.362606866440804,84.15320767961812,0,84.45410327616824,24,62,12,1.7966727006501875,83,9.543478674892711,2,5
864,148,6.889118136875719,45.54508535842234,0,87.13641728844392,20,67,19,1.9578924795269255,83,39.787121537571366,7,18
865,147,8.85267956646426,66.62983819319476,1,94.76592470040248,99,82,16,3.554952045757685,52,47.81529407255873,6,7
866,176,3.1973280445621652,74.09050469298123,0,78.25708317793368,33,69,17,3.0343914160167254,67,21.268592987424512,9,14
867,276,5.050988728165267,65.20663828308196,0,72.25606086288407,86,68,15,1.2300330699342363,44,47.66861404291936,8,5
868,217,9.332446369991656,18.348193795316362,0,91.23351935087447,13,31,1,1.894684591531249,88,41.36608315631668,4,9
869,129,6.939941051217855,47.080346021053614,1,84.49035566645136,22,17,2,4.549924745953944,19,24.571505246339598,9,7
870,87,4.498915715754372,58.33664590364681,0,96.89512752876985,82,58,8,3.5967849652501855,10,34.0272827771805,1,5
871,126,2.182711445697416,85.65915712196669,1,99.48040146167303,66,51,2,4.936884429584838,98,22.314224779352685,6,6
872,175,3.3623650711053195,47.14634613586437,0,81.97328051724188,46,36,19,3.9515563849134625,67,28.377447002415067,8,14
873,136,6.23093929740445,92.28099395640389,1,82.46317048778982,57,48,9,4.738884944646156,12,3.844270513906687,4,9
874,103,7.463511528044624,46.83555118739501,0,82.2388780661718,80,92,9,1.4728485824171393,99,35.11691028972612,2,15
875,199,2.1197969816670414,57.13408662998611,1,79.73662329192778,10,34,13,3.9716819366761658,36,3.5884075797226984,2,7
876,65,6.396375340396486,80.6471398795661,0,93.45061293299193,69,47,6,0.5909788406650884,49,41.03716239906282,1,10
877,77,5.953161509548759,60.39143002010364,1,92.76987287472183,21,94,15,3.5184200977019024,56,41.422399543567316,5,13
878,289,5.625599020216372,96.22071687636834,1,84.35934611651575,30,33,19,2.611770251541086,83,12.616787090254515,6,10
879,212,7.211108059138072,67.73190389884212,0,71.33983649136697,20,33,15,2.060420323640309,86,16.859476270754215,4,6
880,237,8.537046355751157,54.6573981364221,1,79.28677904539221,53,69,18,4.380819585318901,17,24.584208549356372,4,6
881,222,3.9069071485918156,7.241236939175607,1,78.76909139664512,67,92,7,4.344204616958888,28,30.236482439691592,5,19
882,95,9.001109710998636,44.30462527013133,0,94.33261738600775,53,59,11,0.6003576720438961,44,15.080329425357839,5,17
883,121,2.4457025135669563,33.42859982971524,0,72.62726720248524,87,75,8,3.2427730510224393,18,30.031833826964327,9,17
884,285,2.557214827760479,76.07003844931148,1,94.17026137128113,43,23,6,2.155245009444304,96,15.591566588235645,8,12
885,232,3.4009485726153152,24.78637913958685,0,90.07550956597429,34,62,8,2.3704745067520214,79,3.719045332481973,9,15
886,296,2.0757778259237005,24.49590829293682,0,91.97324377391348,13,41,2,4.244183326484492,74,1.1238499417635386,3,12
887,263,3.072873022145898,23.004309107550796,0,82.9663956275507,73,57,19,1.8942789718745523,66,5.956401838003002,3,10
888,134,1.9577058661256013,16.93348324984241,1,90.39177388005274,99,48,16,4.74371964786929,93,39.82028430803689,1,14
889,75,8.395771752868512,34.5456653487343,1,88.27086834120747,25,49,7,1.3083522186746335,65,48.11013430678352,6,11
890,281,2.2507209269796213,89.16260087212538,1,93.06940585685888,19,51,10,3.4822509051568,5,21.921343764779742,4,5
891,134,7.725678018038711,78.61820486906572,1,83.40309503404757,75,86,12,3.524472801561941,93,26.121513719047197,8,19
892,202,1.4312248112200037,74.84886554914537,1,84.18476874688908,44,85,17,1.6348782264256319,70,8.19556028459788,2,16
893,282,9.536682947625236,80.74699653674645,1,89.3072866821946,92,17,7,1.9613777403524089,36,28.000536281327694,2,13
894,114,7.400440787749895,30.59469948630931,1,73.24232480999164,15,88,8,4.2565932166097316,17,8.088090198341865,7,9
895,183,1.061168937275006,89.30696062148634,0,83.08733345092952,28,35,7,3.928123647297286,37,30.949502228742674,5,13
896,200,7.874708501801926,18.043820638452416,1,99.15852535779416,68,21,4,1.980931461416418,36,46.72967471146184,1,6
897,164,5.6267372868956675,36.952844037980284,1,71.12656960180136,62,52,3,2.9028044612072024,60,10.58922842584894,7,18
898,113,8.014286533016078,60.74107130189758,0,79.48014168599181,17,60,19,0.7775613331389295,28,38.463622184798,7,12
899,136,5.702471280015296,14.77598339249006,0,79.42329457268113,87,91,15,1.4393564707938316,95,2.151618718097878,6,11
900,220,6.769223718718192,74.36236783876036,0,89.00392357707318,19,72,4,2.686192514871796,8,19.399364824759427,4,15
901,156,8.076984898555363,41.788374579330124,1,73.1740107827242,76,58,9,0.8868818087564522,92,6.4266768836949435,8,18
902,200,4.64597249129071,79.51853823279801,0,88.85632092636584,47,36,13,4.294995597013719,27,18.271296638189273,2,8
903,145,1.024373348384069,51.82514713053726,1,72.85120721954858,38,18,18,3.7310279454844153,33,9.503309062305291,2,7
904,207,8.649518463506695,22.183079820406952,1,72.84860942254993,24,48,16,4.746351517918226,25,19.291944516021484,2,8
905,126,4.428013263621963,74.80237207875771,1,91.84550071565447,96,74,1,3.6206010768381223,34,21.458617499268986,3,8
906,284,5.464384534149247,28.95367580469964,0,79.72405521498389,32,80,4,4.731806175179835,94,15.728965016265,6,14
907,195,1.0698997793857186,51.626978620464065,0,99.32268843141243,91,99,18,2.9953065006093427,24,33.17447552418333,1,14
908,136,5.428828093150882,12.175660569906224,1,71.12058809306664,55,80,8,3.200983749778862,20,46.02375051168657,2,12
909,256,9.878386614145565,63.697332169143486,1,83.35319991153982,92,16,16,4.896369745818174,71,20.629173331158345,2,17
910,274,3.5044089473689266,68.25648779054634,1,73.3940781302207,37,81,11,3.3895811608891715,53,10.424814667276049,1,17
911,198,4.558764432181403,40.974049947414436,0,80.54136900274327,35,89,19,0.6385395598733596,62,14.265415151603184,3,8
912,106,7.1847099682180895,95.67016413050202,1,99.94667351827152,19,76,19,3.757112494837355,48,42.84604035132208,7,18
913,152,8.333143007712927,88.0460475407965,0,96.66527535215596,56,19,18,4.5746091146183705,29,29.010346440237246,1,9
914,200,4.756524616054903,72.2543869952995,1,71.44973226566191,13,80,19,4.08011112407447,27,23.295540583040907,7,6
915,140,3.787019833611633,72.79694707690555,0,86.89767531477051,64,94,11,3.127249726814402,63,8.332199353937408,5,17
916,94,9.440432199865604,28.978162919504367,1,89.43466914473308,75,62,3,3.5208658089208233,5,23.036638107865315,9,8
917,221,7.094304700045023,67.39744695340265,0,76.28603871850378,76,96,8,4.955863051632523,19,14.646108164511947,2,11
918,259,2.0711917404382696,23.829595197374367,0,74.35316720189351,16,66,19,0.9079793982920225,85,47.21499326481411,1,7
919,137,1.6203509032118375,18.6803062723831,0,97.1314340399657,64,95,10,3.502601728849578,85,44.319435361370836,9,18
920,164,5.351948657113321,99.94944994924512,0,99.0644932445013,89,36,16,1.7752896255676722,56,5.111224549581703,8,18
921,96,2.980810594425452,64.12571348995155,0,99.75678571958926,40,63,5,3.3804067846377652,62,26.316020973800903,6,5
922,217,3.285862780386281,45.9438479024331,0,93.69285321203904,83,13,9,3.2343060914777246,45,12.027858930218931,5,17
923,228,8.899229609450634,32.375629673975375,1,89.90506208215771,28,97,8,1.1905557444867294,48,21.12807738669024,8,12
924,219,1.806094218846796,62.372442147911606,1,80.37190756578994,37,32,11,1.430359905831076,8,43.96555191432137,8,12
925,184,7.438277037060007,9.711383280908182,1,75.14194936974258,90,57,16,3.297333101194461,81,26.848211474538697,5,10
926,99,3.4402802804252923,13.99469409795553,1,72.36941798098695,37,92,7,1.0770347628669836,72,17.376549375167233,7,11
927,225,7.84295399263724,8.121386285337653,0,90.79892405654476,28,51,15,1.6933139380864528,11,11.186529351144856,1,19
928,133,7.501702460171901,52.421134159952864,1,93.54170245538074,96,12,17,4.258604964821011,50,40.215918110917976,4,14
929,140,1.0665271129986373,62.05762977278234,0,94.7936095736494,29,12,6,1.9719117770073737,13,31.60138275285301,2,15
930,183,5.582218716294392,10.93557732899298,0,97.41295009911396,22,37,15,2.696270703213483,91,23.935207560885328,3,6
931,140,2.2538753414024173,73.51632441239707,0,96.39788690915121,86,72,8,4.7351315081562815,37,11.656733339285925,1,9
932,186,8.796043275208092,26.887531793883618,1,99.99223816774278,52,90,7,1.5221708997662584,37,17.378072333699436,2,16
933,294,8.84427294576166,70.09413810813727,0,77.32192032901754,20,40,2,2.2533170781110465,88,48.032327910187405,1,11
934,158,4.765112267443822,98.28022830334834,1,92.89922845636632,57,19,13,3.2290599899459553,8,26.484406942685883,8,19
935,106,4.999560566059725,70.65505765511585,1,87.59378537124392,24,58,6,3.899025182767875,69,20.634264780919395,4,13
936,80,3.7295464546407437,88.90334002774281,1,77.83735397360748,26,95,5,4.557440240207173,38,26.549680075067872,3,5
937,70,7.449456690640279,95.07885814059141,1,99.45715966860828,63,30,1,4.619628444080818,95,39.170436789080824,1,19
938,139,4.227952267238132,51.24134959346998,1,96.93694314322757,59,62,18,3.9948803346768034,89,17.66533788864057,2,7
939,89,3.410132270703704,71.72087304487215,0,73.85547005332349,37,96,15,1.527488764669897,92,9.756599925697834,3,10
940,161,4.890079535540574,85.93707908780496,0,70.7847502697026,92,85,10,0.6116419851915461,83,29.661869798613342,3,18
941,94,1.8233876654871284,38.87784672306668,1,90.6499228699803,13,98,3,2.226982686600307,68,33.595001070572295,6,11
942,126,7.719428841797835,29.832745073237515,0,88.12391886569606,31,63,5,1.136969829445205,29,35.92318214496893,8,10
943,226,1.1133676114460827,94.92686441394217,1,98.07446872333438,95,66,13,3.6967444134723415,59,44.21739194754035,6,5
944,136,6.800365553685346,73.9988325350377,0,77.0201586148111,48,29,8,3.4750876407157256,13,19.187531913766538,2,8
945,197,2.645780740793852,25.8698026707035,0,72.53163843684962,43,58,2,0.6978723872965468,21,4.692389915215698,2,10
946,150,3.091636415929718,47.662922304230776,0,77.77646001315959,53,16,9,4.26467200608928,25,47.95908059791617,7,12
947,295,6.72068798776036,80.6629181060919,0,70.5678292153439,51,38,17,1.6193446983103201,64,22.315584444436283,1,14
948,166,9.936491192046164,56.970984137252,0,71.07678253566797,49,57,18,2.44502183970969,17,31.539617973983436,1,19
949,141,7.999457401652956,66.74544932575947,0,97.4457341776228,21,22,13,3.5057018095508408,7,33.648960833286324,7,18
950,194,3.032556690010528,76.60797919427998,0,80.56049747505635,11,12,1,2.43238454083514,72,27.779171726358975,9,8
951,77,2.584222795370204,64.09087293685316,0,82.32427003029042,37,11,12,2.485795112599745,8,11.057618957077235,5,11
952,218,8.796095832409033,56.3075355826086,0,70.55114963614314,83,25,5,0.7953259790108317,96,38.00200945569093,1,15
953,243,4.997655531293539,76.21335701683847,0,78.1156534051554,95,15,8,2.3064959716700173,11,40.3838467409,5,7
954,74,2.2334752254533994,74.11848836605907,0,94.14177951224293,90,54,15,3.941815519489926,30,28.09580371485455,1,12
955,107,8.759902809897444,64.837878017402,0,88.46472879000157,99,80,3,4.61829351733969,79,24.939496868657237,9,5
956,291,8.344831176228354,39.17999427128331,0,92.61341803259246,76,14,6,2.360737116785173,28,6.58297097327128,4,8
957,90,9.855157275074472,43.5521487590258,1,83.41641222381355,80,65,13,2.406136220955855,14,5.113631413489408,9,12
958,183,9.187693180414156,97.19166214398925,0,79.2918766525399,81,80,12,3.6618219784564343,17,17.63867743261291,2,14
959,124,8.666113047944876,15.676663567694954,0,84.48430279985111,93,41,19,4.742474004973745,48,16.23146162035227,7,8
960,298,1.4731695802990283,30.507967139019357,0,79.69213205217254,85,58,18,1.701774231077121,43,47.72916609720029,2,6
961,87,1.9397383254830622,51.778167124411894,0,95.16913290022204,90,22,1,2.480648929420716,23,39.39751437972806,4,6
962,183,6.120848748737105,84.48932018365966,0,78.93021146778537,19,39,7,4.081879595985355,55,33.336290467693935,6,8
963,222,5.783313216536388,20.549188054324148,0,89.79290921359251,95,34,12,3.2436210621831734,23,26.364756361862646,2,19
964,124,5.12166893040582,31.310688721837938,1,74.10946666928584,66,94,10,0.9976385478377963,80,9.201009005605915,2,17
965,191,4.571103928731258,11.250830690547703,1,90.6059948120473,95,69,12,3.3247973100301955,56,48.94437693702991,2,8
966,115,4.88089436377896,72.06860027482776,1,97.398991348001,46,68,11,1.340358280687971,90,19.376994213770292,3,19
967,217,6.123681407213157,27.62989637018353,0,88.25749463919725,86,94,4,2.795971703352819,51,6.239354519914995,5,6
968,52,1.0186886584007309,41.924101313740294,0,86.79566140103432,73,37,19,2.8809647044719733,34,25.19614589007156,9,11
969,296,3.34637896719567,47.151637467818446,0,98.8335480406492,88,67,6,4.442915130012432,50,43.82590256904108,6,19
970,166,5.6645174861984,89.67482388261328,1,88.82189665947539,95,29,9,2.5812242330559716,80,44.477259087089145,9,10
971,148,7.499944888062816,44.0763775814675,0,77.78651299819248,49,43,10,1.757490900061524,97,1.5373298867659155,5,15
972,274,2.5674102315585667,18.79637689194866,0,78.77173071543221,69,14,5,1.539348566972142,25,44.42849149281859,6,7
973,201,5.921930564086897,54.80991914231149,1,91.15919927607781,57,91,13,4.434133445079512,79,14.302726657493068,8,12
974,68,7.430137154972035,96.48100949161982,1,92.06309781676559,28,69,9,1.2695488448820278,52,2.9096458344527307,3,12
975,195,5.001648921225142,62.73013589982705,0,79.10488695367046,81,52,2,2.416408523974147,66,42.541723247780844,2,5
976,241,1.2437302030304593,98.4217859437544,0,80.3603193377899,42,66,18,1.3422790171712615,62,43.3294710434222,3,7
977,290,5.043413426190731,84.90519434919266,0,99.73169526217261,53,66,1,3.979868180514689,22,30.215322912275152,9,9
978,165,3.668003989697378,8.416746840274216,0,73.05857648740832,46,84,12,2.6346768798857854,63,29.14725410752156,6,6
979,174,9.366846469311955,67.54796156081898,1,82.13935085320298,98,63,10,2.0801466075056543,95,40.84289335844955,4,16
980,137,2.1215204711049465,32.24285336799895,0,71.87342593592523,45,90,2,2.1249483828191007,52,39.52916808280371,3,16
981,286,6.8722835995650895,58.16360128624876,0,94.63235085994722,90,54,9,4.334963930253407,67,44.6151681986925,2,9
982,84,1.4744778970105104,31.537793138466522,1,72.77037516836296,97,95,2,2.9919827943249713,16,28.08462493223847,4,15
983,239,5.015533940314269,38.14268957750259,0,90.22022069388133,30,46,14,3.730405330090686,91,48.414707543907625,9,14
984,50,5.985815384980725,92.70102761664704,0,71.69450272010447,11,93,11,4.53667332312808,38,49.811194715733585,4,7
985,277,3.681594381851789,24.631102564712002,1,90.18565113429074,40,57,11,4.557837542182889,65,6.710685889932996,5,19
986,202,5.09568071968346,88.04036621245389,1,95.2911084078311,39,63,17,1.9782907445203841,91,42.627644218151985,8,13
987,222,2.471984150771686,7.893491766697196,0,81.96464580772172,85,57,4,4.7860306841587335,57,25.49129062968086,2,15
988,226,3.7371146452123254,13.633271145116595,1,85.6637948029653,53,15,13,0.6119414690657246,29,19.990750576691774,3,5
989,175,6.589956924191827,86.19412893150503,1,82.04625214015847,21,43,7,2.1957600245727456,66,31.040543184253035,6,8
990,284,3.7162005027503957,64.90282293637355,0,79.01466275897917,60,72,16,4.531094858789787,8,3.742312305838344,7,14
991,275,9.097687705679846,75.98743311375728,1,94.09790201881384,58,87,1,1.7358659591764232,98,25.816594819586914,4,10
992,138,6.655662618768908,24.894678728076155,0,78.16007721192969,33,57,13,1.7288665264459326,98,43.673637931306665,1,19
993,193,4.94784116592386,56.02292828105983,0,91.68830273168341,33,32,1,1.8618002828684992,17,11.459614290809471,7,13
994,275,1.3488124199876421,75.03582623927396,0,76.18591237765607,69,93,11,3.25541023181115,46,21.89310484370183,9,7
995,270,5.495935016842041,64.59484301597493,0,77.49561388234989,20,22,6,2.472497490264592,53,47.0345634980289,1,19
996,196,7.882986179125803,49.8113828546649,1,80.09383487731637,22,56,3,3.7703067635900416,82,21.999628052479167,1,7
997,200,3.3900183821117227,96.17945971158291,0,87.67469132181364,81,53,12,4.527097891540996,60,18.56001398428752,1,19
998,260,8.260962126838905,69.2349466780773,0,83.63266957478623,83,41,5,3.533897187242873,51,22.586295758045534,7,16
999,74,3.2662608944579334,91.2363260229176,0,92.35434429483462,81,35,9,1.4201002408890897,12,26.45318555936026,9,9
1000,65,8.413717491557204,74.32819859949971,0,76.40701901008578,73,62,12,4.6970685606222595,59,31.967575862441972,3,11
