Customer_ID,Year,Customer_Satisfaction_Score,Net_Promoter_Score,Customer_Feedback_Volume,Service_Interaction_Quality,Response_Time_Minutes,Resolution_Time_Minutes,Repeat_Purchase_Rate,Customer_Loyalty_Metric,Customer_Age,Customer_Gender,Customer_Income,Customer_Region,Issue_Category
1,2011,7,6,3,3,15,53,91,5,48,Other,60000,Midwest,Billing
2,2019,5,0,6,1,6,569,61,3,35,Female,60000,Midwest,Technical
3,2015,5,-17,8,2,54,91,87,10,47,Other,90000,West,Service
4,2012,5,60,7,4,45,520,79,2,49,Male,40000,Midwest,Technical
5,2011,1,-73,5,1,31,302,63,1,57,Female,60000,South,Billing
6,2015,7,35,6,2,38,258,84,10,40,Female,30000,South,Technical
7,2013,5,-100,7,2,7,49,57,5,28,Female,70000,South,Technical
8,2008,8,64,7,3,20,32,51,8,79,Male,90000,East,Technical
9,2012,8,6,5,3,31,450,72,8,37,Female,70000,Midwest,Service
10,2007,9,-79,5,4,8,336,65,3,36,Female,50000,South,Billing
11,2006,7,-31,1,3,27,461,81,7,53,Female,60000,Midwest,Service
12,2016,1,24,2,2,54,165,65,7,69,Female,60000,West,Technical
13,2010,3,48,4,1,24,544,57,2,43,Male,50000,East,Service
14,2006,8,-5,5,5,29,222,63,5,27,Other,90000,West,Service
15,2013,3,6,5,2,34,444,65,3,41,Other,80000,Midwest,Service
16,2016,8,-22,1,1,22,147,99,2,30,Female,60000,Midwest,Technical
17,2016,1,6,3,2,46,238,38,3,78,Male,30000,Midwest,Technical
18,2021,5,-41,5,4,15,63,50,2,69,Female,40000,South,Service
19,2014,4,19,3,3,33,347,93,8,63,Other,40000,Midwest,Billing
20,2020,5,-55,4,2,21,149,90,5,70,Other,60000,West,Billing
21,2019,8,77,3,1,30,554,69,3,51,Male,60000,Midwest,Service
22,2019,10,75,4,3,27,118,85,5,46,Other,40000,North,Billing
23,2016,4,6,1,3,56,541,33,8,53,Female,60000,East,Technical
24,2007,4,-45,8,4,52,322,60,7,24,Male,60000,Midwest,Technical
25,2009,3,9,4,3,24,551,56,6,68,Other,60000,South,Service
26,2011,7,6,5,4,49,313,87,1,47,Female,60000,Midwest,Service
27,2013,3,56,2,5,6,406,54,10,79,Male,50000,Midwest,Service
28,2011,3,98,2,1,28,163,98,1,34,Female,80000,South,Technical
29,2022,10,3,6,2,35,277,99,1,65,Other,80000,West,Service
30,2008,5,-24,2,3,31,347,34,10,30,Female,30000,Midwest,Billing
31,2018,5,45,6,5,6,465,63,8,73,Female,60000,Midwest,Service
32,2022,6,-99,2,3,18,205,38,8,48,Female,40000,North,Service
33,2013,8,-93,4,4,31,380,44,7,71,Other,90000,Midwest,Technical
34,2006,5,-26,7,3,53,172,36,6,72,Male,80000,Midwest,Billing
35,2013,6,81,8,5,17,427,44,4,48,Male,60000,Midwest,Billing
36,2013,1,24,3,2,40,398,66,1,75,Other,30000,East,Billing
37,2016,5,-63,9,2,39,530,68,9,44,Female,70000,Midwest,Technical
38,2012,8,75,2,3,48,399,35,1,67,Female,80000,Midwest,Billing
39,2019,9,-74,5,3,58,411,86,4,38,Other,30000,West,Billing
40,2007,9,-81,8,3,59,322,48,3,48,Male,60000,East,Service
41,2018,5,39,4,4,12,489,92,7,72,Other,60000,North,Service
42,2021,2,-58,1,2,6,354,60,5,74,Male,30000,Midwest,Service
43,2008,3,88,1,2,10,322,39,5,18,Male,50000,West,Billing
44,2022,1,-70,2,2,35,518,96,4,32,Female,70000,Midwest,Service
45,2013,4,-10,9,1,58,426,91,1,20,Other,30000,South,Technical
46,2008,4,-40,2,1,14,384,32,5,23,Male,80000,Midwest,Billing
47,2006,9,94,2,5,48,317,47,4,31,Female,50000,South,Billing
48,2010,9,8,6,3,31,488,63,10,72,Other,30000,Midwest,Technical
49,2014,9,-10,7,3,46,565,49,8,55,Other,40000,Midwest,Billing
50,2013,10,62,5,4,31,320,63,2,50,Female,80000,Midwest,Technical
51,2022,7,-6,9,2,27,197,79,8,69,Male,80000,North,Technical
52,2016,2,42,6,1,7,457,39,1,55,Male,60000,West,Service
53,2006,10,43,8,4,36,519,50,4,25,Female,40000,West,Billing
54,2014,5,-88,6,4,24,384,58,3,43,Male,60000,South,Service
55,2008,4,12,2,1,14,225,39,5,48,Other,60000,East,Billing
56,2018,8,-66,1,3,33,574,42,5,31,Female,60000,South,Service
57,2020,2,86,5,2,45,40,76,5,65,Other,80000,West,Technical
58,2013,6,48,9,3,56,285,52,4,48,Male,70000,West,Technical
59,2012,5,81,5,4,55,425,79,8,72,Other,60000,Midwest,Technical
60,2018,2,57,4,2,50,438,33,5,65,Female,60000,Midwest,Technical
61,2012,5,-53,5,5,38,391,96,4,76,Female,60000,Midwest,Billing
62,2020,5,-66,5,3,41,288,82,1,36,Male,60000,South,Billing
63,2017,8,-15,6,3,24,32,31,7,73,Male,40000,Midwest,Service
64,2022,2,6,3,3,12,113,97,1,50,Female,60000,East,Billing
65,2019,7,58,5,3,11,185,94,2,53,Male,80000,Midwest,Billing
66,2017,5,51,2,1,10,205,86,7,41,Male,50000,North,Service
67,2013,9,13,1,4,31,322,99,1,27,Male,60000,Midwest,Technical
68,2013,8,76,1,2,48,453,36,3,69,Female,40000,South,Service
69,2017,10,6,7,3,22,163,63,6,67,Female,50000,East,Service
70,2005,5,59,2,3,55,409,73,6,51,Other,90000,Midwest,Technical
71,2011,2,6,4,1,46,306,92,6,53,Male,60000,Midwest,Service
72,2013,6,6,5,2,33,265,94,2,64,Other,80000,North,Service
73,2005,4,-2,7,4,29,42,68,2,78,Female,50000,West,Service
74,2016,4,-98,2,5,25,371,63,6,53,Female,30000,Midwest,Billing
75,2012,5,96,6,1,50,64,73,10,33,Male,60000,Midwest,Technical
76,2015,3,-16,1,4,7,588,41,5,32,Male,60000,Midwest,Technical
77,2021,1,24,7,5,22,243,51,7,35,Other,50000,South,Service
78,2012,8,37,9,3,28,441,43,5,24,Female,80000,Midwest,Billing
79,2007,5,-18,5,3,51,434,59,5,64,Other,60000,Midwest,Technical
80,2007,3,-76,5,2,42,523,73,8,39,Other,40000,South,Technical
81,2013,10,-33,4,5,14,188,67,5,49,Other,90000,South,Service
82,2009,7,-40,3,3,31,322,88,6,60,Male,90000,Midwest,Service
83,2014,7,-72,9,3,16,578,71,5,36,Female,40000,Midwest,Service
84,2011,1,6,5,2,11,555,81,4,57,Other,60000,East,Technical
85,2013,9,-82,5,4,21,376,92,7,73,Female,60000,South,Service
86,2013,2,70,5,3,5,308,90,4,18,Female,90000,West,Service
87,2013,5,93,5,1,54,508,63,5,48,Other,70000,Midwest,Service
88,2012,5,-27,9,1,30,140,68,5,22,Female,70000,Midwest,Billing
89,2016,8,-40,2,4,19,460,70,1,67,Male,80000,Midwest,Service
90,2006,8,70,9,5,55,571,66,1,29,Female,80000,North,Technical
91,2005,7,52,4,2,37,144,94,5,29,Other,80000,Midwest,Service
92,2020,7,-81,6,1,41,119,61,3,38,Other,30000,East,Technical
93,2009,6,-53,6,3,51,241,37,2,76,Female,60000,South,Billing
94,2007,6,-14,6,4,35,322,47,2,75,Other,40000,Midwest,Billing
95,2013,9,51,2,5,39,568,74,6,36,Female,60000,Midwest,Service
96,2012,6,38,7,5,5,322,62,1,26,Other,80000,South,Technical
97,2007,2,6,5,4,12,322,34,6,60,Female,30000,East,Service
98,2005,2,82,1,1,16,401,65,5,66,Other,60000,Midwest,Service
99,2007,5,-73,2,2,58,244,52,6,48,Other,60000,South,Technical
100,2009,4,96,7,1,23,44,69,5,53,Male,70000,South,Technical
101,2019,5,90,1,5,31,288,34,7,59,Female,60000,South,Service
102,2018,3,-42,5,1,36,492,63,1,71,Male,70000,South,Technical
103,2007,7,32,5,2,16,149,53,3,64,Other,60000,Midwest,Technical
104,2005,8,6,8,3,17,157,46,6,74,Female,50000,Midwest,Billing
105,2009,6,48,4,1,32,552,100,1,68,Female,80000,Midwest,Billing
106,2018,5,-89,4,4,5,354,51,7,48,Other,90000,Midwest,Billing
107,2011,1,-51,2,3,55,349,44,4,52,Other,30000,Midwest,Technical
108,2013,8,6,1,4,10,535,44,3,48,Other,70000,East,Service
109,2019,3,12,5,4,12,555,54,10,77,Other,60000,North,Technical
110,2019,6,69,7,3,8,79,82,9,70,Female,70000,East,Service
111,2014,3,65,5,1,9,98,50,1,72,Female,70000,Midwest,Billing
112,2013,7,52,6,5,29,420,95,5,49,Female,70000,Midwest,Billing
113,2011,7,-87,2,3,26,412,61,1,79,Female,40000,East,Service
114,2021,9,-69,7,3,31,45,63,5,54,Female,90000,North,Service
115,2008,5,38,2,3,43,468,97,10,49,Female,90000,South,Billing
116,2013,8,88,8,1,31,597,73,8,60,Other,40000,West,Technical
117,2011,5,45,8,4,8,161,95,6,73,Male,40000,Midwest,Billing
118,2017,10,54,1,2,56,589,43,7,54,Female,40000,Midwest,Technical
119,2019,8,-46,8,3,8,322,44,8,56,Female,90000,North,Billing
120,2015,1,81,2,3,31,302,49,6,55,Male,50000,South,Billing
121,2008,5,19,6,5,25,378,63,6,47,Other,70000,South,Service
122,2017,3,-26,1,2,41,513,65,6,75,Female,50000,West,Service
123,2013,1,-80,5,3,45,579,38,5,49,Other,60000,South,Technical
124,2006,4,71,7,3,6,386,100,8,62,Female,90000,North,Technical
125,2014,8,32,5,2,11,347,59,2,19,Female,60000,Midwest,Service
126,2013,3,-14,2,4,53,77,92,5,48,Male,90000,South,Service
127,2010,10,68,7,3,20,39,64,4,28,Male,30000,Midwest,Service
128,2016,2,6,6,5,21,262,42,1,48,Other,50000,Midwest,Technical
129,2016,9,-12,3,2,24,65,63,5,37,Female,40000,North,Technical
130,2015,5,81,5,5,27,442,85,3,54,Other,60000,Midwest,Billing
131,2013,5,49,4,5,38,491,63,4,48,Male,60000,Midwest,Technical
132,2005,7,-18,3,5,15,33,65,7,55,Male,60000,Midwest,Technical
133,2005,2,-36,7,1,31,73,32,5,66,Male,70000,East,Service
134,2017,9,-37,8,3,37,322,48,4,36,Female,30000,Midwest,Service
135,2013,9,-30,2,4,30,583,57,1,72,Male,50000,Midwest,Service
136,2007,4,-97,7,4,6,284,52,6,57,Other,70000,West,Billing
137,2011,4,92,8,3,27,322,36,10,24,Other,70000,Midwest,Service
138,2010,6,42,6,5,31,426,43,6,22,Male,80000,Midwest,Service
139,2012,10,6,6,5,26,203,75,5,64,Female,80000,East,Service
140,2013,5,49,1,2,38,284,44,1,59,Female,50000,Midwest,Service
141,2009,10,74,4,1,31,495,96,4,41,Female,50000,East,Technical
142,2005,6,-8,1,3,14,306,44,9,48,Female,50000,North,Billing
143,2014,1,73,5,5,19,493,80,10,58,Female,50000,West,Technical
144,2013,9,41,2,2,46,531,37,5,24,Female,60000,Midwest,Technical
145,2019,2,77,5,1,31,470,98,2,28,Other,60000,Midwest,Service
146,2013,5,47,9,3,27,98,91,4,26,Female,90000,East,Technical
147,2021,9,77,3,3,21,538,80,6,66,Female,70000,North,Service
148,2021,4,11,8,5,13,355,92,4,48,Female,90000,East,Billing
149,2016,3,60,3,3,54,96,97,10,58,Other,60000,East,Technical
150,2011,7,18,6,2,40,333,45,5,20,Male,70000,Midwest,Technical
151,2006,6,6,4,3,31,513,53,3,39,Other,40000,North,Service
152,2007,8,-58,8,4,20,577,35,6,57,Female,60000,West,Technical
153,2021,3,-89,6,2,40,322,86,4,68,Female,90000,North,Technical
154,2009,5,6,8,1,52,188,60,3,37,Other,70000,Midwest,Technical
155,2021,10,17,1,1,55,178,35,3,49,Female,50000,South,Billing
156,2021,4,-81,5,5,37,56,58,5,65,Male,30000,Midwest,Billing
157,2021,4,65,1,5,59,277,96,3,24,Female,90000,South,Technical
158,2006,4,30,1,4,35,130,32,10,77,Female,60000,North,Technical
159,2006,5,55,5,1,10,125,57,1,24,Female,80000,South,Service
160,2009,8,83,7,1,14,413,77,5,37,Female,60000,East,Billing
161,2005,6,-11,3,1,20,311,63,9,42,Other,60000,Midwest,Billing
162,2005,3,6,6,1,8,351,62,4,62,Other,80000,Midwest,Billing
163,2006,10,-88,9,3,58,425,96,5,48,Female,70000,Midwest,Technical
164,2016,5,-35,7,2,26,307,98,8,61,Female,30000,Midwest,Service
165,2010,6,-64,3,2,17,322,63,1,41,Female,80000,Midwest,Service
166,2013,5,76,6,4,20,322,86,5,57,Other,90000,South,Technical
167,2015,5,-35,4,3,56,322,73,5,30,Female,30000,Midwest,Technical
168,2021,8,-65,3,1,33,323,42,7,69,Male,60000,Midwest,Service
169,2013,7,6,9,1,10,424,53,5,65,Male,40000,Midwest,Service
170,2009,5,-75,5,5,31,542,73,5,56,Other,60000,East,Billing
171,2006,10,6,1,5,15,209,86,1,21,Female,70000,North,Technical
172,2010,6,99,2,4,28,264,45,7,78,Male,40000,South,Billing
173,2015,4,7,7,1,33,366,50,1,29,Other,40000,Midwest,Service
174,2020,9,67,1,4,7,37,80,3,48,Male,30000,Midwest,Billing
175,2020,4,-58,6,3,56,472,50,6,18,Female,70000,North,Service
176,2013,1,49,7,3,14,568,89,6,79,Other,40000,West,Service
177,2013,7,47,9,1,5,120,80,7,34,Other,50000,North,Billing
178,2010,7,6,8,3,56,301,50,1,19,Female,40000,West,Technical
179,2020,4,-72,6,1,47,322,35,7,23,Male,50000,North,Billing
180,2007,3,-61,3,5,30,248,94,2,61,Male,60000,West,Billing
181,2008,8,57,8,4,16,147,87,6,75,Other,50000,Midwest,Technical
182,2007,5,27,7,3,18,144,35,8,28,Male,50000,Midwest,Technical
183,2011,10,-100,3,2,29,292,94,5,70,Male,30000,Midwest,Billing
184,2013,7,15,9,5,12,335,63,10,60,Female,40000,West,Service
185,2005,4,82,2,1,47,322,85,3,35,Female,60000,West,Billing
186,2012,4,6,3,5,8,322,32,8,57,Female,60000,East,Service
187,2011,8,73,2,3,32,332,71,8,42,Other,90000,West,Technical
188,2022,8,-39,1,2,11,141,91,4,56,Female,90000,Midwest,Technical
189,2012,2,-94,4,5,14,446,35,8,45,Female,50000,Midwest,Service
190,2005,2,6,5,4,55,584,35,5,48,Male,80000,Midwest,Billing
191,2015,3,86,6,4,40,314,92,5,33,Female,50000,East,Service
192,2022,3,83,5,4,6,214,49,3,29,Other,40000,West,Service
193,2014,5,75,1,5,30,250,50,7,58,Female,60000,Midwest,Service
194,2007,3,54,3,5,57,322,31,9,69,Other,60000,Midwest,Billing
195,2011,6,80,1,5,31,146,85,9,46,Male,80000,South,Service
196,2020,8,-13,5,1,18,99,39,1,40,Male,60000,Midwest,Service
197,2020,10,-28,5,2,20,99,99,1,48,Female,30000,East,Billing
198,2021,6,6,6,3,58,456,52,10,33,Female,60000,Midwest,Technical
199,2006,5,78,5,3,47,597,59,5,70,Female,50000,Midwest,Technical
200,2005,4,6,1,4,46,472,66,1,48,Male,90000,North,Technical
201,2020,3,18,4,1,21,166,84,4,65,Female,30000,Midwest,Service
202,2016,4,-44,1,5,31,533,63,1,58,Female,90000,Midwest,Service
203,2009,7,-100,9,4,26,160,63,2,62,Female,40000,East,Billing
204,2009,5,-6,5,3,8,247,73,2,43,Female,60000,East,Service
205,2013,7,6,7,4,23,322,51,4,54,Female,40000,South,Service
206,2013,1,9,5,3,6,504,60,8,39,Other,60000,Midwest,Technical
207,2007,2,-81,7,1,43,158,36,2,68,Female,80000,South,Service
208,2020,5,23,2,3,13,86,50,9,27,Female,80000,East,Service
209,2020,1,-48,4,1,23,210,45,5,24,Other,80000,Midwest,Service
210,2007,5,18,7,2,20,275,49,5,48,Other,90000,East,Billing
211,2005,6,-89,3,4,58,173,72,1,42,Other,60000,East,Service
212,2015,5,76,2,2,29,322,73,10,63,Male,30000,North,Billing
213,2021,1,-84,2,2,31,397,76,10,32,Male,80000,Midwest,Technical
214,2012,6,-37,1,1,22,488,48,9,30,Male,50000,South,Service
215,2008,4,-59,5,3,27,247,77,2,59,Other,60000,South,Billing
216,2010,4,-7,6,5,57,596,98,8,63,Male,60000,West,Technical
217,2012,6,56,6,1,25,286,40,3,43,Female,60000,North,Service
218,2007,7,46,9,5,15,322,58,1,38,Other,90000,East,Billing
219,2020,9,-90,4,2,43,594,74,1,40,Female,60000,East,Billing
220,2007,10,-3,1,5,45,471,97,5,78,Other,60000,North,Technical
221,2022,5,77,6,3,8,54,65,2,61,Other,60000,Midwest,Service
222,2018,5,6,5,1,29,565,77,7,45,Female,70000,Midwest,Service
223,2022,4,7,6,3,36,89,44,6,78,Other,60000,Midwest,Service
224,2006,10,-43,5,3,34,496,73,5,48,Male,60000,West,Billing
225,2007,2,-67,5,1,49,463,96,4,55,Male,40000,Midwest,Service
226,2020,3,-81,6,3,30,95,69,2,29,Male,60000,Midwest,Billing
227,2013,1,-51,1,4,40,594,43,1,41,Other,80000,North,Billing
228,2008,6,1,7,4,55,135,92,3,30,Other,70000,South,Technical
229,2005,6,6,7,3,38,125,80,5,57,Male,90000,Midwest,Billing
230,2013,5,59,7,5,13,580,87,10,65,Other,40000,West,Technical
231,2005,3,-49,1,3,16,197,44,5,19,Male,60000,Midwest,Technical
232,2018,5,-86,4,1,6,71,94,5,71,Female,90000,North,Service
233,2020,3,-17,7,1,42,133,84,7,56,Other,90000,Midwest,Technical
234,2012,10,30,9,5,9,233,39,10,29,Other,60000,East,Service
235,2011,3,-64,5,1,9,549,71,5,56,Female,40000,Midwest,Technical
236,2007,10,25,2,3,56,311,40,9,68,Female,30000,East,Billing
237,2021,3,-61,7,3,26,322,45,7,31,Female,80000,Midwest,Service
238,2013,5,-29,1,1,9,139,48,5,47,Male,60000,Midwest,Billing
239,2020,5,-61,7,1,8,239,60,9,58,Male,30000,West,Service
240,2013,4,-45,6,2,13,78,82,8,67,Female,50000,Midwest,Billing
241,2018,1,6,7,2,33,144,37,10,48,Female,30000,West,Technical
242,2010,5,3,3,2,26,184,53,9,65,Other,30000,Midwest,Service
243,2010,10,38,3,3,31,532,37,10,36,Female,60000,West,Service
244,2017,5,9,7,4,14,100,77,8,48,Other,60000,Midwest,Service
245,2012,5,91,2,4,31,548,59,6,60,Male,80000,West,Technical
246,2006,6,35,1,4,46,365,87,4,67,Female,60000,North,Service
247,2005,10,-8,9,3,46,96,84,9,60,Male,30000,Midwest,Technical
248,2019,4,-7,9,3,55,522,91,9,42,Other,70000,North,Technical
249,2005,7,-45,7,2,14,242,77,10,21,Male,60000,South,Technical
250,2013,7,-41,7,1,10,210,33,10,67,Other,60000,South,Billing
251,2013,2,37,3,3,53,277,66,9,68,Male,60000,East,Technical
252,2008,5,-62,2,5,9,243,37,10,30,Other,30000,East,Service
253,2007,5,-73,7,1,10,388,30,3,53,Male,50000,East,Technical
254,2021,8,-52,9,2,51,278,99,3,79,Female,50000,South,Billing
255,2021,9,63,1,1,29,545,76,6,59,Female,60000,West,Service
256,2016,4,24,4,1,31,117,34,6,78,Male,40000,Midwest,Billing
257,2018,6,-88,6,5,54,205,79,6,71,Other,80000,West,Technical
258,2010,9,-65,7,2,31,455,53,5,54,Male,50000,Midwest,Billing
259,2007,6,0,7,3,44,322,76,5,20,Female,60000,Midwest,Service
260,2013,9,-75,2,5,52,167,47,2,33,Other,70000,Midwest,Billing
261,2009,4,-15,4,3,36,462,57,7,43,Female,40000,Midwest,Service
262,2021,5,-97,5,2,55,499,34,4,57,Male,80000,Midwest,Service
263,2018,9,-19,5,1,56,379,59,3,73,Other,70000,East,Technical
264,2007,4,6,1,4,39,155,30,8,56,Male,70000,Midwest,Technical
265,2005,5,65,5,4,14,338,75,4,36,Female,60000,Midwest,Service
266,2013,8,26,3,2,38,259,98,4,63,Female,30000,South,Billing
267,2007,10,-13,8,3,40,489,63,8,32,Other,30000,West,Service
268,2022,6,26,5,3,10,374,99,1,49,Male,60000,Midwest,Technical
269,2014,7,19,1,4,47,339,85,9,48,Male,50000,Midwest,Billing
270,2013,3,-79,5,2,50,49,57,7,38,Female,30000,North,Service
271,2012,7,29,2,2,31,590,45,2,18,Other,80000,Midwest,Technical
272,2018,8,-70,4,3,57,570,83,6,23,Other,60000,South,Service
273,2022,10,18,2,4,23,589,82,8,44,Other,60000,North,Service
274,2019,6,-90,7,4,38,506,41,5,40,Female,60000,North,Service
275,2006,5,-55,5,1,31,298,49,6,64,Female,50000,South,Billing
276,2014,9,-5,7,5,35,32,63,10,48,Other,80000,West,Technical
277,2006,6,89,5,2,53,322,82,8,29,Other,30000,Midwest,Technical
278,2021,9,96,5,1,45,387,93,6,38,Male,80000,Midwest,Service
279,2012,4,91,9,2,21,322,52,9,69,Male,60000,Midwest,Service
280,2005,8,-91,5,1,51,341,56,9,19,Other,70000,North,Service
281,2013,4,67,5,5,34,511,46,9,22,Female,60000,West,Billing
282,2013,2,6,6,1,31,573,77,6,26,Female,60000,Midwest,Technical
283,2020,5,51,9,3,58,334,50,9,37,Male,60000,South,Service
284,2011,9,-2,8,4,59,298,79,3,48,Other,80000,Midwest,Technical
285,2014,5,71,8,2,35,443,69,5,35,Female,40000,East,Service
286,2013,5,11,8,3,31,54,32,5,78,Female,60000,West,Technical
287,2022,2,-41,1,3,31,345,46,8,48,Female,60000,East,Service
288,2017,1,89,1,3,31,322,90,4,48,Female,70000,West,Billing
289,2011,7,6,5,3,5,418,79,6,51,Male,60000,Midwest,Service
290,2008,6,44,5,5,8,473,35,6,26,Female,60000,South,Service
291,2017,2,-36,9,3,32,456,57,5,24,Female,60000,Midwest,Service
292,2005,5,-44,2,4,31,86,84,1,47,Other,60000,North,Service
293,2012,4,82,9,2,30,595,87,7,78,Other,40000,Midwest,Service
294,2018,8,5,8,1,44,397,74,10,35,Male,60000,Midwest,Technical
295,2013,7,80,9,2,23,371,48,8,44,Male,90000,West,Technical
296,2013,5,83,4,2,59,333,58,1,33,Male,60000,Midwest,Billing
297,2013,10,-92,1,2,59,403,52,10,38,Male,60000,East,Service
298,2019,10,6,1,2,10,141,63,7,22,Female,90000,South,Technical
299,2006,8,40,5,4,5,35,39,4,72,Other,90000,Midwest,Technical
300,2006,9,-12,2,1,12,308,78,5,46,Female,60000,North,Service
301,2021,5,75,8,2,37,411,94,9,64,Female,60000,Midwest,Service
302,2013,10,-83,5,4,55,42,58,5,54,Female,80000,Midwest,Billing
303,2010,5,14,5,2,47,322,63,8,60,Other,50000,Midwest,Billing
304,2019,2,67,2,3,25,585,74,5,79,Male,90000,East,Technical
305,2015,5,6,7,2,28,322,96,2,39,Male,80000,North,Billing
306,2009,3,42,8,2,29,183,63,4,31,Other,60000,West,Technical
307,2013,7,5,1,5,51,322,40,2,74,Other,30000,South,Billing
308,2013,10,-86,2,3,31,322,35,7,36,Male,30000,Midwest,Service
309,2016,5,-38,4,1,47,209,96,7,52,Female,50000,South,Billing
310,2016,5,66,5,2,23,406,63,3,41,Male,90000,North,Technical
311,2009,1,-88,2,1,33,197,34,7,59,Other,60000,West,Billing
312,2011,5,-20,1,3,57,322,38,1,77,Male,70000,Midwest,Technical
313,2008,3,6,9,2,14,179,57,1,23,Male,90000,East,Technical
314,2010,9,36,1,5,16,45,63,9,77,Male,60000,South,Billing
315,2013,5,-61,4,4,37,120,63,6,75,Other,30000,North,Billing
316,2019,9,47,2,5,11,149,50,5,20,Other,60000,South,Technical
317,2007,9,-19,4,5,21,282,91,6,51,Female,50000,West,Service
318,2012,1,6,8,4,14,89,75,6,62,Male,40000,East,Billing
319,2020,5,100,8,4,35,295,63,1,67,Female,70000,West,Technical
320,2017,5,90,5,4,10,438,67,5,19,Female,60000,Midwest,Service
321,2022,4,-25,5,2,31,60,78,9,32,Male,60000,Midwest,Technical
322,2014,10,71,7,1,54,50,68,4,54,Other,70000,West,Service
323,2021,9,-63,3,1,41,318,100,3,32,Female,40000,West,Technical
324,2009,7,87,4,4,22,572,59,1,77,Male,60000,South,Technical
325,2013,5,-30,9,5,30,527,50,5,49,Female,90000,West,Technical
326,2016,7,-53,1,3,53,503,30,3,38,Female,80000,North,Billing
327,2005,1,-83,2,4,58,434,61,4,34,Female,80000,Midwest,Service
328,2005,1,43,5,5,20,577,37,7,51,Other,90000,South,Service
329,2019,8,82,3,5,12,161,98,6,49,Male,70000,South,Service
330,2006,5,-62,2,2,28,353,63,8,67,Other,60000,Midwest,Service
331,2020,10,95,1,2,17,161,37,9,64,Other,80000,Midwest,Service
332,2013,9,86,3,1,33,550,48,5,69,Female,60000,North,Technical
333,2013,7,-12,1,1,36,59,88,7,40,Male,60000,Midwest,Service
334,2005,6,6,1,3,28,330,84,4,52,Female,80000,West,Service
335,2020,1,40,1,3,20,33,59,2,54,Other,60000,Midwest,Billing
336,2013,1,8,8,3,15,354,65,5,48,Other,80000,North,Technical
337,2009,2,6,3,3,36,538,63,9,58,Male,30000,Midwest,Technical
338,2007,6,33,1,5,31,266,63,4,54,Other,60000,Midwest,Service
339,2016,6,-24,7,5,39,564,56,5,74,Other,30000,East,Service
340,2020,2,6,3,1,37,45,83,10,50,Male,30000,Midwest,Service
341,2009,1,-11,8,2,22,563,77,6,42,Female,40000,West,Billing
342,2018,10,-87,4,2,41,475,59,3,63,Male,60000,Midwest,Technical
343,2009,5,-6,4,4,17,532,68,1,54,Other,60000,Midwest,Technical
344,2019,5,-47,5,5,31,259,42,4,57,Male,30000,West,Service
345,2021,2,31,6,3,41,322,45,1,38,Female,30000,Midwest,Billing
346,2018,6,-62,7,3,30,418,73,2,63,Female,40000,Midwest,Billing
347,2009,9,-29,4,4,50,292,100,3,77,Female,30000,Midwest,Billing
348,2016,2,-76,8,2,31,592,56,8,65,Female,80000,Midwest,Service
349,2020,5,-24,5,3,5,94,74,10,55,Male,90000,Midwest,Billing
350,2020,2,59,1,2,29,294,64,4,57,Female,30000,South,Billing
351,2011,3,86,1,3,38,367,57,5,51,Male,50000,Midwest,Service
352,2013,7,90,5,3,43,330,36,10,36,Male,30000,Midwest,Technical
353,2005,6,65,5,2,14,407,91,9,44,Female,60000,South,Billing
354,2009,5,6,8,2,24,204,63,7,26,Male,50000,Midwest,Technical
355,2014,8,6,7,3,11,181,75,2,22,Male,90000,Midwest,Billing
356,2009,6,94,6,3,20,322,49,3,22,Female,40000,West,Technical
357,2008,10,55,4,5,41,322,67,4,42,Other,80000,South,Technical
358,2006,3,30,7,2,33,358,90,4,43,Male,90000,North,Service
359,2014,3,49,9,2,16,192,61,10,36,Male,30000,South,Service
360,2005,1,-5,7,3,21,467,63,8,47,Female,80000,North,Billing
361,2009,7,65,1,1,31,372,87,5,53,Male,70000,East,Billing
362,2017,5,99,9,4,24,396,63,10,65,Female,60000,North,Service
363,2008,4,-29,4,3,30,494,49,6,65,Other,80000,Midwest,Billing
364,2020,10,-39,5,1,31,322,79,5,33,Other,40000,East,Billing
365,2020,4,84,4,2,23,529,81,9,24,Female,40000,East,Service
366,2006,4,-95,4,1,51,45,63,10,35,Other,60000,North,Technical
367,2021,6,-69,2,1,16,325,82,8,73,Female,90000,North,Billing
368,2016,8,-2,1,1,25,540,95,9,38,Male,30000,East,Service
369,2022,8,37,1,4,46,268,72,5,48,Other,60000,East,Billing
370,2007,5,30,8,5,58,330,52,3,18,Female,50000,West,Billing
371,2005,6,86,2,3,38,35,93,4,48,Male,40000,East,Service
372,2005,4,-25,5,4,11,249,38,5,48,Female,50000,Midwest,Service
373,2015,9,76,4,3,49,482,36,9,42,Other,90000,West,Billing
374,2013,8,-42,8,5,39,462,70,9,70,Other,90000,West,Billing
375,2016,10,-70,2,4,19,415,83,3,48,Female,70000,West,Service
376,2013,10,-8,9,1,5,324,63,7,18,Male,50000,Midwest,Technical
377,2005,1,-32,7,1,30,147,63,6,79,Female,90000,West,Service
378,2005,2,89,7,2,39,434,33,4,24,Female,90000,West,Billing
379,2012,9,-49,1,4,29,595,61,5,24,Female,60000,North,Service
380,2014,8,-12,2,2,46,41,31,10,25,Female,60000,Midwest,Service
381,2015,3,26,4,3,19,238,93,2,48,Female,60000,North,Billing
382,2016,8,68,4,1,26,194,43,7,34,Female,90000,East,Technical
383,2017,1,-70,3,3,10,323,49,4,48,Female,90000,East,Service
384,2016,10,100,5,3,56,548,78,2,64,Other,50000,Midwest,Service
385,2018,4,26,5,3,31,107,37,6,58,Female,40000,Midwest,Billing
386,2006,3,49,2,3,28,463,63,2,66,Male,50000,Midwest,Technical
387,2022,6,6,4,5,25,106,63,10,28,Female,50000,North,Technical
388,2007,7,-88,3,3,11,77,50,2,55,Female,60000,East,Billing
389,2021,4,-56,2,5,33,111,61,7,58,Other,60000,Midwest,Service
390,2013,5,26,5,5,36,238,37,1,79,Male,60000,Midwest,Billing
391,2014,9,6,5,1,36,474,45,7,48,Male,30000,Midwest,Billing
392,2006,2,13,6,2,57,551,69,10,69,Other,40000,Midwest,Technical
393,2013,3,76,2,5,9,58,56,5,19,Other,90000,Midwest,Service
394,2011,5,-81,4,5,8,333,63,5,21,Male,60000,South,Service
395,2008,5,-20,6,1,26,494,64,6,67,Other,30000,North,Technical
396,2013,8,81,5,2,31,531,81,7,45,Male,90000,Midwest,Service
397,2017,10,63,3,4,39,475,44,1,50,Female,90000,East,Service
398,2015,8,28,8,4,21,519,92,9,28,Female,60000,East,Billing
399,2008,8,42,7,2,54,457,82,7,20,Female,90000,Midwest,Billing
400,2008,9,6,3,3,54,322,95,1,57,Male,90000,North,Billing
401,2014,5,6,6,1,28,388,63,3,22,Female,50000,East,Service
402,2009,5,-43,4,2,6,120,90,5,69,Female,60000,West,Service
403,2013,5,-29,5,4,17,82,93,4,48,Male,70000,West,Service
404,2007,8,8,5,5,58,322,63,2,48,Other,50000,South,Service
405,2021,7,-78,7,4,31,322,84,1,71,Female,30000,Midwest,Technical
406,2007,9,73,5,5,31,185,88,4,54,Male,50000,East,Technical
407,2020,8,-29,5,1,7,31,32,7,77,Other,60000,South,Service
408,2008,2,-93,5,5,41,386,46,4,48,Female,70000,Midwest,Billing
409,2022,10,6,7,2,41,598,63,9,61,Female,60000,South,Billing
410,2021,5,10,5,5,41,87,67,8,39,Other,40000,South,Technical
411,2011,6,86,5,3,7,283,64,8,58,Male,90000,East,Technical
412,2009,2,-88,9,2,39,209,30,5,70,Female,80000,East,Service
413,2016,7,66,3,1,56,522,58,1,30,Female,40000,East,Service
414,2021,3,55,6,2,27,64,33,9,71,Female,40000,Midwest,Service
415,2017,3,88,1,3,32,104,90,2,69,Other,90000,South,Service
416,2007,5,-85,5,1,34,318,46,6,78,Male,60000,South,Service
417,2013,8,6,8,4,22,400,57,10,20,Other,40000,Midwest,Billing
418,2021,5,6,5,3,31,358,79,5,30,Male,70000,West,Billing
419,2021,1,44,9,1,40,333,37,10,45,Male,90000,North,Service
420,2020,1,-71,6,5,31,250,63,8,48,Other,60000,West,Billing
421,2017,7,2,8,2,30,193,88,5,48,Female,60000,Midwest,Service
422,2021,8,-88,8,1,52,322,47,6,28,Male,40000,South,Service
423,2008,5,-5,3,2,44,484,88,6,38,Other,60000,South,Technical
424,2016,5,6,7,5,21,404,56,10,69,Female,80000,East,Billing
425,2013,4,6,7,1,44,249,45,3,38,Male,30000,East,Billing
426,2016,6,-88,6,4,11,283,39,7,48,Male,60000,South,Technical
427,2013,6,70,7,3,12,217,51,4,34,Female,60000,South,Billing
428,2013,3,-7,2,1,57,220,63,5,65,Male,50000,Midwest,Technical
429,2018,5,6,9,5,35,418,41,9,31,Female,60000,East,Billing
430,2019,7,11,1,1,16,322,80,6,50,Male,90000,East,Service
431,2020,1,-46,1,2,52,404,30,10,28,Male,40000,West,Technical
432,2009,7,-20,3,1,35,115,56,4,30,Female,60000,South,Service
433,2007,5,67,3,4,48,503,96,8,18,Other,60000,South,Service
434,2016,5,15,1,1,31,560,41,9,48,Female,80000,Midwest,Billing
435,2008,2,6,7,3,14,76,59,10,26,Other,70000,West,Technical
436,2020,4,100,4,1,43,322,38,5,30,Female,60000,North,Service
437,2011,6,79,2,2,16,504,82,2,54,Male,70000,North,Service
438,2017,10,7,5,1,24,175,90,6,47,Other,70000,North,Technical
439,2014,7,-48,6,4,41,411,83,8,58,Other,70000,Midwest,Billing
440,2013,5,27,9,5,52,95,66,5,62,Male,60000,East,Service
441,2018,5,79,4,1,45,546,94,1,54,Female,50000,North,Billing
442,2009,5,57,5,1,11,122,71,8,64,Other,60000,Midwest,Technical
443,2007,1,60,5,3,56,455,78,9,79,Male,70000,East,Billing
444,2015,4,-44,3,4,58,497,33,1,24,Male,40000,East,Technical
445,2015,9,-49,2,5,18,123,93,8,31,Other,60000,North,Billing
446,2022,4,6,1,2,15,162,80,10,79,Other,30000,East,Billing
447,2019,2,81,2,1,11,322,63,2,65,Other,30000,West,Service
448,2016,10,10,6,5,33,370,60,4,23,Male,80000,West,Billing
449,2013,5,-100,8,2,14,343,87,2,51,Female,70000,North,Service
450,2014,3,-57,3,4,33,241,63,2,33,Female,70000,Midwest,Technical
451,2016,9,-26,9,4,13,549,51,10,68,Other,50000,East,Technical
452,2021,4,-3,9,3,40,188,32,3,54,Female,90000,South,Service
453,2010,6,-92,2,2,52,297,76,8,53,Male,70000,North,Billing
454,2011,2,-69,5,4,14,503,67,4,63,Other,70000,Midwest,Technical
455,2013,6,6,5,5,23,439,62,7,76,Female,60000,Midwest,Technical
456,2017,3,6,4,4,35,503,77,10,23,Male,90000,North,Service
457,2012,9,84,5,4,21,385,94,3,25,Male,70000,North,Service
458,2014,2,35,4,4,13,222,55,10,41,Other,60000,Midwest,Technical
459,2013,9,-29,8,3,49,300,37,5,20,Female,60000,Midwest,Technical
460,2022,5,6,4,2,31,143,79,2,21,Female,60000,East,Technical
461,2006,8,89,5,5,38,552,63,6,49,Female,60000,North,Technical
462,2009,2,-89,2,5,49,84,39,6,18,Female,50000,North,Service
463,2009,6,-36,5,2,28,94,71,1,51,Other,60000,East,Service
464,2010,3,6,5,2,13,322,66,7,62,Male,50000,North,Service
465,2012,10,6,5,2,31,531,55,4,26,Male,60000,North,Technical
466,2020,5,6,5,2,31,391,41,3,48,Other,60000,North,Service
467,2017,8,14,7,1,31,175,78,8,48,Male,40000,West,Billing
468,2005,10,38,4,5,43,238,63,2,27,Male,50000,West,Billing
469,2021,1,2,8,1,10,315,75,9,67,Female,80000,Midwest,Technical
470,2011,5,70,7,4,54,39,64,8,61,Male,40000,Midwest,Billing
471,2017,3,-6,7,4,55,215,58,8,71,Male,60000,East,Service
472,2008,4,-84,9,5,15,493,41,3,79,Other,90000,Midwest,Billing
473,2008,2,59,5,4,16,322,73,4,65,Female,70000,Midwest,Billing
474,2010,9,-100,6,2,46,200,63,5,40,Female,60000,West,Service
475,2016,3,67,6,1,31,242,31,2,23,Male,50000,South,Billing
476,2011,2,50,6,2,16,559,88,4,41,Other,80000,Midwest,Billing
477,2014,5,-45,5,4,25,531,46,6,74,Female,50000,Midwest,Billing
478,2013,9,33,7,1,14,56,39,5,41,Female,60000,North,Billing
479,2007,7,-15,6,2,24,97,63,1,38,Male,50000,East,Technical
480,2017,6,77,1,5,54,437,51,10,73,Female,40000,South,Technical
481,2017,1,1,3,2,40,581,87,1,59,Other,90000,East,Service
482,2022,5,6,2,4,32,322,82,6,48,Other,90000,Midwest,Billing
483,2012,3,91,5,1,28,103,63,3,48,Female,40000,Midwest,Service
484,2013,1,-47,5,5,9,291,90,3,75,Other,60000,Midwest,Technical
485,2013,4,99,3,1,41,397,60,5,58,Other,30000,Midwest,Billing
486,2005,2,76,5,5,16,266,60,1,47,Male,40000,Midwest,Billing
487,2007,2,14,8,1,39,395,95,1,73,Female,40000,West,Technical
488,2017,3,38,5,4,44,315,48,10,51,Female,60000,Midwest,Billing
489,2021,8,-13,8,3,58,407,82,3,35,Male,60000,Midwest,Billing
490,2005,8,-52,6,3,31,405,51,8,29,Male,50000,North,Technical
491,2010,7,48,5,3,54,322,52,1,52,Male,40000,Midwest,Service
492,2010,6,14,9,1,45,38,44,10,24,Male,50000,Midwest,Service
493,2016,9,93,7,2,49,225,55,4,58,Other,50000,North,Billing
494,2013,4,-38,8,3,43,319,63,9,57,Other,60000,Midwest,Technical
495,2017,1,3,1,3,46,322,49,5,42,Male,60000,Midwest,Service
496,2019,8,-18,2,4,13,418,63,10,48,Female,60000,South,Service
497,2020,7,2,8,2,31,592,68,8,18,Female,80000,Midwest,Billing
498,2015,7,55,9,3,51,593,47,7,63,Female,40000,Midwest,Service
499,2009,3,-84,4,5,9,37,70,3,33,Male,60000,Midwest,Technical
500,2008,4,-95,9,3,16,398,99,5,77,Other,30000,West,Service
501,2007,10,46,4,1,5,74,56,7,65,Other,30000,East,Service
502,2022,9,83,9,1,48,373,44,5,21,Other,60000,Midwest,Technical
503,2019,6,-73,7,2,31,404,66,5,46,Other,80000,Midwest,Billing
504,2013,5,93,2,5,42,56,87,2,55,Female,90000,North,Service
505,2021,5,-63,9,5,55,222,34,9,64,Female,90000,South,Billing
506,2018,9,18,4,3,23,386,36,1,45,Other,40000,East,Service
507,2013,5,-64,8,2,20,91,70,7,48,Male,60000,North,Billing
508,2005,5,14,7,5,35,91,39,4,25,Other,60000,West,Billing
509,2007,4,-33,7,1,31,451,91,2,49,Other,30000,North,Billing
510,2020,4,76,5,3,7,580,55,2,50,Male,80000,North,Service
511,2015,5,-58,1,4,27,409,97,8,30,Other,40000,West,Billing
512,2016,7,63,5,1,31,306,53,7,44,Female,50000,Midwest,Technical
513,2014,9,-43,2,2,31,460,70,7,35,Male,40000,Midwest,Service
514,2020,3,-88,2,5,30,144,94,5,35,Male,70000,North,Technical
515,2012,2,6,1,1,17,150,46,10,30,Other,40000,Midwest,Billing
516,2010,3,-43,5,4,22,554,53,8,39,Female,50000,South,Service
517,2016,1,-69,2,4,7,445,56,2,79,Female,70000,Midwest,Technical
518,2012,6,100,4,2,27,322,36,2,31,Female,90000,West,Billing
519,2008,7,87,3,1,7,366,63,5,28,Other,80000,Midwest,Service
520,2012,2,-18,3,3,59,408,32,1,56,Other,60000,Midwest,Service
521,2022,8,85,2,1,29,353,39,6,48,Female,60000,Midwest,Service
522,2009,6,-2,6,4,31,322,62,4,70,Other,40000,North,Service
523,2013,4,3,2,2,31,93,75,6,39,Female,90000,Midwest,Service
524,2008,5,83,8,2,31,130,88,7,53,Other,60000,South,Billing
525,2021,8,-73,8,3,56,351,81,3,34,Male,40000,South,Service
526,2013,3,6,5,2,43,95,35,8,68,Male,60000,South,Technical
527,2005,3,69,7,2,29,586,31,7,49,Other,30000,East,Technical
528,2017,4,-53,4,2,28,322,58,1,31,Other,50000,West,Service
529,2020,1,-61,1,2,12,482,69,6,59,Female,90000,East,Billing
530,2017,9,6,2,2,13,288,63,7,74,Male,60000,North,Billing
531,2018,8,90,4,4,50,455,97,4,46,Female,90000,South,Billing
532,2007,8,6,1,1,41,207,97,2,23,Female,60000,South,Technical
533,2010,10,13,8,5,34,309,58,10,67,Female,80000,Midwest,Billing
534,2022,6,31,9,2,57,373,91,9,74,Female,30000,Midwest,Service
535,2009,7,65,4,5,23,46,89,7,21,Female,70000,South,Service
536,2013,6,54,3,5,57,325,70,1,28,Male,70000,Midwest,Service
537,2006,9,36,2,4,20,231,94,8,62,Female,60000,Midwest,Billing
538,2014,3,10,5,2,28,223,93,3,48,Other,90000,West,Service
539,2022,5,43,3,5,48,322,92,5,27,Female,40000,East,Service
540,2017,3,83,7,2,25,404,77,5,72,Other,90000,West,Technical
541,2009,10,-25,6,3,40,64,49,1,45,Other,60000,Midwest,Technical
542,2005,3,-70,1,3,44,398,66,6,28,Other,70000,South,Billing
543,2005,9,6,8,3,43,58,93,10,52,Male,40000,Midwest,Billing
544,2022,4,6,2,3,51,250,34,6,32,Female,60000,Midwest,Billing
545,2019,7,-76,5,3,10,82,63,2,25,Other,60000,Midwest,Billing
546,2021,9,-67,9,3,9,382,68,10,48,Male,90000,West,Billing
547,2015,7,-34,8,4,31,322,96,6,67,Female,90000,North,Service
548,2021,9,6,5,5,57,105,91,8,76,Male,30000,Midwest,Technical
549,2017,3,17,9,3,49,523,53,5,38,Male,40000,South,Technical
550,2005,4,-28,5,1,46,551,32,4,18,Female,60000,South,Service
551,2006,8,-75,5,2,54,322,100,4,46,Female,50000,South,Service
552,2013,6,47,3,2,8,309,96,5,41,Female,90000,South,Technical
553,2007,5,91,3,2,31,204,79,6,47,Other,80000,Midwest,Service
554,2005,4,3,8,2,28,324,58,8,57,Female,80000,Midwest,Billing
555,2020,8,-91,2,1,15,322,61,8,52,Female,90000,Midwest,Technical
556,2010,1,-34,2,3,21,547,68,7,50,Female,50000,West,Billing
557,2021,9,6,5,3,54,50,38,3,37,Other,70000,Midwest,Technical
558,2009,1,-96,6,4,25,102,43,10,74,Male,80000,South,Service
559,2009,8,94,2,5,30,65,97,1,33,Other,60000,Midwest,Technical
560,2010,5,85,5,5,47,536,93,5,26,Male,90000,Midwest,Billing
561,2007,9,-74,7,4,52,262,49,10,48,Female,90000,North,Service
562,2009,5,12,8,2,48,526,63,10,34,Other,90000,Midwest,Service
563,2009,3,-86,7,1,49,235,43,5,76,Other,50000,Midwest,Service
564,2013,9,62,8,3,31,455,73,10,48,Female,70000,West,Billing
565,2014,9,4,9,5,20,73,68,2,65,Other,40000,Midwest,Service
566,2013,4,80,5,3,59,120,57,7,40,Other,90000,North,Technical
567,2013,4,-57,5,1,30,499,93,3,23,Male,40000,South,Billing
568,2013,8,-75,4,5,57,496,61,8,47,Other,60000,East,Technical
569,2018,2,74,9,3,37,483,38,9,72,Other,60000,West,Service
570,2005,9,61,5,1,35,362,57,8,24,Female,60000,North,Service
571,2017,6,-6,2,3,52,536,46,5,73,Female,60000,West,Billing
572,2017,9,77,8,2,51,322,84,5,48,Female,80000,Midwest,Technical
573,2008,8,-17,7,1,10,50,39,3,57,Female,60000,South,Service
574,2013,7,39,8,3,48,322,35,3,59,Female,60000,Midwest,Technical
575,2021,1,31,3,2,12,405,77,7,48,Other,90000,Midwest,Service
576,2012,3,-14,4,2,11,159,96,5,28,Other,50000,Midwest,Billing
577,2006,2,75,5,1,38,443,63,6,51,Female,60000,Midwest,Technical
578,2012,5,82,6,4,48,100,63,5,29,Female,70000,South,Technical
579,2011,5,6,1,3,31,433,71,9,77,Female,50000,East,Billing
580,2006,5,100,5,1,18,591,100,1,77,Other,60000,East,Billing
581,2007,4,-12,5,3,20,426,57,8,69,Male,80000,Midwest,Billing
582,2022,5,-35,7,2,47,366,42,10,69,Female,60000,Midwest,Billing
583,2016,3,57,5,1,56,534,44,5,62,Female,40000,South,Service
584,2005,1,30,1,4,13,305,65,6,64,Female,60000,South,Service
585,2016,5,21,7,5,14,322,44,6,44,Female,70000,North,Service
586,2009,9,48,8,3,21,32,85,1,75,Female,50000,Midwest,Billing
587,2021,9,-17,7,1,16,253,33,3,48,Male,60000,East,Service
588,2020,4,76,4,5,10,204,81,6,30,Other,50000,North,Service
589,2019,3,15,8,3,23,414,63,9,25,Female,30000,West,Technical
590,2019,1,89,5,2,47,270,63,6,33,Female,60000,South,Technical
591,2009,5,15,5,3,45,322,58,6,79,Female,90000,East,Technical
592,2018,8,-63,5,1,57,322,82,5,78,Female,90000,North,Service
593,2006,1,42,5,2,33,224,58,5,46,Other,80000,Midwest,Billing
594,2015,8,9,9,2,10,426,52,4,52,Other,50000,West,Technical
595,2011,7,79,5,3,29,460,86,2,77,Female,50000,North,Service
596,2010,8,-55,6,3,28,335,63,5,46,Other,80000,Midwest,Technical
597,2006,6,-76,4,1,29,322,50,3,48,Male,60000,East,Service
598,2010,9,-80,6,1,20,322,72,3,30,Other,40000,East,Service
599,2022,3,20,8,1,56,32,39,5,29,Male,60000,Midwest,Billing
600,2006,10,21,3,2,20,581,59,1,68,Male,60000,Midwest,Service
601,2022,4,32,5,4,10,481,80,5,78,Other,60000,South,Technical
602,2019,6,-31,2,3,41,524,63,1,19,Female,40000,East,Service
603,2006,8,12,2,2,25,446,47,4,50,Other,40000,Midwest,Technical
604,2010,5,6,7,3,31,420,51,6,25,Male,30000,South,Billing
605,2005,3,6,6,4,38,402,93,1,79,Male,60000,South,Service
606,2019,6,7,4,5,32,81,50,7,58,Other,80000,North,Billing
607,2014,5,-54,5,1,42,405,30,10,74,Male,70000,North,Service
608,2021,5,95,1,3,45,424,44,5,48,Other,60000,East,Billing
609,2009,3,-10,5,2,32,171,65,3,57,Other,40000,South,Technical
610,2008,4,-83,8,3,21,115,76,4,70,Female,40000,North,Service
611,2014,7,48,9,5,18,493,83,6,66,Male,80000,Midwest,Billing
612,2021,7,3,8,1,31,75,63,7,48,Other,90000,Midwest,Billing
613,2013,4,50,5,3,26,267,87,4,49,Female,70000,Midwest,Technical
614,2021,5,91,3,5,55,39,75,10,55,Other,40000,Midwest,Technical
615,2009,3,94,5,2,5,559,83,5,45,Other,90000,South,Service
616,2006,6,-61,6,4,33,207,62,5,32,Female,30000,Midwest,Billing
617,2010,2,6,5,3,56,35,68,9,40,Other,70000,South,Billing
618,2006,8,-12,3,3,35,336,52,10,41,Female,90000,East,Technical
619,2017,2,79,6,3,34,577,72,6,30,Male,30000,East,Service
620,2015,7,99,3,2,19,356,84,2,38,Female,50000,Midwest,Technical
621,2015,9,-40,6,2,22,322,31,5,71,Female,60000,Midwest,Technical
622,2020,1,91,5,2,39,424,95,4,48,Male,40000,Midwest,Service
623,2015,8,-96,2,1,54,329,67,9,30,Female,90000,East,Billing
624,2019,7,21,8,5,31,322,58,3,48,Female,70000,North,Billing
625,2020,6,80,4,3,38,322,96,6,40,Other,30000,East,Billing
626,2015,6,-46,9,3,46,359,100,2,67,Female,60000,Midwest,Service
627,2020,6,-64,5,3,15,79,65,1,48,Other,60000,North,Service
628,2012,9,6,2,3,31,407,58,5,60,Female,60000,North,Service
629,2008,5,86,4,4,28,567,66,8,45,Male,60000,West,Service
630,2012,1,1,5,1,39,173,74,10,31,Male,60000,South,Service
631,2008,6,6,3,4,43,89,45,10,34,Female,40000,Midwest,Technical
632,2007,10,96,9,1,12,104,60,2,41,Other,90000,South,Billing
633,2007,8,-28,5,3,55,32,63,10,70,Female,60000,West,Service
634,2022,3,-42,2,1,31,477,79,9,75,Other,60000,South,Billing
635,2009,10,-99,3,5,17,304,94,8,51,Female,40000,Midwest,Service
636,2022,1,92,9,3,49,559,91,5,68,Male,60000,West,Billing
637,2014,9,3,7,5,28,322,72,1,65,Male,60000,South,Technical
638,2010,1,87,2,3,55,514,85,4,39,Other,60000,East,Service
639,2005,3,-50,9,4,27,358,63,8,27,Female,50000,North,Billing
640,2009,8,-71,4,3,16,284,77,3,71,Other,40000,West,Service
641,2013,3,-90,9,3,53,322,78,10,25,Male,80000,East,Billing
642,2013,4,7,2,3,34,322,73,2,38,Other,60000,Midwest,Technical
643,2018,8,-25,4,4,35,579,39,7,48,Female,60000,North,Technical
644,2006,1,66,5,4,32,353,49,5,24,Other,80000,West,Technical
645,2021,6,-11,2,3,26,233,99,6,43,Female,90000,Midwest,Service
646,2018,5,22,1,4,48,201,37,5,30,Female,90000,Midwest,Service
647,2017,5,99,7,4,32,322,74,2,33,Female,60000,Midwest,Service
648,2013,5,90,1,3,17,274,63,10,48,Female,60000,West,Service
649,2019,4,6,8,5,29,365,80,2,48,Female,60000,Midwest,Service
650,2019,1,88,3,4,48,327,33,9,22,Female,90000,South,Technical
651,2015,10,24,5,4,55,322,68,10,49,Other,40000,North,Billing
652,2013,7,81,7,4,50,363,53,2,33,Male,70000,Midwest,Technical
653,2021,5,6,1,4,11,540,84,8,64,Other,40000,Midwest,Service
654,2008,5,-7,6,3,49,412,55,8,26,Other,30000,Midwest,Technical
655,2005,1,100,7,5,10,228,54,5,39,Male,40000,Midwest,Billing
656,2012,10,2,6,5,28,361,65,5,72,Other,60000,East,Service
657,2021,5,85,5,1,23,194,100,4,48,Other,50000,Midwest,Technical
658,2007,9,83,1,3,23,271,87,2,57,Female,30000,Midwest,Service
659,2013,9,61,5,4,40,256,41,1,48,Other,80000,Midwest,Service
660,2019,8,-70,4,3,55,585,30,9,54,Male,60000,East,Service
661,2018,5,-49,7,5,13,480,79,3,31,Other,30000,South,Service
662,2018,1,-12,7,2,52,322,54,1,33,Female,30000,West,Service
663,2006,9,-25,2,2,40,233,34,2,60,Other,60000,Midwest,Billing
664,2017,1,28,1,5,42,487,97,8,37,Male,60000,South,Billing
665,2018,8,82,8,4,44,286,35,5,61,Female,90000,Midwest,Billing
666,2011,5,6,8,2,33,558,55,5,32,Other,60000,East,Service
667,2007,3,-61,7,3,28,301,84,6,73,Male,80000,West,Service
668,2019,7,0,5,3,52,38,68,1,61,Male,40000,Midwest,Technical
669,2018,7,10,3,1,9,230,38,6,43,Other,90000,South,Service
670,2015,9,28,2,5,57,88,74,7,26,Other,60000,Midwest,Technical
671,2013,7,-36,7,5,58,422,43,4,18,Female,80000,West,Service
672,2017,3,90,8,2,31,148,84,8,52,Other,60000,West,Service
673,2022,1,81,1,4,59,582,63,8,61,Female,60000,East,Service
674,2010,8,69,9,5,49,428,44,5,37,Other,60000,North,Technical
675,2007,3,48,4,2,30,360,66,2,48,Male,90000,Midwest,Billing
676,2019,8,-22,4,2,18,296,79,6,72,Male,60000,East,Billing
677,2009,8,-79,5,3,31,549,50,6,23,Female,50000,Midwest,Billing
678,2014,5,65,6,2,31,509,86,7,59,Male,80000,East,Billing
679,2011,1,-2,1,1,56,322,48,6,27,Female,80000,West,Billing
680,2021,10,-93,6,1,10,322,87,2,65,Male,30000,South,Service
681,2011,7,89,2,5,11,527,35,8,76,Female,60000,Midwest,Service
682,2016,10,74,9,4,41,136,33,4,50,Female,40000,Midwest,Billing
683,2021,5,-84,2,1,57,319,63,5,33,Female,60000,North,Billing
684,2017,8,-84,5,1,22,176,71,8,53,Other,60000,West,Billing
685,2008,9,-11,1,5,27,356,32,3,23,Female,80000,Midwest,Service
686,2014,7,40,7,3,48,444,30,3,36,Other,80000,Midwest,Service
687,2007,7,44,5,2,42,239,84,8,48,Female,30000,South,Technical
688,2013,1,65,8,1,5,325,44,2,48,Other,60000,Midwest,Service
689,2017,4,-20,4,3,8,427,76,5,35,Other,40000,Midwest,Service
690,2022,2,-23,7,4,55,132,75,4,48,Male,70000,Midwest,Service
691,2019,2,72,6,3,48,537,87,6,45,Female,70000,East,Service
692,2008,2,-95,5,5,51,238,100,3,77,Other,60000,Midwest,Billing
693,2013,4,62,4,4,39,457,68,3,21,Male,70000,Midwest,Billing
694,2006,1,6,7,4,31,422,32,3,78,Female,70000,East,Billing
695,2019,4,-87,5,3,31,138,59,10,18,Male,90000,South,Technical
696,2012,2,-29,5,5,30,377,64,2,64,Other,40000,West,Service
697,2012,5,88,1,1,56,79,86,8,59,Male,60000,Midwest,Billing
698,2021,3,42,2,3,12,134,58,9,67,Male,40000,North,Technical
699,2016,8,-47,5,1,47,449,79,8,33,Female,90000,Midwest,Service
700,2014,5,6,3,3,20,402,63,10,62,Other,60000,Midwest,Service
701,2013,1,-88,2,1,45,322,81,3,75,Female,80000,Midwest,Service
702,2009,1,58,4,3,31,302,43,7,64,Female,30000,Midwest,Billing
703,2010,10,62,4,4,36,369,64,5,19,Male,60000,Midwest,Service
704,2006,3,-41,4,2,9,330,57,5,48,Other,50000,Midwest,Billing
705,2017,5,-95,4,4,24,509,63,4,53,Female,70000,East,Technical
706,2010,7,96,3,1,18,573,59,6,18,Other,90000,East,Service
707,2009,2,-43,7,5,36,586,63,5,56,Female,30000,East,Technical
708,2005,9,-52,9,4,30,294,63,9,40,Male,80000,North,Billing
709,2010,5,50,5,2,51,571,98,5,43,Female,80000,West,Billing
710,2010,2,61,4,1,10,195,64,4,28,Female,40000,Midwest,Billing
711,2020,3,-75,2,4,40,345,81,5,75,Female,50000,South,Service
712,2008,10,6,2,3,44,30,43,4,48,Other,60000,Midwest,Service
713,2015,5,-96,5,5,55,322,92,8,18,Male,80000,Midwest,Technical
714,2013,3,-81,7,3,31,92,65,8,28,Other,50000,Midwest,Service
715,2007,5,6,9,4,17,512,53,5,48,Female,60000,Midwest,Technical
716,2012,9,97,7,3,36,350,63,1,27,Male,40000,Midwest,Service
717,2009,9,-42,5,3,31,322,63,6,31,Other,30000,Midwest,Service
718,2008,7,91,6,2,31,251,63,2,31,Female,60000,Midwest,Service
719,2013,3,45,3,4,17,322,51,2,24,Male,70000,Midwest,Billing
720,2006,4,31,5,1,31,491,44,3,40,Male,90000,West,Technical
721,2015,5,-84,8,1,15,322,98,8,60,Female,80000,South,Service
722,2008,5,-87,1,1,57,225,93,3,39,Male,50000,East,Technical
723,2019,2,-88,1,2,12,322,33,7,48,Male,90000,South,Technical
724,2010,6,34,7,1,29,263,47,10,53,Other,70000,Midwest,Billing
725,2021,5,27,5,5,44,170,71,10,44,Male,60000,South,Technical
726,2010,8,6,5,5,36,527,59,9,73,Other,60000,Midwest,Service
727,2006,2,18,1,3,28,584,44,8,48,Other,60000,South,Service
728,2019,1,6,9,3,31,86,99,1,48,Other,50000,North,Service
729,2015,9,-82,1,4,31,533,84,7,68,Female,70000,South,Service
730,2013,3,-38,5,5,49,171,82,7,63,Male,30000,Midwest,Technical
731,2013,5,6,9,1,7,568,45,8,36,Male,30000,East,Service
732,2016,7,-20,4,3,40,135,63,10,79,Other,80000,South,Technical
733,2009,10,62,8,4,31,194,63,5,24,Male,80000,Midwest,Technical
734,2013,5,46,6,2,24,244,42,10,29,Other,30000,Midwest,Billing
735,2008,5,47,3,1,51,100,56,9,20,Other,60000,Midwest,Technical
736,2005,1,-1,4,2,19,119,98,9,64,Other,60000,South,Technical
737,2021,5,62,2,3,31,257,60,8,22,Female,40000,Midwest,Billing
738,2013,7,59,1,2,57,108,32,6,25,Male,60000,West,Service
739,2019,8,21,8,1,49,378,63,6,31,Male,60000,South,Service
740,2005,9,75,1,1,45,275,50,1,78,Other,60000,East,Technical
741,2013,6,-57,1,3,32,301,35,6,53,Female,80000,Midwest,Billing
742,2010,5,3,4,1,29,432,61,4,24,Other,80000,North,Technical
743,2009,6,51,6,3,46,145,63,4,24,Male,60000,Midwest,Service
744,2015,5,-40,9,3,48,464,91,2,67,Other,30000,East,Service
745,2008,4,24,1,1,50,559,61,4,63,Other,60000,West,Billing
746,2017,3,44,5,5,37,471,68,5,49,Female,60000,South,Technical
747,2015,7,-30,5,3,31,201,93,5,48,Other,30000,Midwest,Service
748,2007,9,6,8,1,18,45,59,5,75,Female,40000,North,Technical
749,2005,5,-51,7,5,12,85,92,4,29,Male,70000,East,Service
750,2010,6,-36,4,3,52,132,63,1,27,Female,30000,North,Service
751,2013,10,-2,4,5,18,313,69,10,31,Female,70000,Midwest,Technical
752,2014,5,-69,5,4,5,546,62,8,26,Male,30000,East,Billing
753,2013,3,63,6,4,20,307,92,3,55,Female,40000,Midwest,Service
754,2014,3,40,9,5,22,298,54,5,47,Female,60000,North,Billing
755,2016,9,6,5,3,11,429,65,9,22,Female,90000,South,Billing
756,2006,7,-43,8,1,19,532,53,5,18,Female,80000,South,Billing
757,2017,8,6,5,2,28,115,87,5,18,Other,70000,South,Technical
758,2012,10,41,2,1,53,349,68,2,74,Male,60000,Midwest,Service
759,2006,9,64,6,2,55,61,75,9,79,Other,60000,South,Billing
760,2005,5,11,9,2,59,365,39,10,37,Female,30000,Midwest,Technical
761,2009,4,-33,3,3,17,80,61,9,66,Other,80000,East,Service
762,2013,5,-61,1,5,31,108,65,9,28,Female,30000,East,Service
763,2021,8,86,5,1,19,203,57,10,43,Male,60000,North,Service
764,2013,7,43,3,5,39,530,45,10,61,Female,60000,Midwest,Billing
765,2015,2,89,5,4,28,105,63,4,20,Male,60000,Midwest,Billing
766,2019,8,31,5,3,37,345,47,10,23,Female,50000,East,Service
767,2010,5,72,9,3,20,322,37,3,79,Other,30000,Midwest,Service
768,2007,7,-11,8,4,31,110,99,6,60,Male,90000,North,Service
769,2021,5,-73,5,1,33,100,30,3,78,Female,60000,South,Billing
770,2009,5,-5,9,4,27,100,91,9,62,Female,50000,Midwest,Billing
771,2016,8,93,6,1,31,75,63,3,28,Female,30000,North,Service
772,2022,1,-70,7,2,35,76,74,2,25,Female,70000,West,Service
773,2018,1,-98,4,3,44,451,87,8,48,Male,60000,South,Technical
774,2015,4,35,4,1,53,178,30,6,27,Female,60000,South,Technical
775,2013,3,-77,2,5,31,322,61,8,51,Female,80000,South,Billing
776,2006,10,-86,5,3,59,322,37,7,41,Other,60000,North,Service
777,2016,2,70,8,3,18,534,69,3,63,Male,70000,Midwest,Service
778,2007,3,58,7,4,57,273,85,8,78,Female,40000,Midwest,Technical
779,2007,5,100,7,4,34,503,92,10,65,Female,50000,Midwest,Service
780,2005,1,6,6,3,31,411,65,1,34,Other,60000,North,Billing
781,2012,6,93,3,4,31,132,86,1,48,Female,90000,East,Technical
782,2012,5,-93,5,3,31,518,74,10,28,Female,30000,Midwest,Service
783,2015,8,-30,1,1,31,66,31,8,51,Female,80000,North,Service
784,2013,5,7,7,2,20,578,97,5,41,Female,30000,Midwest,Billing
785,2009,4,14,9,3,55,322,79,10,72,Female,50000,East,Service
786,2013,8,2,5,4,10,362,58,6,22,Other,70000,Midwest,Technical
787,2007,6,6,2,1,59,426,39,5,46,Female,70000,Midwest,Technical
788,2009,1,-44,5,5,37,322,56,2,65,Female,60000,North,Service
789,2009,4,-71,5,4,48,136,44,9,65,Female,60000,South,Service
790,2018,5,45,8,3,22,322,89,6,48,Female,70000,East,Service
791,2008,2,13,7,4,20,112,60,8,51,Male,60000,Midwest,Service
792,2013,5,96,6,2,16,317,50,9,33,Male,70000,South,Technical
793,2014,8,16,4,3,24,490,89,9,42,Male,50000,East,Billing
794,2022,8,66,9,5,49,244,87,8,54,Male,60000,Midwest,Technical
795,2012,5,-41,1,4,31,310,70,10,25,Other,70000,South,Service
796,2012,4,-3,2,1,33,488,75,8,48,Male,60000,West,Service
797,2011,10,70,4,4,34,373,63,5,69,Other,30000,West,Technical
798,2012,6,25,3,5,30,223,55,3,63,Male,60000,Midwest,Technical
799,2018,10,72,5,1,26,187,80,2,42,Other,80000,East,Service
800,2010,3,50,5,3,37,494,65,1,59,Female,30000,North,Technical
801,2005,2,96,7,1,31,133,81,4,40,Female,40000,Midwest,Service
802,2013,6,-7,2,2,43,63,80,2,51,Male,70000,East,Technical
803,2005,5,33,5,1,31,131,32,2,20,Male,40000,Midwest,Service
804,2021,10,83,6,3,33,354,43,5,47,Male,70000,Midwest,Technical
805,2005,5,21,7,4,26,322,78,4,67,Female,60000,South,Service
806,2019,10,7,1,1,49,322,30,1,70,Other,80000,Midwest,Billing
807,2006,5,-97,7,1,17,60,86,9,51,Other,60000,Midwest,Billing
808,2018,5,6,4,1,13,92,46,4,48,Female,70000,North,Technical
809,2012,5,50,8,1,28,589,79,5,70,Male,60000,East,Billing
810,2012,3,6,4,3,31,116,43,7,46,Male,30000,North,Service
811,2011,5,-69,6,5,31,333,88,2,26,Male,60000,South,Service
812,2010,6,5,9,3,17,90,63,8,19,Other,80000,East,Technical
813,2010,4,45,5,1,31,425,69,2,74,Other,60000,South,Service
814,2007,2,-86,4,3,48,363,95,10,48,Female,60000,Midwest,Service
815,2011,9,6,8,3,41,440,63,5,24,Female,70000,Midwest,Service
816,2012,1,21,5,3,11,322,38,2,63,Other,70000,Midwest,Service
817,2014,4,6,4,3,12,495,50,2,22,Male,30000,North,Service
818,2019,1,100,3,1,41,109,54,5,25,Male,50000,Midwest,Billing
819,2013,6,-95,8,2,45,106,63,4,49,Male,70000,West,Technical
820,2005,4,11,5,1,18,569,54,8,72,Male,60000,Midwest,Service
821,2011,5,19,2,2,16,390,38,6,71,Female,50000,East,Service
822,2008,5,22,9,2,31,106,91,10,35,Female,60000,South,Billing
823,2010,9,90,3,1,56,322,55,5,48,Other,50000,Midwest,Billing
824,2005,5,-34,2,2,44,193,86,7,63,Female,30000,Midwest,Service
825,2009,2,6,1,4,21,38,66,10,35,Male,40000,Midwest,Technical
826,2005,6,38,8,5,44,204,45,4,66,Other,40000,South,Service
827,2008,5,-58,3,3,57,491,63,2,58,Female,30000,Midwest,Technical
828,2013,7,44,7,2,31,336,53,9,62,Female,90000,South,Service
829,2014,3,-5,1,2,31,322,55,2,33,Female,60000,East,Service
830,2009,3,31,1,3,31,151,49,1,38,Female,40000,South,Service
831,2014,10,90,9,2,56,214,38,8,27,Female,30000,Midwest,Technical
832,2005,2,95,8,3,38,61,58,10,59,Male,60000,Midwest,Billing
833,2010,3,-20,3,1,8,598,60,9,21,Male,50000,South,Billing
834,2013,10,-60,6,4,28,339,48,1,61,Female,40000,East,Technical
835,2019,1,32,3,4,25,401,49,7,76,Female,70000,South,Billing
836,2008,5,59,4,5,37,85,56,5,48,Other,40000,Midwest,Billing
837,2017,5,97,1,2,11,302,73,6,64,Male,60000,West,Technical
838,2019,7,-66,5,5,5,493,64,5,70,Female,30000,South,Technical
839,2012,4,-79,1,1,45,485,63,5,79,Female,60000,North,Technical
840,2009,5,92,1,4,7,278,51,2,72,Other,60000,Midwest,Service
841,2019,1,49,7,1,48,107,44,2,48,Male,70000,East,Technical
842,2008,8,11,6,1,31,563,42,10,64,Male,90000,Midwest,Technical
843,2016,3,6,2,2,19,137,33,10,57,Other,60000,Midwest,Technical
844,2017,2,6,2,1,35,322,85,6,57,Female,50000,West,Billing
845,2006,4,36,7,4,58,44,63,1,68,Other,60000,East,Technical
846,2008,3,-41,1,5,20,399,63,4,26,Female,60000,West,Billing
847,2008,1,-25,2,4,14,333,46,5,47,Male,90000,West,Service
848,2015,3,-14,8,2,58,234,57,5,73,Other,60000,North,Technical
849,2009,2,-87,6,4,33,142,43,2,34,Other,80000,South,Technical
850,2013,8,-83,2,3,10,322,63,2,57,Male,50000,North,Billing
851,2014,6,-100,7,5,33,470,86,7,61,Male,60000,North,Service
852,2012,9,-28,5,3,31,215,84,7,76,Female,60000,Midwest,Technical
853,2010,8,-78,2,3,57,256,63,6,32,Male,60000,North,Service
854,2010,5,-18,6,2,26,557,66,1,21,Male,60000,Midwest,Service
855,2012,3,24,9,1,28,383,97,3,23,Other,40000,South,Technical
856,2019,5,74,9,3,21,30,55,9,79,Female,80000,South,Service
857,2018,7,-32,8,4,31,582,90,10,78,Male,40000,East,Service
858,2015,5,-54,3,1,31,589,96,1,33,Other,60000,North,Technical
859,2016,8,15,3,4,54,449,81,2,43,Male,40000,North,Billing
860,2017,5,-71,2,4,15,190,47,8,74,Male,50000,West,Technical
861,2012,1,-76,5,1,11,190,82,7,54,Male,60000,Midwest,Service
862,2022,5,55,4,1,46,157,92,9,40,Male,50000,Midwest,Technical
863,2013,5,6,7,4,43,180,63,10,30,Female,40000,Midwest,Billing
864,2019,6,-100,4,2,9,473,56,4,64,Other,60000,West,Service
865,2012,3,-27,9,5,48,322,60,4,34,Other,50000,South,Service
866,2013,5,-43,2,5,52,492,30,7,74,Male,30000,East,Billing
867,2016,2,-7,6,2,25,59,35,1,79,Other,50000,North,Billing
868,2016,6,18,7,3,22,322,40,10,71,Male,60000,Midwest,Service
869,2008,6,26,4,4,31,586,63,9,44,Other,70000,West,Billing
870,2020,5,68,6,5,24,109,92,2,69,Female,40000,Midwest,Technical
871,2008,5,-76,7,4,31,68,82,1,39,Female,80000,East,Billing
872,2009,7,-23,4,2,9,322,47,7,54,Other,90000,East,Technical
873,2009,5,-2,8,3,17,586,50,6,36,Male,40000,Midwest,Service
874,2012,1,15,9,2,55,366,48,3,56,Male,90000,Midwest,Service
875,2014,8,-53,1,3,16,309,33,1,52,Male,90000,Midwest,Service
876,2021,4,-91,7,2,59,322,58,5,30,Male,50000,Midwest,Service
877,2013,9,-2,9,3,25,298,54,10,48,Female,50000,North,Service
878,2018,10,-90,5,5,41,364,85,4,65,Male,60000,Midwest,Billing
879,2012,6,-16,2,4,10,322,92,5,48,Male,60000,West,Billing
880,2013,1,48,6,5,11,82,63,1,62,Male,70000,West,Service
881,2015,3,72,7,3,30,97,89,1,48,Male,70000,West,Billing
882,2005,3,6,2,3,46,63,78,5,48,Female,60000,Midwest,Billing
883,2018,10,91,2,3,52,415,94,6,69,Other,60000,Midwest,Service
884,2009,4,25,1,5,12,278,67,5,56,Other,30000,Midwest,Billing
885,2018,6,-37,4,4,13,140,81,2,54,Male,60000,Midwest,Service
886,2008,7,-99,7,5,31,123,30,5,31,Male,60000,Midwest,Service
887,2005,10,-25,9,4,8,439,69,5,48,Other,80000,Midwest,Service
888,2012,4,20,3,4,25,208,50,5,27,Female,40000,North,Service
889,2019,6,-59,7,1,35,76,44,10,48,Female,50000,North,Billing
890,2013,1,-47,7,2,25,405,79,9,45,Female,60000,North,Billing
891,2013,8,6,7,5,44,231,77,3,63,Female,90000,North,Technical
892,2013,7,-85,2,4,29,474,61,5,42,Female,50000,East,Technical
893,2013,9,-83,6,5,43,326,78,5,63,Female,50000,North,Service
894,2013,3,100,2,5,19,322,97,5,74,Female,60000,Midwest,Technical
895,2007,2,-11,6,4,57,522,74,4,45,Female,60000,Midwest,Billing
896,2015,1,43,3,3,31,322,61,2,19,Female,90000,Midwest,Service
897,2010,3,-95,2,2,53,95,33,5,34,Male,60000,West,Technical
898,2006,5,84,6,2,47,451,63,10,48,Female,90000,West,Technical
899,2011,2,7,2,1,45,569,100,2,69,Male,70000,West,Billing
900,2022,3,74,5,1,41,522,94,5,21,Other,60000,South,Technical
901,2006,4,-53,2,1,46,346,47,9,30,Female,80000,East,Billing
902,2013,7,6,3,2,51,104,83,10,35,Other,80000,Midwest,Billing
903,2015,3,6,3,3,32,88,76,6,20,Male,90000,Midwest,Technical
904,2016,9,87,6,3,18,415,35,8,68,Other,30000,Midwest,Technical
905,2011,8,-24,5,2,31,44,95,9,54,Male,60000,North,Service
906,2010,4,6,3,2,57,260,38,5,50,Female,90000,West,Service
907,2005,1,29,3,2,24,228,97,5,58,Other,70000,Midwest,Service
908,2021,1,-42,1,3,38,383,52,5,41,Female,30000,East,Service
909,2015,1,54,5,1,16,64,72,6,48,Female,60000,North,Service
910,2022,1,-74,8,5,37,191,80,1,52,Female,80000,South,Billing
911,2021,8,-22,2,1,28,500,54,8,48,Female,80000,Midwest,Technical
912,2011,3,100,4,1,24,560,64,2,50,Female,30000,North,Billing
913,2013,6,-94,7,5,9,452,46,6,48,Male,40000,Midwest,Service
914,2013,3,6,8,2,42,377,47,9,39,Female,70000,Midwest,Service
915,2021,5,10,1,3,34,176,56,3,30,Male,70000,North,Technical
916,2012,7,18,4,3,28,403,44,2,27,Other,70000,South,Billing
917,2021,2,73,6,1,47,445,98,10,34,Female,60000,Midwest,Service
918,2011,6,6,3,5,44,523,44,5,48,Female,50000,East,Service
919,2005,6,23,5,4,11,588,71,9,60,Female,80000,Midwest,Service
920,2017,3,-89,9,2,40,285,63,6,22,Female,50000,Midwest,Service
921,2021,6,40,3,1,42,132,77,5,74,Male,80000,East,Billing
922,2017,10,-58,5,3,20,322,37,8,76,Male,60000,Midwest,Billing
923,2020,10,-84,8,5,56,448,39,5,26,Male,60000,Midwest,Service
924,2012,5,-38,6,5,19,379,34,5,30,Other,80000,West,Service
925,2022,2,19,4,1,31,71,77,5,77,Male,60000,East,Service
926,2005,9,-65,8,4,27,322,55,10,69,Female,60000,Midwest,Technical
927,2018,8,-93,3,3,16,58,52,10,40,Other,60000,North,Technical
928,2019,3,6,3,3,33,43,91,5,47,Other,60000,North,Technical
929,2022,8,-11,4,4,48,514,42,7,60,Female,50000,East,Billing
930,2006,9,-65,9,5,52,218,38,7,72,Female,70000,West,Service
931,2021,3,-73,5,2,19,324,49,2,21,Female,50000,Midwest,Technical
932,2022,3,6,8,3,33,212,86,7,38,Female,30000,Midwest,Technical
933,2010,2,-8,6,3,49,577,53,6,60,Male,70000,Midwest,Billing
934,2008,8,74,3,4,47,66,62,5,26,Other,60000,North,Billing
935,2005,10,-25,5,1,53,43,49,8,24,Female,80000,Midwest,Technical
936,2012,1,0,9,5,25,188,89,4,33,Male,80000,West,Service
937,2011,8,6,8,4,19,523,63,1,40,Female,80000,Midwest,Service
938,2007,5,50,4,2,18,358,93,8,75,Male,60000,East,Service
939,2013,7,43,6,2,46,112,59,8,48,Female,50000,West,Technical
940,2014,3,-87,1,2,48,322,46,3,48,Female,90000,West,Billing
941,2018,1,-30,4,4,31,589,63,3,74,Female,60000,West,Service
942,2006,4,79,8,5,19,598,48,5,22,Male,90000,West,Technical
943,2005,5,23,1,3,46,51,63,3,23,Female,50000,Midwest,Technical
944,2022,5,24,3,1,8,161,63,5,68,Male,40000,Midwest,Billing
945,2011,1,-64,1,3,31,494,96,8,18,Male,60000,South,Service
946,2012,5,-72,9,5,27,485,73,5,76,Other,90000,West,Technical
947,2005,8,94,2,3,33,331,61,5,65,Male,50000,West,Service
948,2013,8,42,9,4,45,296,40,2,45,Male,60000,East,Service
949,2012,5,74,4,2,57,322,31,4,35,Male,70000,North,Service
950,2019,5,73,2,5,56,149,97,9,41,Male,80000,Midwest,Technical
951,2013,1,79,4,5,13,275,46,2,48,Female,50000,West,Service
952,2007,4,-82,6,3,57,597,69,9,50,Other,90000,South,Billing
953,2005,3,5,7,4,31,67,75,7,48,Female,60000,South,Technical
954,2019,2,-80,5,3,47,274,33,10,24,Other,90000,South,Technical
955,2012,8,6,3,3,47,50,67,8,48,Other,80000,East,Service
956,2006,5,64,8,5,11,322,63,1,49,Female,90000,South,Service
957,2007,9,6,5,3,57,423,58,5,62,Male,30000,Midwest,Service
958,2018,2,6,4,2,46,439,48,5,39,Female,40000,East,Technical
959,2018,4,-72,7,3,8,37,58,4,33,Male,70000,Midwest,Billing
960,2015,6,47,7,2,9,473,64,2,41,Female,60000,South,Billing
961,2020,3,-76,9,5,9,322,99,6,69,Female,40000,North,Technical
962,2008,8,-31,9,4,15,319,52,2,48,Male,60000,West,Billing
963,2009,3,-38,5,3,31,540,75,3,31,Other,40000,Midwest,Service
964,2018,2,63,8,4,32,390,73,8,28,Male,80000,Midwest,Technical
965,2020,3,29,1,4,20,322,77,5,36,Female,80000,North,Billing
966,2022,6,49,9,2,45,435,81,2,40,Female,30000,Midwest,Technical
967,2011,5,-85,8,5,58,249,37,5,51,Female,60000,Midwest,Billing
968,2014,8,45,6,1,34,136,63,3,77,Female,40000,South,Technical
969,2011,1,96,5,4,31,315,95,1,57,Female,90000,Midwest,Billing
970,2005,5,81,3,4,6,37,63,5,30,Female,40000,Midwest,Technical
971,2020,2,-1,8,5,50,218,60,6,48,Other,80000,Midwest,Technical
972,2008,10,-71,5,5,7,110,77,3,61,Male,60000,East,Technical
973,2022,6,-56,5,3,54,137,90,9,45,Other,50000,North,Service
974,2006,2,-82,5,5,25,350,81,7,57,Female,50000,Midwest,Technical
975,2005,2,-67,5,4,10,375,67,5,33,Male,70000,South,Service
976,2019,10,40,4,3,47,357,65,2,67,Female,90000,West,Technical
977,2009,5,70,2,3,57,584,84,5,68,Female,90000,South,Technical
978,2015,2,-39,3,3,22,331,42,5,45,Female,50000,South,Technical
979,2014,5,17,8,2,48,229,66,5,21,Other,40000,East,Billing
980,2006,3,-1,7,1,9,448,63,9,45,Other,30000,East,Technical
981,2007,8,6,2,1,13,68,100,4,74,Other,50000,Midwest,Service
982,2013,7,79,6,1,24,336,51,9,77,Female,90000,South,Service
983,2009,8,79,9,2,32,322,68,5,29,Female,60000,North,Billing
984,2009,7,10,4,3,30,106,63,5,33,Female,80000,East,Service
985,2010,6,63,9,3,22,497,59,2,70,Other,80000,Midwest,Technical
986,2013,7,6,2,1,23,208,47,8,71,Male,70000,East,Technical
987,2006,5,46,2,2,7,305,47,5,66,Other,60000,North,Technical
988,2016,7,6,9,1,13,181,68,3,53,Female,70000,East,Technical
989,2007,1,-31,5,5,40,322,55,2,79,Other,40000,North,Billing
990,2016,1,15,7,3,35,319,100,8,37,Other,50000,West,Technical
991,2021,9,-22,1,4,53,322,36,7,48,Other,60000,North,Billing
992,2014,5,84,6,1,21,339,98,9,73,Female,70000,West,Billing
993,2018,5,47,7,5,31,418,94,5,73,Female,60000,Midwest,Service
994,2021,3,-92,6,3,31,212,75,4,43,Female,60000,Midwest,Service
995,2022,5,-69,6,2,38,335,47,2,39,Male,30000,Midwest,Technical
996,2021,5,31,2,3,45,322,42,5,73,Other,60000,East,Technical
997,2018,9,-51,6,2,31,248,54,2,26,Female,80000,North,Technical
998,2013,9,-19,4,2,9,202,37,6,22,Male,40000,East,Service
999,2012,6,-96,9,1,19,301,61,7,34,Female,50000,North,Service
1000,2006,1,47,1,1,51,322,46,6,66,Other,40000,East,Service
1001,2017,7,-14,8,3,7,322,77,2,51,Male,80000,Midwest,Service
1002,2011,7,25,5,5,23,49,92,4,19,Female,60000,Midwest,Service
1003,2013,10,-26,1,3,31,322,63,3,70,Female,90000,Midwest,Service
1004,2015,10,64,4,4,7,176,44,4,48,Male,60000,East,Service
1005,2018,4,-79,1,2,31,458,35,5,24,Male,90000,Midwest,Billing
1006,2008,8,85,6,3,8,194,92,7,53,Male,80000,South,Service
1007,2017,6,-33,2,1,28,339,37,9,30,Male,60000,Midwest,Billing
1008,2006,4,6,5,5,35,547,61,2,37,Male,50000,Midwest,Service
1009,2009,4,-100,7,1,49,43,74,8,47,Female,50000,East,Service
1010,2015,5,-100,2,4,31,161,63,3,47,Male,60000,North,Technical
1011,2010,2,-59,6,3,31,468,42,9,28,Female,30000,West,Technical
1012,2022,4,36,6,3,41,292,53,10,48,Other,80000,North,Service
1013,2014,5,5,5,5,5,254,69,4,75,Female,40000,Midwest,Billing
1014,2013,8,-6,5,1,13,287,43,3,20,Other,60000,Midwest,Service
1015,2013,6,34,3,1,21,263,99,10,48,Female,50000,West,Billing
1016,2013,4,-33,2,4,58,365,91,6,19,Female,50000,Midwest,Service
1017,2006,7,46,7,3,31,438,90,10,65,Female,60000,North,Service
1018,2021,8,58,1,1,7,53,30,9,20,Male,60000,Midwest,Technical
1019,2009,2,27,6,5,51,322,95,7,73,Other,60000,South,Technical
1020,2010,7,62,6,3,30,124,61,4,32,Female,70000,North,Technical
1021,2016,2,84,3,4,57,171,42,3,34,Female,30000,Midwest,Service
1022,2014,2,-16,2,5,35,110,63,10,65,Female,50000,Midwest,Technical
1023,2010,8,88,2,2,30,303,61,4,69,Other,60000,Midwest,Technical
1024,2012,2,58,9,4,31,305,85,3,24,Female,90000,Midwest,Service
1025,2006,5,-18,5,5,34,494,53,3,48,Other,70000,Midwest,Technical
1026,2013,1,-6,7,1,14,237,33,9,48,Other,40000,East,Billing
1027,2017,9,80,5,2,12,325,52,4,48,Male,90000,Midwest,Technical
1028,2011,1,6,7,4,48,68,58,9,50,Female,60000,Midwest,Billing
1029,2014,10,-35,4,1,31,317,50,10,71,Female,60000,South,Technical
1030,2017,10,86,8,2,26,153,59,5,78,Other,60000,East,Service
1031,2021,2,6,7,3,19,312,49,7,62,Other,80000,East,Service
1032,2018,6,37,5,1,45,209,45,5,33,Male,40000,Midwest,Technical
1033,2006,6,29,5,5,14,126,96,1,54,Female,60000,East,Billing
1034,2015,1,6,5,4,24,220,78,2,20,Female,40000,Midwest,Technical
1035,2005,7,-41,5,2,45,103,87,5,48,Female,30000,Midwest,Service
1036,2008,8,-84,2,1,31,476,73,6,76,Female,90000,Midwest,Technical
1037,2015,2,-5,5,3,27,526,54,7,64,Female,40000,North,Service
1038,2012,8,43,3,4,57,322,52,2,65,Other,40000,East,Billing
1039,2013,9,-85,9,4,57,513,88,10,60,Female,70000,West,Billing
1040,2008,6,-55,6,1,5,145,30,5,74,Other,60000,Midwest,Service
1041,2021,5,66,3,3,6,564,44,6,68,Female,40000,East,Billing
1042,2011,9,58,5,2,23,127,81,2,67,Male,30000,East,Service
1043,2012,9,6,4,1,18,357,87,2,38,Other,70000,South,Service
1044,2007,1,-13,3,2,12,436,70,3,48,Female,60000,West,Service
1045,2006,3,28,8,4,42,342,73,1,25,Male,60000,West,Technical
1046,2019,9,38,4,2,31,177,33,9,39,Male,50000,South,Billing
1047,2009,2,18,1,3,30,371,97,10,48,Other,80000,South,Technical
1048,2013,4,-16,5,5,31,524,36,4,71,Other,90000,East,Technical
1049,2008,4,-97,5,3,33,52,75,5,22,Other,30000,North,Billing
1050,2019,2,-30,5,2,19,134,38,7,34,Other,80000,South,Technical
1051,2007,3,53,7,1,50,587,62,1,54,Other,60000,West,Service
1052,2015,3,10,6,4,57,251,62,3,31,Other,70000,West,Technical
1053,2021,1,-51,2,5,5,44,33,3,56,Other,30000,East,Service
1054,2017,6,39,4,1,47,322,94,2,58,Female,60000,North,Billing
1055,2015,8,-6,2,1,32,351,63,8,45,Female,60000,Midwest,Technical
1056,2006,3,-9,1,3,7,270,93,5,48,Female,40000,South,Billing
1057,2013,5,-36,3,2,55,47,54,1,34,Female,30000,South,Service
1058,2006,1,-54,3,3,22,483,84,2,48,Male,70000,East,Technical
1059,2013,5,6,7,2,56,472,38,1,57,Female,80000,Midwest,Service
1060,2013,7,5,1,3,38,306,46,6,39,Male,90000,Midwest,Service
1061,2012,10,98,9,1,36,453,50,9,62,Male,30000,North,Service
1062,2021,1,29,6,4,33,505,89,7,65,Male,60000,West,Billing
1063,2005,9,5,4,2,29,56,42,5,70,Other,90000,West,Billing
1064,2013,8,-77,3,5,30,543,32,3,46,Male,90000,Midwest,Billing
1065,2012,7,-97,3,5,43,493,97,8,27,Male,90000,West,Technical
1066,2014,10,7,2,1,12,322,63,10,48,Male,50000,Midwest,Service
1067,2011,7,-82,2,3,23,412,36,4,52,Other,90000,Midwest,Billing
1068,2007,5,53,5,3,31,554,55,9,61,Female,60000,South,Service
1069,2007,5,-61,9,1,51,322,53,5,33,Female,40000,Midwest,Billing
1070,2022,5,-51,2,5,31,213,39,6,67,Male,40000,North,Service
1071,2009,1,70,2,5,26,223,42,5,66,Male,90000,Midwest,Billing
1072,2016,8,-26,6,3,33,491,73,10,24,Female,60000,North,Billing
1073,2016,1,94,2,2,37,322,68,7,47,Female,60000,Midwest,Billing
1074,2010,4,-89,5,3,42,259,48,7,36,Female,40000,Midwest,Billing
1075,2006,9,94,6,2,49,518,80,1,72,Female,50000,East,Service
1076,2016,5,-74,5,5,50,57,48,2,48,Male,60000,Midwest,Billing
1077,2009,5,12,1,2,39,213,81,7,40,Male,90000,Midwest,Billing
1078,2016,5,81,6,4,47,454,76,8,25,Male,60000,South,Billing
1079,2021,3,93,1,2,7,404,59,5,48,Female,60000,South,Service
1080,2021,3,-52,3,2,23,70,75,6,48,Female,30000,Midwest,Billing
1081,2014,5,43,5,2,14,513,50,10,43,Female,80000,North,Service
1082,2021,5,29,5,3,31,289,77,3,74,Female,90000,East,Technical
1083,2019,1,-41,5,1,19,470,91,7,45,Other,80000,South,Service
1084,2016,5,81,8,5,15,113,87,3,76,Other,40000,South,Technical
1085,2020,6,-71,5,4,51,75,47,7,56,Female,60000,West,Billing
1086,2012,7,-17,1,3,31,469,88,8,48,Other,80000,West,Billing
1087,2021,9,65,5,3,28,548,77,3,57,Other,70000,Midwest,Service
1088,2009,3,-73,3,1,17,467,92,2,36,Female,50000,Midwest,Billing
1089,2020,2,-76,4,1,36,165,41,6,46,Female,40000,Midwest,Billing
1090,2010,3,-5,8,3,41,212,63,5,37,Female,90000,North,Service
1091,2012,9,24,7,2,8,201,63,8,48,Other,80000,East,Billing
1092,2013,7,-91,5,5,17,568,82,2,27,Male,50000,South,Technical
1093,2016,5,6,2,3,13,149,63,4,79,Other,90000,North,Technical
1094,2019,2,-59,5,4,53,310,91,2,29,Other,90000,North,Billing
1095,2013,5,-61,6,1,38,337,33,2,73,Female,40000,South,Billing
1096,2017,4,-24,6,5,31,306,42,2,50,Male,70000,Midwest,Technical
1097,2019,2,4,9,1,52,559,71,1,73,Other,50000,Midwest,Billing
1098,2014,9,17,8,3,31,324,63,4,42,Male,60000,North,Technical
1099,2020,9,-59,8,3,5,82,85,2,42,Female,60000,South,Service
1100,2011,6,-54,1,1,16,461,76,9,70,Male,60000,Midwest,Technical
1101,2021,5,64,5,1,31,81,37,9,21,Female,70000,South,Billing
1102,2011,8,-79,7,3,15,101,84,5,21,Female,50000,West,Service
1103,2018,6,84,6,5,48,57,47,6,26,Female,30000,Midwest,Technical
1104,2019,1,6,5,1,55,498,63,3,32,Male,90000,North,Technical
1105,2011,4,-74,8,1,48,576,61,7,73,Male,30000,South,Billing
1106,2013,7,-60,3,1,48,430,53,1,43,Male,50000,Midwest,Billing
1107,2020,2,-21,6,1,18,230,36,9,32,Other,60000,South,Billing
1108,2012,9,61,5,2,31,495,42,4,43,Male,50000,South,Service
1109,2022,8,59,8,2,38,589,98,5,45,Male,70000,East,Service
1110,2022,8,-12,5,3,29,408,71,6,24,Male,90000,East,Technical
1111,2011,7,-35,8,1,8,206,60,3,49,Female,60000,East,Technical
1112,2007,4,-89,2,3,56,81,55,4,29,Male,90000,Midwest,Service
1113,2022,2,67,9,4,59,108,61,10,52,Female,60000,Midwest,Service
1114,2014,3,-28,5,3,30,414,63,3,69,Male,50000,Midwest,Technical
1115,2011,6,-25,6,5,31,322,49,6,49,Female,40000,South,Service
1116,2013,5,-11,4,2,14,243,69,5,26,Female,40000,Midwest,Technical
1117,2018,8,6,4,2,31,54,88,8,48,Other,60000,Midwest,Billing
1118,2007,6,-91,5,1,6,479,43,5,30,Other,30000,Midwest,Technical
1119,2013,5,-5,5,1,39,486,73,5,48,Female,60000,East,Service
1120,2017,1,-100,6,4,23,322,77,6,77,Female,70000,West,Service
1121,2013,4,6,7,3,10,227,72,1,48,Female,80000,Midwest,Service
1122,2007,5,-62,7,5,23,322,45,3,50,Female,30000,Midwest,Technical
1123,2009,3,-41,9,1,57,466,64,1,48,Other,80000,South,Service
1124,2015,9,-35,8,1,56,556,82,5,36,Other,80000,North,Technical
1125,2012,1,-36,5,4,55,407,63,3,47,Male,90000,Midwest,Service
1126,2016,6,78,6,4,12,133,32,2,33,Male,40000,Midwest,Billing
1127,2011,6,23,5,4,18,68,97,3,29,Female,50000,West,Service
1128,2019,10,63,1,3,14,487,34,5,27,Other,40000,South,Technical
1129,2021,5,51,9,3,7,393,63,8,19,Female,80000,South,Technical
1130,2008,5,6,9,3,42,164,81,3,35,Other,50000,East,Service
1131,2017,10,29,9,1,31,403,58,2,48,Other,90000,East,Technical
1132,2022,5,58,5,2,19,261,60,5,46,Female,70000,Midwest,Service
1133,2005,6,-44,3,4,27,68,95,1,41,Other,60000,West,Service
1134,2020,8,-23,1,1,27,76,98,4,55,Female,50000,South,Billing
1135,2013,2,93,8,2,22,65,66,8,29,Other,30000,West,Service
1136,2014,6,6,7,5,50,124,56,1,77,Male,40000,North,Technical
1137,2016,1,-86,5,2,23,390,62,5,77,Male,90000,South,Service
1138,2013,4,-89,7,1,32,554,97,4,46,Male,90000,East,Billing
1139,2007,10,0,4,3,30,175,63,6,39,Male,40000,Midwest,Billing
1140,2014,3,6,9,4,14,397,93,5,53,Other,80000,West,Technical
1141,2006,5,-17,2,5,51,94,73,9,18,Female,80000,East,Service
1142,2013,3,24,9,2,8,257,78,1,60,Female,80000,Midwest,Technical
1143,2017,6,2,5,1,59,549,82,10,72,Female,60000,East,Technical
1144,2022,1,-77,5,1,6,584,78,4,57,Other,90000,South,Service
1145,2007,5,48,5,4,7,210,95,6,51,Other,80000,West,Billing
1146,2013,4,37,7,1,11,530,92,10,51,Other,40000,Midwest,Technical
1147,2018,8,9,4,1,59,184,54,7,48,Female,60000,Midwest,Service
1148,2021,9,-23,9,4,20,564,33,5,50,Other,50000,East,Billing
1149,2016,4,0,6,5,35,464,80,8,21,Female,70000,Midwest,Service
1150,2020,10,45,3,3,14,128,40,10,55,Male,60000,Midwest,Service
1151,2016,10,41,6,3,23,401,46,8,47,Male,60000,South,Service
1152,2019,5,61,6,2,32,592,63,8,70,Female,60000,Midwest,Billing
1153,2014,1,27,5,5,21,391,99,8,48,Male,40000,South,Technical
1154,2011,4,-43,2,2,32,141,98,8,63,Male,60000,Midwest,Billing
1155,2009,7,-25,5,3,23,482,58,6,37,Male,50000,North,Technical
1156,2005,1,49,7,4,41,198,49,9,43,Other,40000,Midwest,Technical
1157,2021,8,97,2,1,27,168,56,3,32,Male,90000,Midwest,Service
1158,2007,10,-65,6,3,24,260,63,6,24,Male,30000,Midwest,Service
1159,2017,6,72,5,5,17,268,90,5,24,Male,90000,South,Service
1160,2018,5,63,4,3,17,282,57,8,48,Other,60000,Midwest,Billing
1161,2022,10,-79,7,5,47,465,99,4,46,Female,60000,West,Service
1162,2008,9,6,8,5,15,322,63,4,40,Female,60000,Midwest,Billing
1163,2022,2,-21,4,5,52,451,98,10,51,Female,40000,Midwest,Service
1164,2009,5,88,1,2,31,332,36,10,48,Female,50000,South,Service
1165,2020,6,-1,1,4,21,101,89,5,32,Female,40000,South,Service
1166,2005,7,83,1,3,58,292,33,6,50,Male,90000,Midwest,Billing
1167,2013,5,-5,1,4,54,251,34,4,70,Male,70000,Midwest,Technical
1168,2013,9,60,5,1,32,322,40,2,34,Female,90000,Midwest,Billing
1169,2013,1,72,4,3,23,91,44,2,37,Female,50000,Midwest,Billing
1170,2019,7,63,9,4,8,500,93,3,48,Other,90000,South,Billing
1171,2021,10,47,3,4,26,186,42,2,74,Female,90000,North,Technical
1172,2008,7,-83,7,1,26,154,36,1,30,Other,30000,North,Billing
1173,2016,4,-63,8,5,59,190,35,8,61,Female,80000,Midwest,Service
1174,2009,9,94,6,3,41,570,85,5,41,Male,60000,North,Technical
1175,2009,5,50,1,3,43,564,63,5,71,Male,50000,West,Billing
1176,2015,4,8,8,1,38,135,79,5,64,Male,60000,West,Billing
1177,2010,7,22,5,5,37,160,59,5,73,Female,60000,West,Technical
1178,2011,4,43,8,3,31,386,51,8,54,Female,60000,South,Billing
1179,2018,3,86,4,3,46,31,54,4,24,Other,60000,South,Technical
1180,2015,9,96,8,3,44,262,57,8,25,Other,50000,South,Service
1181,2017,8,95,1,5,37,398,68,10,40,Other,60000,South,Billing
1182,2006,1,48,3,1,16,280,96,5,31,Female,90000,South,Billing
1183,2011,7,3,6,3,6,137,34,7,21,Other,30000,Midwest,Service
1184,2008,9,97,9,4,31,305,63,1,38,Other,40000,North,Service
1185,2012,8,39,2,5,14,209,44,6,48,Female,40000,Midwest,Billing
1186,2017,8,43,5,2,26,322,96,4,63,Male,90000,North,Technical
1187,2018,6,-20,3,1,21,204,69,10,27,Female,90000,Midwest,Billing
1188,2014,4,-14,4,4,30,152,63,10,39,Other,80000,West,Service
1189,2015,5,41,5,3,7,256,63,10,47,Male,60000,East,Billing
1190,2006,3,-40,3,2,11,473,30,2,47,Female,50000,South,Service
1191,2013,9,98,2,1,48,457,51,10,77,Male,60000,East,Service
1192,2013,2,-55,2,5,12,322,91,7,33,Male,90000,East,Service
1193,2007,2,-69,7,2,24,322,55,9,28,Other,60000,West,Service
1194,2010,7,-86,9,2,16,310,47,5,39,Female,70000,East,Service
1195,2009,10,6,2,4,39,420,77,8,46,Other,30000,East,Technical
1196,2009,4,44,7,1,21,457,38,5,48,Female,40000,West,Technical
1197,2013,10,68,7,4,32,136,30,7,75,Female,30000,North,Technical
1198,2021,8,-47,7,4,31,577,38,7,48,Female,30000,Midwest,Technical
1199,2013,9,-57,3,3,14,291,52,9,48,Male,80000,Midwest,Billing
1200,2007,7,-3,7,5,26,188,74,5,19,Male,60000,East,Technical
1201,2021,5,-96,1,2,42,294,31,1,48,Other,30000,South,Billing
1202,2014,8,8,1,1,37,497,43,2,30,Female,60000,West,Service
1203,2007,4,-74,5,5,26,231,67,6,20,Female,80000,Midwest,Billing
1204,2022,2,15,2,5,48,184,69,10,47,Male,60000,Midwest,Billing
1205,2022,6,-14,9,1,41,42,92,10,35,Female,60000,North,Service
1206,2021,9,3,5,5,17,326,45,5,71,Other,80000,North,Service
1207,2007,1,22,4,3,31,527,35,3,53,Female,60000,Midwest,Technical
1208,2007,5,-22,4,5,19,274,32,10,48,Female,80000,Midwest,Service
1209,2010,7,-58,2,3,26,329,43,2,48,Male,80000,East,Technical
1210,2017,10,-4,5,3,34,391,95,1,36,Female,50000,South,Billing
1211,2019,9,-70,5,2,31,383,96,2,33,Other,60000,North,Technical
1212,2013,10,-2,1,4,44,550,60,3,45,Other,50000,Midwest,Technical
1213,2008,9,-84,8,3,41,415,62,7,21,Other,90000,Midwest,Billing
1214,2018,10,-18,3,2,38,341,30,2,68,Other,60000,North,Service
1215,2009,3,9,6,5,48,443,73,5,72,Male,60000,West,Technical
1216,2006,5,6,4,1,38,307,44,2,48,Female,80000,Midwest,Service
1217,2015,8,89,5,1,52,385,66,7,18,Female,60000,South,Billing
1218,2013,8,-69,7,3,57,322,56,10,65,Other,40000,Midwest,Service
1219,2007,4,67,9,4,39,322,77,8,64,Female,80000,Midwest,Service
1220,2013,1,40,3,5,46,74,56,8,48,Male,60000,West,Service
1221,2007,1,-66,1,3,23,350,41,8,71,Female,60000,Midwest,Billing
1222,2006,4,32,5,1,12,355,96,10,37,Other,40000,West,Service
1223,2016,6,100,3,3,43,322,59,9,50,Other,40000,Midwest,Service
1224,2014,8,-72,6,5,37,384,95,1,34,Female,60000,Midwest,Service
1225,2013,6,-31,8,2,48,265,36,1,22,Female,60000,Midwest,Service
1226,2019,9,52,4,5,32,322,63,10,79,Female,70000,Midwest,Service
1227,2012,9,-6,5,2,41,503,61,2,22,Male,60000,South,Service
1228,2009,2,-79,5,2,52,425,68,6,75,Other,90000,Midwest,Service
1229,2015,10,93,4,2,31,475,63,1,56,Female,60000,Midwest,Service
1230,2006,1,72,4,3,40,249,72,5,30,Male,60000,West,Service
1231,2019,5,-32,4,1,21,471,32,5,61,Other,90000,Midwest,Service
1232,2010,5,-12,4,3,28,322,63,4,53,Female,60000,South,Service
1233,2013,4,-29,4,3,25,504,63,5,47,Female,40000,Midwest,Service
1234,2009,4,28,5,3,6,334,72,1,74,Female,30000,Midwest,Billing
1235,2020,9,71,2,4,35,434,32,6,48,Male,80000,Midwest,Service
1236,2013,5,-14,2,5,48,542,92,7,40,Male,70000,Midwest,Billing
1237,2010,6,6,9,3,37,531,69,8,38,Male,30000,West,Service
1238,2009,1,6,2,3,34,377,47,2,38,Male,40000,Midwest,Billing
1239,2020,2,66,6,1,16,269,96,7,48,Female,70000,South,Service
1240,2017,6,-47,2,3,31,599,91,6,41,Female,30000,West,Technical
1241,2009,2,-13,5,2,16,366,39,9,64,Male,60000,South,Billing
1242,2017,10,56,4,3,55,55,81,8,70,Male,90000,North,Technical
1243,2021,5,-47,7,1,53,438,75,4,48,Female,40000,Midwest,Technical
1244,2022,5,-85,7,1,31,106,63,9,36,Other,60000,South,Service
1245,2012,6,-2,6,2,28,246,63,1,55,Other,60000,Midwest,Billing
1246,2017,6,-81,5,1,28,357,89,6,79,Female,40000,South,Service
1247,2007,6,-55,5,4,15,52,55,8,29,Male,70000,East,Service
1248,2012,5,94,3,3,31,339,56,4,31,Male,60000,East,Technical
1249,2006,10,92,9,3,31,296,67,2,67,Female,50000,East,Technical
1250,2012,3,26,1,3,12,444,51,2,77,Other,50000,Midwest,Service
1251,2017,6,-43,5,3,14,296,55,10,29,Female,80000,Midwest,Billing
1252,2017,8,80,2,4,12,362,98,1,73,Female,60000,Midwest,Service
1253,2005,1,10,4,3,24,479,64,5,48,Female,40000,Midwest,Service
1254,2010,1,6,1,2,12,594,95,6,32,Male,50000,East,Service
1255,2020,2,-20,3,1,13,276,80,4,36,Male,80000,Midwest,Service
1256,2012,6,93,7,1,11,65,47,4,45,Male,30000,South,Service
1257,2005,9,56,5,2,18,430,72,5,57,Other,60000,Midwest,Technical
1258,2013,4,-17,4,4,32,57,41,5,58,Female,60000,Midwest,Billing
1259,2013,3,6,2,5,6,249,32,9,22,Female,70000,East,Billing
1260,2017,8,-93,3,4,47,322,36,8,22,Other,90000,Midwest,Service
1261,2015,10,-72,9,1,12,322,35,9,23,Male,80000,West,Billing
1262,2017,9,11,3,5,17,540,74,3,40,Female,60000,North,Technical
1263,2014,5,6,5,3,25,315,68,3,20,Other,60000,South,Service
1264,2008,5,60,2,5,51,483,63,1,54,Male,90000,South,Technical
1265,2010,2,30,4,4,32,346,38,10,48,Male,60000,Midwest,Technical
1266,2011,3,87,7,2,39,326,52,6,60,Female,60000,Midwest,Service
1267,2009,7,62,7,3,27,367,63,4,75,Male,30000,West,Technical
1268,2015,5,96,3,4,50,336,91,8,38,Other,80000,Midwest,Service
1269,2017,6,6,5,3,19,322,69,2,37,Male,90000,Midwest,Technical
1270,2014,6,8,1,5,6,380,83,2,48,Female,60000,Midwest,Billing
1271,2014,5,-81,1,1,55,322,36,7,56,Other,40000,South,Billing
1272,2015,10,-28,5,4,16,554,46,5,64,Female,60000,Midwest,Billing
1273,2011,6,66,9,2,56,521,79,1,34,Male,90000,Midwest,Service
1274,2013,4,-97,1,5,40,38,63,7,48,Male,50000,Midwest,Technical
1275,2008,3,100,1,4,7,526,31,5,25,Other,80000,East,Technical
1276,2006,2,1,4,2,9,589,62,10,79,Male,60000,East,Billing
1277,2018,5,72,4,4,7,590,50,6,43,Female,60000,Midwest,Billing
1278,2017,5,70,2,5,51,469,82,4,45,Other,40000,Midwest,Service
1279,2016,2,40,9,3,31,322,75,8,51,Other,70000,North,Service
1280,2011,5,40,9,3,6,137,74,2,48,Female,50000,South,Technical
1281,2006,7,87,2,5,31,274,38,2,30,Other,50000,East,Service
1282,2017,8,84,9,4,41,284,35,2,61,Female,50000,East,Service
1283,2013,10,-15,6,1,58,62,63,3,48,Female,70000,South,Service
1284,2021,8,-49,8,4,21,52,64,6,30,Female,90000,North,Billing
1285,2013,4,10,5,3,18,595,63,1,55,Male,40000,North,Billing
1286,2021,1,80,2,2,32,78,48,2,42,Other,60000,Midwest,Technical
1287,2012,7,8,2,2,31,491,98,5,64,Female,80000,West,Service
1288,2006,1,-15,9,2,58,365,54,2,79,Female,60000,East,Billing
1289,2017,4,-58,1,1,31,387,40,1,40,Female,90000,North,Service
1290,2007,8,99,7,3,7,151,46,3,39,Other,60000,Midwest,Technical
1291,2020,5,99,3,5,40,473,63,10,38,Other,60000,East,Service
1292,2010,6,-59,3,3,42,388,50,7,71,Female,60000,West,Technical
1293,2011,6,6,2,3,31,375,63,1,47,Male,30000,Midwest,Technical
1294,2014,5,14,6,4,26,222,89,7,28,Male,60000,East,Billing
1295,2013,5,-75,2,3,52,445,47,5,21,Male,50000,North,Service
1296,2006,10,50,4,3,43,406,30,5,50,Male,40000,Midwest,Billing
1297,2019,4,-58,9,3,51,492,63,2,64,Female,60000,South,Service
1298,2009,5,-24,9,5,34,175,37,1,29,Other,60000,Midwest,Service
1299,2008,10,55,6,3,25,507,63,9,26,Female,60000,South,Technical
1300,2008,5,36,4,5,34,437,80,8,49,Other,60000,North,Technical
1301,2022,8,-81,7,1,32,315,63,5,48,Other,90000,North,Service
1302,2008,10,6,5,1,35,140,63,6,48,Female,60000,Midwest,Billing
1303,2021,8,-62,5,4,56,79,65,5,41,Female,70000,West,Technical
1304,2016,2,78,5,5,30,43,63,8,24,Male,60000,Midwest,Technical
1305,2021,7,-89,8,5,47,163,30,5,48,Other,60000,East,Service
1306,2014,8,82,2,2,26,372,63,5,48,Male,60000,West,Service
1307,2005,6,-90,5,2,25,315,30,5,42,Male,90000,South,Technical
1308,2022,5,53,6,4,5,343,83,1,18,Female,80000,East,Billing
1309,2022,9,-59,5,1,41,326,76,4,20,Male,80000,West,Technical
1310,2018,3,54,9,2,31,598,68,2,57,Male,90000,South,Service
1311,2013,10,-90,1,3,25,193,59,10,45,Female,70000,East,Technical
1312,2013,4,-63,3,1,50,526,36,3,60,Female,60000,Midwest,Service
1313,2008,9,-3,2,3,13,45,51,1,50,Male,50000,Midwest,Technical
1314,2007,6,70,3,5,21,373,79,2,48,Male,40000,Midwest,Service
1315,2016,5,-82,9,1,51,107,74,1,18,Female,30000,Midwest,Service
1316,2013,7,91,9,4,25,375,39,8,55,Female,90000,Midwest,Billing
1317,2015,2,33,2,5,35,101,43,4,70,Female,80000,Midwest,Service
1318,2005,3,73,3,5,43,299,75,3,44,Other,30000,North,Technical
1319,2010,1,15,4,3,58,316,35,1,48,Female,70000,East,Service
1320,2019,9,12,9,3,26,95,50,2,52,Other,50000,West,Technical
1321,2019,7,69,3,2,31,97,91,3,27,Female,80000,North,Service
1322,2015,1,-36,7,1,59,222,48,3,29,Female,60000,Midwest,Service
1323,2006,3,-2,3,3,10,84,91,6,27,Female,90000,Midwest,Billing
1324,2018,4,-29,7,3,57,408,82,10,71,Other,30000,Midwest,Billing
1325,2013,5,86,7,3,20,197,53,8,51,Male,60000,North,Service
1326,2008,5,-49,5,3,30,438,85,6,41,Female,60000,East,Billing
1327,2021,3,17,5,5,9,537,91,2,45,Other,70000,East,Technical
1328,2007,3,74,6,3,31,566,63,2,48,Female,80000,North,Billing
1329,2017,5,19,9,3,50,322,51,7,62,Male,30000,Midwest,Billing
1330,2013,7,-94,5,1,44,322,97,1,33,Female,60000,Midwest,Service
1331,2011,5,-90,2,4,18,507,86,1,30,Female,60000,Midwest,Service
1332,2019,1,2,5,5,48,149,63,7,53,Female,60000,East,Billing
1333,2013,2,-40,5,3,46,320,63,9,53,Female,50000,North,Service
1334,2006,4,-33,9,1,34,517,63,5,79,Male,30000,South,Service
1335,2019,4,52,2,1,56,190,67,5,60,Other,80000,Midwest,Service
1336,2018,5,39,5,1,56,107,91,5,40,Female,90000,North,Service
1337,2015,2,53,7,3,30,67,57,1,31,Female,40000,South,Billing
1338,2007,4,1,6,4,57,423,39,10,49,Other,80000,Midwest,Service
1339,2021,1,9,6,1,49,470,74,9,20,Male,90000,South,Technical
1340,2016,2,39,7,5,33,569,94,5,44,Female,60000,East,Technical
1341,2019,5,70,3,1,23,491,96,9,36,Male,40000,North,Service
1342,2020,10,-50,3,4,51,323,38,2,39,Male,70000,Midwest,Billing
1343,2009,10,16,9,3,31,429,34,7,74,Male,60000,South,Service
1344,2010,4,64,8,1,27,121,39,2,18,Female,60000,Midwest,Technical
1345,2009,4,-55,5,1,31,35,41,4,22,Female,50000,West,Service
1346,2007,7,6,5,5,46,300,87,6,48,Female,30000,North,Service
1347,2005,10,-13,5,5,39,588,50,2,50,Other,70000,East,Billing
1348,2010,9,20,1,1,35,128,50,2,68,Male,60000,Midwest,Service
1349,2019,9,-88,4,1,57,555,94,2,36,Female,80000,Midwest,Billing
1350,2006,5,-12,2,5,39,223,32,3,48,Male,40000,South,Service
1351,2007,10,24,7,4,36,186,98,5,68,Male,70000,Midwest,Service
1352,2021,1,17,2,2,31,144,93,9,23,Other,60000,Midwest,Billing
1353,2016,1,-47,2,2,20,425,78,6,77,Female,60000,Midwest,Billing
1354,2022,6,84,5,1,21,551,63,9,32,Other,60000,South,Technical
1355,2019,2,15,4,5,36,243,61,5,53,Female,50000,Midwest,Billing
1356,2013,8,17,8,3,42,562,99,5,73,Male,30000,East,Service
1357,2013,9,-97,4,3,36,322,50,6,50,Female,70000,East,Technical
1358,2012,4,-26,6,2,31,448,36,10,41,Male,80000,North,Billing
1359,2018,5,-52,5,3,24,397,36,8,44,Male,40000,East,Billing
1360,2021,8,-94,2,2,52,242,56,3,66,Female,70000,Midwest,Technical
1361,2012,3,9,8,1,6,34,37,5,28,Male,30000,Midwest,Service
1362,2019,5,21,2,4,24,260,57,3,66,Female,80000,East,Service
1363,2018,3,-90,9,3,51,230,95,9,40,Other,70000,West,Technical
1364,2022,10,6,9,5,22,431,100,6,50,Male,40000,Midwest,Service
1365,2011,5,81,3,5,5,178,76,5,58,Male,30000,North,Billing
1366,2007,3,72,4,1,33,521,63,4,63,Female,50000,West,Service
1367,2016,7,-78,8,2,33,255,62,10,64,Male,50000,East,Billing
1368,2013,7,-73,9,1,23,198,36,3,73,Female,60000,South,Service
1369,2018,5,10,3,5,48,181,32,2,46,Female,60000,Midwest,Billing
1370,2019,10,-44,5,3,44,322,43,4,48,Male,40000,South,Technical
1371,2018,8,-75,8,5,10,533,73,9,18,Other,70000,Midwest,Billing
1372,2011,5,52,5,4,48,579,75,4,48,Other,30000,North,Service
1373,2021,5,-47,5,5,43,73,90,5,35,Other,60000,West,Billing
1374,2016,4,-72,8,5,31,533,65,8,35,Male,40000,South,Service
1375,2008,7,-4,3,4,58,322,42,2,23,Other,70000,North,Service
1376,2013,10,63,2,2,50,322,45,3,69,Female,40000,South,Billing
1377,2010,4,-87,7,5,12,322,34,6,57,Female,30000,South,Service
1378,2020,2,-23,9,1,28,72,67,7,18,Other,60000,North,Technical
1379,2006,4,-66,1,5,31,322,79,4,64,Female,40000,Midwest,Service
1380,2012,8,-71,3,1,58,69,67,1,59,Male,60000,South,Technical
1381,2015,9,-9,5,3,18,332,85,7,47,Other,50000,Midwest,Technical
1382,2017,5,-84,3,5,9,204,92,5,21,Male,60000,South,Service
1383,2013,7,94,1,4,45,561,77,1,49,Female,60000,Midwest,Technical
1384,2012,9,57,7,4,44,490,63,1,27,Female,90000,North,Technical
1385,2022,4,-8,5,2,38,222,73,1,60,Female,80000,Midwest,Billing
1386,2022,10,72,8,5,20,273,84,10,22,Female,80000,Midwest,Service
1387,2013,3,6,5,1,31,309,84,7,26,Male,60000,Midwest,Service
1388,2019,5,9,5,1,11,65,30,5,22,Female,40000,South,Service
1389,2010,1,78,5,5,20,586,37,3,78,Male,30000,Midwest,Technical
1390,2015,3,1,1,2,11,569,33,8,28,Other,70000,North,Service
1391,2017,8,-100,5,2,31,183,82,5,52,Female,80000,South,Service
1392,2013,8,-54,6,2,18,52,87,3,44,Female,60000,Midwest,Service
1393,2013,4,80,1,1,18,120,66,3,21,Female,70000,Midwest,Service
1394,2013,2,-37,7,3,48,419,78,1,27,Female,80000,West,Service
1395,2012,8,65,5,2,37,388,63,2,56,Male,40000,West,Service
1396,2015,8,-37,2,1,37,579,63,7,50,Female,60000,Midwest,Billing
1397,2013,10,-14,2,1,48,257,30,3,76,Other,60000,Midwest,Billing
1398,2021,4,-94,5,4,24,322,58,7,48,Female,60000,South,Service
1399,2016,3,6,7,5,57,379,62,5,25,Male,90000,East,Billing
1400,2013,2,-20,1,5,51,67,81,5,66,Female,80000,Midwest,Service
1401,2019,9,68,1,2,40,529,63,8,41,Other,60000,East,Service
1402,2020,1,-27,1,2,31,72,52,5,56,Other,60000,East,Service
1403,2005,7,37,6,4,36,546,34,3,50,Female,30000,Midwest,Service
1404,2014,5,84,2,2,52,97,100,5,58,Other,40000,North,Billing
1405,2012,8,34,1,4,7,152,86,7,48,Male,60000,North,Billing
1406,2022,4,24,6,1,43,322,35,5,48,Female,90000,Midwest,Billing
1407,2005,7,-51,2,2,33,182,78,7,19,Female,70000,Midwest,Technical
1408,2006,5,-49,6,1,28,191,51,10,72,Male,30000,Midwest,Billing
1409,2013,5,60,5,3,26,243,63,9,28,Female,50000,West,Service
1410,2005,5,-100,2,3,10,405,93,5,52,Male,60000,Midwest,Billing
1411,2013,9,80,9,3,52,472,66,7,48,Female,60000,Midwest,Billing
1412,2017,9,87,8,2,28,452,60,9,59,Female,40000,Midwest,Billing
1413,2005,6,61,1,1,44,567,66,1,78,Other,90000,Midwest,Billing
1414,2013,6,-97,7,2,27,259,74,4,20,Other,60000,South,Service
1415,2011,5,44,6,3,31,88,37,1,39,Male,30000,North,Billing
1416,2006,9,31,6,2,42,125,69,8,52,Female,50000,West,Service
1417,2010,10,70,6,5,14,291,34,3,38,Female,60000,Midwest,Billing
1418,2011,8,-97,5,3,20,383,57,2,42,Female,30000,West,Technical
1419,2013,7,-100,7,2,31,341,63,4,56,Other,50000,South,Technical
1420,2022,7,-30,3,1,36,165,31,3,19,Male,80000,Midwest,Service
1421,2019,6,77,6,2,31,502,92,5,18,Male,40000,Midwest,Service
1422,2006,5,100,3,1,10,459,80,8,24,Male,70000,North,Technical
1423,2014,5,88,7,5,28,566,60,10,37,Female,60000,East,Technical
1424,2016,3,-66,7,2,37,175,36,5,60,Female,60000,East,Billing
1425,2021,3,6,8,5,57,553,59,7,72,Female,60000,South,Technical
1426,2012,6,51,2,3,55,116,87,8,23,Other,60000,Midwest,Service
1427,2015,4,-100,9,1,16,138,32,5,72,Male,60000,East,Service
1428,2007,6,6,5,3,31,452,63,10,53,Female,80000,East,Technical
1429,2010,3,22,9,1,42,374,85,10,68,Other,30000,Midwest,Service
1430,2013,5,-58,5,5,22,295,39,6,77,Other,40000,Midwest,Billing
1431,2010,9,-74,7,4,49,523,90,5,38,Female,30000,West,Billing
1432,2013,5,-69,9,2,43,362,79,1,68,Female,50000,Midwest,Technical
1433,2011,5,-23,4,5,59,442,76,6,63,Male,60000,East,Service
1434,2013,10,20,2,1,17,220,30,6,52,Other,60000,Midwest,Technical
1435,2013,2,45,9,1,57,171,86,5,53,Other,60000,Midwest,Service
1436,2016,5,55,5,1,31,102,63,4,25,Male,80000,Midwest,Service
1437,2012,9,56,3,1,31,196,91,1,67,Male,60000,West,Service
1438,2013,3,-85,2,2,57,197,99,10,21,Other,60000,North,Billing
1439,2022,9,-2,3,3,53,595,94,8,60,Other,80000,Midwest,Service
1440,2013,6,-54,6,4,45,288,91,6,33,Female,90000,Midwest,Billing
1441,2011,4,86,3,2,31,468,85,3,20,Female,40000,Midwest,Service
1442,2013,7,-70,8,3,17,140,96,3,48,Other,50000,South,Technical
1443,2020,5,-97,6,2,38,560,63,6,19,Other,40000,West,Billing
1444,2008,6,64,5,5,40,322,37,7,18,Female,60000,Midwest,Service
1445,2010,5,-84,1,3,34,591,89,8,75,Male,50000,Midwest,Billing
1446,2007,6,100,3,3,29,322,63,5,18,Male,60000,Midwest,Technical
1447,2013,5,-53,3,1,6,204,91,10,55,Other,40000,West,Billing
1448,2014,8,73,2,4,31,331,70,6,68,Female,90000,West,Technical
1449,2018,5,75,7,4,22,322,41,1,24,Female,30000,East,Service
1450,2015,7,-62,9,3,9,368,83,6,41,Other,70000,Midwest,Service
1451,2022,10,31,4,3,23,539,40,9,22,Male,80000,North,Technical
1452,2016,10,6,5,2,46,339,89,10,38,Female,50000,West,Billing
1453,2016,2,57,3,2,22,536,97,4,45,Female,30000,West,Billing
1454,2017,9,-79,9,4,36,375,75,10,35,Male,60000,South,Technical
1455,2017,1,-35,4,1,25,110,67,1,41,Male,60000,South,Service
1456,2018,10,7,5,5,14,403,90,9,75,Female,40000,South,Technical
1457,2008,6,-89,1,5,41,185,46,4,49,Female,60000,West,Billing
1458,2013,9,-65,2,1,53,461,95,2,62,Female,60000,Midwest,Billing
1459,2012,1,-83,9,1,26,322,65,1,50,Female,60000,North,Billing
1460,2016,4,-11,2,3,17,176,36,3,27,Other,70000,West,Billing
1461,2022,4,80,5,5,59,510,45,7,26,Other,50000,East,Service
1462,2010,9,98,8,4,21,464,43,10,66,Female,40000,Midwest,Service
1463,2022,5,-100,3,2,13,548,54,2,48,Male,50000,Midwest,Service
1464,2009,5,26,6,3,28,98,33,9,50,Other,50000,Midwest,Service
1465,2013,6,85,4,3,48,215,58,2,24,Male,90000,North,Billing
1466,2007,1,-11,5,1,18,322,85,5,21,Female,30000,Midwest,Billing
1467,2014,1,-14,3,5,50,583,35,8,45,Male,60000,Midwest,Technical
1468,2007,9,-11,6,3,12,322,30,10,40,Other,80000,Midwest,Service
1469,2019,3,33,9,3,59,303,68,5,70,Female,50000,Midwest,Service
1470,2005,4,-31,5,1,41,327,63,3,49,Other,60000,North,Service
1471,2011,1,-57,3,4,23,80,92,2,61,Other,70000,South,Service
1472,2016,9,99,2,2,32,529,86,9,33,Female,90000,South,Technical
1473,2021,8,51,8,3,50,398,96,5,63,Female,60000,Midwest,Service
1474,2009,2,-15,7,4,45,386,94,5,72,Male,70000,Midwest,Technical
1475,2008,8,-82,2,4,34,32,63,2,27,Female,60000,North,Technical
1476,2016,7,0,6,3,11,283,50,3,31,Male,80000,North,Technical
1477,2022,6,45,3,2,30,504,59,1,48,Female,60000,Midwest,Billing
1478,2021,5,-6,8,3,44,535,62,6,53,Other,60000,West,Billing
1479,2013,7,0,3,3,50,322,77,5,51,Male,40000,South,Service
1480,2008,10,-71,9,4,58,179,63,4,48,Female,40000,West,Service
1481,2006,7,69,1,5,50,517,83,1,35,Male,60000,West,Technical
1482,2008,9,-68,5,3,15,308,33,3,33,Male,40000,East,Billing
1483,2006,1,-89,3,3,18,88,63,9,58,Male,60000,North,Service
1484,2019,5,17,6,4,25,475,73,5,54,Other,50000,East,Service
1485,2006,9,-7,2,1,12,142,41,6,58,Female,60000,East,Billing
1486,2008,5,6,9,3,7,598,63,4,42,Female,60000,West,Technical
1487,2010,6,-100,6,5,32,518,63,1,79,Male,80000,East,Service
1488,2011,5,36,7,1,33,436,94,5,48,Female,90000,Midwest,Service
1489,2014,4,48,5,1,27,396,39,5,41,Other,80000,Midwest,Billing
1490,2016,4,-25,9,1,22,89,47,5,37,Male,80000,West,Service
1491,2007,5,-72,1,3,39,358,76,6,48,Other,40000,North,Technical
1492,2017,3,60,5,1,17,498,95,2,47,Other,30000,Midwest,Technical
1493,2022,5,89,6,3,16,596,78,1,37,Female,70000,Midwest,Service
1494,2012,1,16,7,1,51,322,51,2,79,Female,60000,East,Technical
1495,2019,7,-86,4,5,54,322,63,5,35,Male,70000,West,Service
1496,2005,1,-99,1,2,9,340,38,6,21,Female,40000,South,Service
1497,2007,1,79,8,5,43,567,50,5,48,Female,60000,North,Billing
1498,2012,3,16,5,3,15,206,92,5,53,Male,90000,Midwest,Service
1499,2013,10,71,5,1,15,458,35,6,23,Male,90000,East,Service
1500,2020,4,81,5,1,51,102,43,10,20,Female,40000,North,Service
1501,2014,4,-83,2,4,46,196,63,7,35,Other,30000,Midwest,Service
1502,2016,2,-98,8,1,31,254,100,5,64,Male,90000,North,Service
1503,2018,1,6,6,3,35,38,53,7,57,Female,40000,Midwest,Technical
1504,2018,3,70,7,3,35,265,80,2,48,Male,80000,Midwest,Technical
1505,2006,4,65,5,2,17,57,31,6,73,Female,50000,North,Billing
1506,2009,3,64,9,1,18,56,44,9,40,Male,50000,Midwest,Service
1507,2009,8,85,5,2,53,322,64,7,52,Other,60000,Midwest,Billing
1508,2010,10,60,5,1,49,225,63,2,23,Male,60000,Midwest,Billing
1509,2017,1,7,3,3,46,232,68,5,71,Female,60000,East,Service
1510,2013,2,86,1,5,29,114,33,8,43,Female,60000,Midwest,Service
1511,2019,7,-6,2,3,37,59,93,9,79,Female,60000,North,Technical
1512,2018,4,21,8,2,37,495,35,4,38,Other,50000,North,Billing
1513,2011,8,-90,1,1,19,128,63,9,78,Female,60000,Midwest,Service
1514,2006,3,-33,7,2,20,219,63,2,41,Female,80000,Midwest,Service
1515,2011,6,22,5,5,48,41,96,5,32,Female,50000,North,Service
1516,2010,9,95,3,3,42,59,44,2,48,Female,60000,North,Technical
1517,2021,1,12,5,2,10,67,46,5,49,Female,60000,Midwest,Service
1518,2006,1,-3,5,3,48,323,47,5,29,Female,60000,South,Billing
1519,2007,8,-8,2,5,29,389,48,2,22,Male,30000,South,Technical
1520,2013,3,-79,8,1,19,209,98,7,24,Female,60000,Midwest,Billing
1521,2009,5,6,9,2,8,141,53,8,39,Male,60000,East,Service
1522,2013,1,71,3,3,8,473,77,2,44,Other,40000,North,Service
1523,2012,5,26,2,1,34,50,63,7,32,Female,60000,Midwest,Service
1524,2016,6,33,7,1,38,174,44,4,48,Female,30000,South,Technical
1525,2008,8,69,5,3,31,528,63,1,62,Female,60000,Midwest,Service
1526,2017,5,-76,5,5,35,322,73,3,74,Female,60000,Midwest,Technical
1527,2019,3,6,5,1,36,322,56,1,52,Male,60000,Midwest,Billing
1528,2015,10,-16,5,3,31,450,93,5,43,Male,40000,East,Service
1529,2013,9,-46,5,4,43,345,70,8,40,Other,60000,Midwest,Billing
1530,2007,4,43,4,5,56,322,97,1,30,Female,60000,South,Service
1531,2018,4,6,6,4,13,232,34,9,43,Female,60000,South,Billing
1532,2013,7,41,4,1,45,525,82,3,20,Other,60000,North,Technical
1533,2014,2,66,2,5,12,497,37,5,46,Male,90000,West,Technical
1534,2014,8,55,9,3,18,414,51,9,19,Male,80000,East,Service
1535,2016,6,78,2,1,37,343,36,5,45,Other,90000,East,Service
1536,2013,3,18,9,5,27,284,51,9,40,Female,30000,West,Technical
1537,2005,9,76,6,5,25,52,75,10,53,Male,60000,Midwest,Technical
1538,2009,5,-92,9,4,59,368,59,8,66,Female,70000,Midwest,Billing
1539,2012,8,85,9,1,16,522,45,7,23,Male,90000,Midwest,Billing
1540,2015,7,72,5,3,6,322,34,1,28,Female,60000,South,Technical
1541,2016,8,49,1,3,17,395,96,4,55,Male,60000,Midwest,Service
1542,2005,7,6,1,1,8,401,52,9,71,Female,30000,East,Technical
1543,2015,3,96,3,1,24,248,90,10,51,Other,90000,West,Technical
1544,2009,2,96,5,2,54,504,34,8,34,Male,60000,North,Billing
1545,2019,7,-59,3,4,55,452,52,4,48,Other,60000,North,Service
1546,2009,3,-48,9,1,52,385,54,1,61,Male,90000,South,Service
1547,2013,3,86,9,1,18,489,37,10,63,Male,60000,East,Billing
1548,2009,2,-27,3,2,34,532,50,4,51,Male,40000,Midwest,Technical
1549,2021,4,-62,3,2,31,56,31,3,39,Female,30000,East,Service
1550,2021,8,21,5,5,12,252,51,6,48,Male,70000,Midwest,Service
1551,2016,1,-86,2,3,16,177,97,5,77,Other,30000,North,Billing
1552,2019,1,98,6,4,45,453,93,5,71,Female,60000,East,Service
1553,2019,5,6,7,5,42,380,48,2,46,Female,70000,North,Service
1554,2010,5,22,9,1,30,215,82,3,22,Male,60000,Midwest,Billing
1555,2013,1,10,6,2,54,444,81,5,27,Female,60000,West,Service
1556,2022,6,30,3,3,6,322,76,2,27,Male,80000,North,Technical
1557,2013,5,-18,5,5,59,322,83,4,70,Other,40000,Midwest,Service
1558,2013,5,6,4,3,44,322,63,2,26,Female,60000,Midwest,Service
1559,2013,9,-9,5,2,18,108,63,9,79,Female,50000,East,Billing
1560,2009,5,-72,8,3,10,573,63,3,38,Other,30000,North,Service
1561,2005,6,-66,8,5,31,479,92,10,30,Other,70000,South,Billing
1562,2013,8,-95,6,3,44,503,68,10,27,Female,60000,Midwest,Technical
1563,2010,5,39,1,2,35,171,48,6,55,Female,60000,Midwest,Service
1564,2009,2,10,8,1,21,280,60,5,28,Other,60000,Midwest,Service
1565,2009,9,-63,8,5,29,323,53,10,21,Female,60000,West,Billing
1566,2013,3,-24,2,1,36,165,98,3,75,Other,60000,Midwest,Service
1567,2021,5,-8,5,2,16,513,63,8,63,Female,50000,Midwest,Service
1568,2018,5,46,2,5,53,341,62,5,48,Other,60000,Midwest,Billing
1569,2016,5,-34,4,5,17,584,88,5,48,Female,90000,Midwest,Service
1570,2013,7,35,7,1,31,75,62,2,66,Male,50000,Midwest,Technical
1571,2022,4,-93,9,4,48,265,61,7,69,Female,70000,North,Service
1572,2015,1,6,8,1,52,322,88,9,51,Male,60000,North,Technical
1573,2006,4,-17,9,1,29,322,70,7,59,Male,90000,West,Service
1574,2013,6,74,8,4,31,113,41,3,52,Male,50000,East,Billing
1575,2011,7,31,5,2,41,572,40,7,56,Female,80000,Midwest,Service
1576,2019,5,78,7,2,29,190,48,5,56,Female,90000,Midwest,Billing
1577,2015,7,-16,2,5,20,457,83,5,50,Male,80000,East,Billing
1578,2022,3,94,5,3,42,100,86,3,25,Other,70000,North,Service
1579,2016,6,-56,4,3,47,549,71,5,49,Female,60000,Midwest,Service
1580,2010,8,35,1,5,53,81,100,6,72,Female,40000,East,Service
1581,2017,4,-14,5,3,27,74,60,3,48,Female,60000,Midwest,Technical
1582,2020,8,-85,5,1,31,322,81,4,48,Female,80000,Midwest,Technical
1583,2013,2,-24,9,1,10,494,31,5,63,Male,60000,East,Technical
1584,2014,10,94,8,3,29,579,67,3,31,Other,70000,Midwest,Service
1585,2013,9,-92,2,4,27,409,61,4,51,Female,50000,South,Billing
1586,2022,9,-41,5,5,47,507,39,5,25,Female,30000,North,Service
1587,2013,5,-23,2,5,16,291,63,2,68,Other,50000,West,Technical
1588,2012,10,-24,7,3,17,208,49,10,59,Male,60000,West,Service
1589,2010,10,-30,4,1,40,386,49,9,24,Female,60000,South,Service
1590,2009,1,6,5,3,43,448,38,10,48,Female,50000,East,Billing
1591,2019,5,-30,5,5,38,230,44,5,71,Female,40000,Midwest,Billing
1592,2019,6,1,3,3,10,42,92,6,38,Female,70000,South,Service
1593,2006,10,68,2,1,42,472,50,10,64,Male,80000,Midwest,Billing
1594,2005,5,-79,7,3,54,315,63,3,49,Other,60000,Midwest,Technical
1595,2015,9,51,5,1,56,287,64,2,28,Male,70000,North,Technical
1596,2014,5,12,1,3,44,599,97,7,75,Female,70000,Midwest,Billing
1597,2022,2,6,1,3,12,577,77,8,31,Female,80000,Midwest,Service
1598,2022,10,6,9,2,12,519,91,10,28,Female,90000,Midwest,Billing
1599,2013,4,-91,5,2,44,527,64,1,19,Other,50000,East,Service
1600,2012,9,9,1,5,37,362,99,6,51,Male,30000,West,Service
1601,2019,1,99,7,5,38,591,50,5,78,Male,90000,West,Technical
1602,2012,1,83,5,5,48,61,68,9,61,Female,60000,South,Service
1603,2021,5,12,1,5,31,72,63,3,64,Male,80000,South,Service
1604,2016,3,6,4,3,40,380,44,2,34,Female,40000,South,Technical
1605,2012,10,-89,3,2,39,322,63,5,31,Male,40000,East,Technical
1606,2018,5,-12,5,4,50,322,95,10,42,Other,30000,South,Billing
1607,2008,9,87,7,2,26,299,85,1,65,Other,30000,South,Billing
1608,2013,3,53,8,2,27,322,78,6,44,Male,50000,Midwest,Service
1609,2005,2,11,2,1,44,48,30,9,25,Other,60000,Midwest,Technical
1610,2020,8,-23,7,5,49,376,94,10,73,Other,60000,North,Service
1611,2018,10,68,1,3,59,66,57,9,34,Other,60000,North,Service
1612,2020,6,63,7,5,55,121,49,7,22,Female,80000,Midwest,Technical
1613,2009,6,20,8,1,26,214,63,7,29,Male,60000,Midwest,Technical
1614,2013,10,6,2,3,9,57,94,8,48,Male,30000,West,Technical
1615,2006,7,70,9,3,35,577,80,10,35,Female,30000,Midwest,Technical
1616,2022,5,33,1,4,17,401,72,2,43,Female,60000,North,Service
1617,2010,6,96,6,3,32,559,78,6,48,Female,80000,East,Service
1618,2013,4,70,1,3,24,374,54,5,54,Male,60000,Midwest,Service
1619,2005,9,-76,3,5,37,448,70,5,23,Female,40000,South,Technical
1620,2013,6,6,6,3,20,225,100,3,58,Other,60000,East,Billing
1621,2020,4,89,3,3,33,107,63,3,32,Female,60000,West,Service
1622,2017,3,40,8,3,27,196,90,6,59,Other,90000,Midwest,Billing
1623,2013,4,-58,5,1,28,322,41,10,66,Female,60000,Midwest,Billing
1624,2017,5,-23,5,4,38,293,98,5,78,Other,80000,South,Billing
1625,2013,2,6,4,1,11,501,43,7,43,Male,60000,Midwest,Technical
1626,2015,5,45,9,5,42,237,63,1,68,Male,50000,East,Service
1627,2008,2,-42,4,2,31,300,63,3,29,Male,90000,Midwest,Service
1628,2006,6,87,8,4,8,292,90,1,58,Male,80000,South,Service
1629,2013,3,-38,5,1,38,535,64,10,64,Female,90000,West,Technical
1630,2018,5,84,1,3,46,322,94,3,31,Female,90000,Midwest,Service
1631,2008,10,-9,7,3,26,553,88,5,18,Male,60000,North,Billing
1632,2010,5,6,3,4,31,341,65,9,34,Male,40000,East,Technical
1633,2010,5,-45,5,3,54,203,48,3,50,Female,90000,Midwest,Technical
1634,2006,6,54,3,1,46,460,63,10,72,Male,50000,Midwest,Technical
1635,2022,9,59,5,1,27,492,98,10,46,Other,50000,Midwest,Technical
1636,2017,4,10,5,3,58,130,48,9,70,Female,80000,East,Billing
1637,2013,2,36,2,3,19,45,68,5,71,Female,70000,West,Service
1638,2017,4,-33,4,5,35,322,98,6,62,Female,60000,Midwest,Billing
1639,2015,1,-55,1,2,13,273,81,9,48,Other,30000,North,Technical
1640,2005,3,-34,9,4,47,377,41,5,79,Female,40000,East,Technical
1641,2011,10,53,6,1,57,278,76,10,48,Female,40000,Midwest,Service
1642,2019,9,6,8,4,29,134,65,2,47,Other,60000,Midwest,Service
1643,2005,10,-95,4,3,31,316,92,5,30,Male,60000,Midwest,Service
1644,2016,5,-77,9,1,53,198,80,1,33,Other,80000,East,Billing
1645,2011,5,75,2,5,31,449,72,5,19,Female,30000,Midwest,Service
1646,2019,3,-7,9,5,13,76,63,10,62,Female,90000,Midwest,Technical
1647,2013,5,72,5,3,31,72,78,10,35,Female,60000,Midwest,Technical
1648,2021,5,6,6,4,52,350,47,9,52,Male,80000,East,Technical
1649,2013,6,96,3,4,42,250,90,6,62,Male,40000,North,Billing
1650,2007,4,-76,4,3,26,542,86,9,36,Male,60000,East,Service
1651,2016,2,47,5,3,47,470,34,3,30,Other,90000,Midwest,Service
1652,2010,9,6,7,3,27,173,53,5,68,Female,60000,Midwest,Service
1653,2015,1,6,1,3,53,57,63,6,21,Other,60000,Midwest,Service
1654,2007,1,10,7,5,8,582,88,4,36,Other,60000,South,Technical
1655,2012,4,-19,1,5,33,196,67,1,67,Female,60000,North,Service
1656,2018,7,-35,5,4,19,278,62,7,42,Male,30000,Midwest,Service
1657,2018,1,-56,5,2,5,386,39,5,55,Female,40000,Midwest,Technical
1658,2014,9,13,2,3,31,140,66,8,68,Other,80000,Midwest,Technical
1659,2006,5,74,9,3,34,263,40,9,74,Other,60000,North,Billing
1660,2018,3,-38,6,2,33,53,53,5,48,Male,60000,North,Service
1661,2013,1,-25,7,2,24,55,100,8,53,Other,70000,Midwest,Billing
1662,2007,10,13,8,3,37,410,50,1,21,Other,60000,Midwest,Service
1663,2012,4,10,1,5,45,375,49,1,73,Female,60000,West,Billing
1664,2020,9,82,8,3,48,407,39,7,48,Male,70000,Midwest,Service
1665,2006,10,46,4,3,40,551,76,5,24,Female,60000,North,Service
1666,2010,6,-66,5,2,26,46,76,5,75,Female,80000,East,Billing
1667,2016,6,-48,6,3,17,274,44,5,72,Female,70000,East,Service
1668,2009,5,-75,9,3,11,568,73,9,75,Other,40000,North,Billing
1669,2006,10,-87,4,1,12,231,91,1,33,Other,40000,North,Billing
1670,2020,2,17,2,3,32,277,35,5,76,Male,70000,West,Service
1671,2009,6,-56,2,2,49,147,95,2,65,Other,50000,Midwest,Service
1672,2019,2,71,5,3,47,38,33,5,22,Male,60000,North,Billing
1673,2016,3,6,9,1,13,52,52,6,64,Female,50000,East,Technical
1674,2008,4,6,5,3,31,269,42,10,40,Female,30000,South,Billing
1675,2019,5,70,8,3,20,56,60,2,53,Other,30000,North,Technical
1676,2015,9,18,4,4,14,110,45,3,49,Other,40000,West,Technical
1677,2013,4,50,6,4,15,228,70,4,41,Female,80000,South,Billing
1678,2010,9,6,6,3,35,584,30,5,42,Female,60000,West,Billing
1679,2018,10,-82,3,1,16,121,41,8,62,Female,80000,South,Billing
1680,2022,3,-19,5,2,35,113,85,2,45,Other,40000,North,Service
1681,2016,5,-25,3,3,18,329,79,8,36,Female,60000,East,Billing
1682,2015,1,82,1,5,55,325,63,9,24,Other,80000,South,Billing
1683,2017,9,-9,7,5,48,483,95,7,61,Other,60000,Midwest,Service
1684,2015,9,87,4,2,36,322,65,1,75,Female,40000,Midwest,Service
1685,2020,10,86,7,3,54,88,67,6,58,Female,90000,West,Service
1686,2019,2,-68,5,3,57,322,51,8,48,Female,90000,South,Billing
1687,2019,4,46,5,4,21,322,90,5,19,Female,60000,West,Billing
1688,2008,8,-100,5,4,39,371,79,2,33,Other,40000,East,Billing
1689,2015,5,22,2,5,5,91,88,5,56,Other,60000,West,Technical
1690,2019,1,79,5,2,33,458,49,8,48,Other,60000,West,Service
1691,2008,5,25,4,3,55,285,63,2,35,Male,50000,Midwest,Service
1692,2017,7,76,5,2,8,376,44,1,56,Female,40000,West,Technical
1693,2006,4,-64,4,1,27,555,63,4,18,Other,50000,South,Technical
1694,2018,1,53,6,2,32,333,32,4,20,Other,70000,West,Technical
1695,2008,9,-2,2,1,20,274,34,9,38,Other,90000,North,Service
1696,2020,5,-3,6,4,16,441,85,3,79,Female,40000,West,Service
1697,2018,5,26,7,4,57,246,60,4,77,Female,30000,North,Technical
1698,2019,5,67,3,5,31,545,64,3,47,Female,60000,Midwest,Billing
1699,2007,2,6,8,3,49,503,100,2,48,Female,30000,West,Service
1700,2012,3,6,2,2,21,65,99,4,39,Female,50000,Midwest,Technical
1701,2020,5,-24,8,1,44,207,55,8,64,Other,60000,West,Billing
1702,2014,1,25,5,4,17,416,30,1,78,Male,30000,South,Billing
1703,2008,2,-14,2,1,56,46,36,8,74,Female,30000,North,Service
1704,2022,7,100,7,4,31,77,65,8,42,Female,30000,Midwest,Billing
1705,2013,10,49,2,1,41,91,54,3,48,Other,80000,Midwest,Service
1706,2021,2,-85,6,4,54,98,88,10,47,Female,60000,North,Technical
1707,2017,6,-73,5,1,19,395,90,10,41,Female,60000,Midwest,Service
1708,2008,5,62,9,4,16,191,63,6,62,Other,30000,West,Billing
1709,2015,4,87,3,1,31,517,47,4,53,Other,60000,West,Service
1710,2013,8,72,5,2,31,460,70,1,40,Other,90000,South,Service
1711,2016,3,-55,5,5,38,518,48,1,71,Male,90000,Midwest,Technical
1712,2014,10,-29,7,1,10,259,33,5,25,Other,60000,Midwest,Billing
1713,2011,6,6,8,5,21,399,94,8,71,Female,50000,South,Service
1714,2017,1,-16,7,2,52,207,70,1,21,Male,30000,Midwest,Service
1715,2011,7,-75,9,2,53,439,44,2,67,Other,90000,North,Technical
1716,2021,8,-16,5,4,24,322,83,5,56,Male,30000,Midwest,Technical
1717,2014,8,52,3,5,13,299,93,8,60,Male,70000,East,Technical
1718,2014,5,-36,6,3,9,235,44,3,48,Female,60000,South,Technical
1719,2008,10,33,5,4,27,111,79,8,46,Male,60000,North,Service
1720,2008,1,50,5,5,37,222,63,1,76,Other,60000,Midwest,Service
1721,2011,9,14,2,1,42,218,47,9,53,Male,60000,Midwest,Billing
1722,2005,6,-37,7,1,18,305,31,2,30,Male,60000,Midwest,Service
1723,2016,9,-14,5,3,21,103,65,2,58,Female,80000,South,Billing
1724,2017,7,70,4,3,23,39,49,4,26,Female,50000,East,Billing
1725,2014,1,6,8,1,37,245,63,10,72,Other,60000,West,Service
1726,2019,1,50,9,5,5,322,96,3,38,Female,60000,South,Service
1727,2017,6,6,9,5,17,474,59,4,68,Other,80000,East,Technical
1728,2013,5,57,3,1,50,581,84,6,20,Other,40000,Midwest,Service
1729,2013,9,-24,3,5,31,222,95,7,42,Female,60000,South,Technical
1730,2019,2,45,5,3,31,318,55,5,42,Male,30000,North,Billing
1731,2014,8,-14,5,2,10,173,86,2,29,Female,70000,South,Service
1732,2014,5,48,5,3,31,418,98,3,46,Male,70000,Midwest,Billing
1733,2012,2,-44,1,2,34,436,31,10,28,Male,30000,Midwest,Service
1734,2020,10,2,8,3,50,399,85,3,69,Other,30000,Midwest,Technical
1735,2013,6,50,5,5,39,470,91,5,28,Other,60000,East,Service
1736,2013,10,-10,1,3,27,593,63,5,66,Female,60000,East,Technical
1737,2008,8,-56,1,3,14,558,85,4,78,Male,70000,West,Service
1738,2022,4,71,2,5,55,42,84,8,43,Female,90000,East,Billing
1739,2008,2,-13,6,2,31,369,49,6,70,Other,60000,West,Billing
1740,2011,5,14,6,2,55,341,79,6,31,Male,40000,East,Service
1741,2014,2,-54,5,4,32,133,54,1,33,Female,90000,East,Technical
1742,2022,2,67,4,1,27,368,54,6,73,Female,60000,South,Technical
1743,2008,6,6,2,3,8,227,82,3,27,Other,40000,Midwest,Technical
1744,2014,10,69,2,4,24,329,43,5,48,Other,90000,Midwest,Service
1745,2005,9,34,7,3,23,473,89,10,48,Other,70000,Midwest,Service
1746,2013,4,-51,1,5,31,388,72,6,53,Other,40000,North,Service
1747,2009,6,75,7,5,31,397,63,2,27,Female,70000,Midwest,Service
1748,2019,7,-17,1,5,38,198,98,1,43,Female,60000,East,Technical
1749,2021,6,-10,6,1,31,322,92,3,37,Other,50000,Midwest,Technical
1750,2007,8,33,3,3,42,322,31,5,78,Female,40000,Midwest,Service
1751,2013,4,-10,8,3,11,231,83,5,61,Female,70000,Midwest,Service
1752,2006,1,36,6,5,52,273,45,7,79,Male,40000,East,Technical
1753,2005,7,8,2,4,11,322,84,4,26,Female,60000,East,Technical
1754,2021,3,-44,8,1,54,478,72,8,32,Male,60000,Midwest,Billing
1755,2020,6,-70,5,4,56,466,90,5,26,Other,60000,Midwest,Service
1756,2009,2,6,8,3,30,322,67,10,24,Male,50000,West,Billing
1757,2019,9,-11,8,3,30,594,74,9,43,Male,60000,North,Technical
1758,2007,1,6,6,3,58,302,80,1,41,Other,30000,Midwest,Technical
1759,2011,6,11,2,4,23,322,71,5,29,Female,60000,Midwest,Service
1760,2015,6,-56,8,1,13,242,53,4,77,Other,30000,Midwest,Billing
1761,2014,5,-24,6,3,24,133,59,6,37,Male,60000,Midwest,Technical
1762,2013,5,76,6,4,46,221,66,5,73,Female,70000,East,Billing
1763,2018,1,-14,8,1,49,409,82,6,31,Female,80000,East,Billing
1764,2017,10,47,5,4,54,110,92,1,39,Female,60000,West,Billing
1765,2006,5,6,2,1,20,578,40,1,33,Other,50000,Midwest,Billing
1766,2007,2,6,9,5,58,406,52,8,46,Other,60000,North,Billing
1767,2011,7,-9,8,1,21,183,79,2,49,Female,60000,Midwest,Service
1768,2022,3,44,7,2,31,269,84,10,36,Other,60000,South,Service
1769,2007,4,-73,7,5,31,403,84,6,72,Male,60000,Midwest,Billing
1770,2014,3,68,5,3,16,233,33,6,48,Male,90000,Midwest,Service
1771,2011,3,93,2,5,14,379,83,6,60,Other,60000,South,Technical
1772,2013,4,-76,6,5,5,172,90,8,49,Female,30000,South,Service
1773,2021,5,-43,5,4,36,218,34,4,72,Female,50000,North,Service
1774,2015,1,6,4,4,34,301,47,3,70,Male,90000,East,Service
1775,2011,4,33,2,2,12,561,73,6,37,Other,30000,West,Technical
1776,2018,8,-26,2,4,25,329,60,4,68,Female,40000,South,Technical
1777,2008,10,-63,8,3,26,455,50,2,57,Female,60000,East,Service
1778,2010,7,33,8,3,22,75,76,6,37,Other,50000,Midwest,Technical
1779,2014,9,72,6,2,6,124,59,10,25,Other,60000,Midwest,Billing
1780,2011,5,-26,5,1,52,93,63,5,75,Female,60000,Midwest,Service
1781,2017,10,6,8,1,48,442,97,9,52,Other,30000,North,Service
1782,2018,4,-35,4,3,13,38,98,6,59,Other,30000,North,Service
1783,2008,8,67,4,4,7,488,70,3,30,Other,30000,South,Service
1784,2012,9,-98,5,2,58,438,74,5,58,Female,60000,West,Service
1785,2013,7,16,1,1,30,499,63,10,23,Male,50000,South,Service
1786,2005,7,-2,1,1,25,535,74,8,64,Other,50000,Midwest,Technical
1787,2008,5,51,2,5,34,102,74,9,33,Female,40000,South,Service
1788,2007,4,6,8,3,32,113,63,8,22,Male,60000,Midwest,Service
1789,2013,5,45,7,4,31,88,84,3,70,Female,40000,South,Service
1790,2012,1,91,5,3,30,50,88,9,62,Female,80000,Midwest,Billing
1791,2013,10,6,5,1,38,487,34,3,68,Female,40000,West,Billing
1792,2013,10,24,2,3,12,186,61,8,51,Male,40000,Midwest,Service
1793,2013,7,-13,5,3,14,358,35,10,23,Female,40000,East,Service
1794,2011,1,-66,8,3,52,232,55,9,76,Male,60000,West,Service
1795,2008,1,89,7,2,59,135,66,7,50,Other,30000,South,Service
1796,2017,5,6,7,1,47,322,42,4,32,Male,80000,North,Service
1797,2021,9,52,5,2,31,347,98,10,48,Female,90000,East,Service
1798,2006,6,72,2,2,58,211,54,9,31,Male,60000,North,Billing
1799,2013,3,76,6,5,31,345,42,3,56,Female,40000,Midwest,Technical
1800,2016,3,25,4,3,44,435,63,5,22,Other,50000,Midwest,Service
1801,2012,7,-12,2,3,59,99,89,2,69,Female,60000,Midwest,Service
1802,2013,6,43,9,3,19,189,50,10,74,Other,30000,Midwest,Service
1803,2012,9,46,7,3,21,322,90,3,43,Male,60000,South,Technical
1804,2022,6,50,6,5,57,552,55,1,65,Female,70000,North,Service
1805,2007,5,6,5,4,22,167,83,4,34,Male,90000,South,Service
1806,2013,10,-85,3,1,36,524,71,8,60,Other,80000,Midwest,Service
1807,2007,7,6,4,3,42,276,40,5,48,Male,70000,East,Service
1808,2010,1,-28,3,1,27,572,66,2,69,Female,70000,North,Technical
1809,2006,7,6,8,4,50,553,40,3,48,Other,80000,West,Technical
1810,2016,3,-59,3,2,27,322,56,1,48,Female,60000,West,Service
1811,2006,9,46,7,4,39,365,63,2,55,Male,90000,West,Billing
1812,2010,6,61,7,3,31,451,67,1,70,Other,60000,Midwest,Billing
1813,2021,9,-21,7,1,19,223,90,2,48,Female,90000,West,Service
1814,2007,5,3,7,3,57,322,82,3,30,Female,50000,North,Technical
1815,2006,7,82,2,5,28,535,94,1,50,Female,30000,Midwest,Technical
1816,2012,4,45,3,1,32,310,32,9,46,Other,80000,Midwest,Technical
1817,2016,5,-67,9,1,20,322,96,10,70,Male,60000,West,Service
1818,2008,1,-12,3,3,20,512,57,5,63,Other,70000,West,Service
1819,2009,7,24,5,2,44,252,43,8,51,Female,30000,Midwest,Technical
1820,2017,8,-56,9,5,43,146,81,5,51,Female,30000,West,Technical
1821,2013,5,33,9,3,10,221,59,8,44,Other,60000,Midwest,Service
1822,2020,2,6,4,3,6,545,87,7,32,Female,70000,Midwest,Service
1823,2014,5,21,9,2,58,559,83,4,76,Male,40000,Midwest,Billing
1824,2020,6,-31,3,5,17,336,98,7,67,Female,30000,East,Service
1825,2016,2,-5,7,3,48,561,44,6,26,Female,70000,Midwest,Service
1826,2013,6,4,7,2,51,151,67,3,43,Other,90000,West,Service
1827,2020,6,-53,8,5,13,183,43,9,20,Female,30000,Midwest,Technical
1828,2016,1,-62,4,4,38,566,86,10,53,Other,60000,West,Service
1829,2012,1,6,3,1,21,481,88,5,64,Female,60000,West,Technical
1830,2007,10,-91,3,2,31,198,37,5,22,Female,40000,Midwest,Service
1831,2020,3,-71,5,1,33,88,48,8,48,Female,60000,East,Service
1832,2017,10,-83,5,3,41,330,61,7,37,Female,60000,West,Technical
1833,2012,10,87,3,3,47,582,63,9,37,Female,70000,East,Service
1834,2009,5,-13,6,3,26,579,70,7,22,Female,80000,East,Technical
1835,2012,4,24,3,5,55,146,63,4,27,Female,60000,Midwest,Billing
1836,2013,2,-28,5,2,28,156,42,4,33,Female,80000,South,Service
1837,2005,9,-86,9,2,11,434,56,5,42,Male,40000,South,Billing
1838,2010,10,-97,2,5,38,428,48,6,48,Other,90000,West,Technical
1839,2013,7,6,2,1,52,544,55,9,42,Male,50000,North,Technical
1840,2013,7,6,6,3,16,527,82,10,47,Female,30000,South,Technical
1841,2011,6,-92,6,3,27,557,80,7,31,Other,60000,Midwest,Service
1842,2005,3,8,8,3,19,427,66,7,39,Female,30000,Midwest,Technical
1843,2013,6,36,2,2,37,294,38,5,60,Male,70000,South,Billing
1844,2016,8,53,9,3,17,292,63,3,45,Male,40000,Midwest,Billing
1845,2010,8,6,2,4,27,427,83,8,47,Other,40000,Midwest,Service
1846,2006,9,-85,1,1,42,556,32,7,48,Male,40000,West,Billing
1847,2018,1,42,2,4,36,465,98,4,55,Female,30000,Midwest,Service
1848,2013,1,-2,7,4,49,389,37,4,59,Other,60000,Midwest,Service
1849,2005,3,6,5,2,54,322,43,1,37,Female,30000,East,Technical
1850,2022,3,-49,5,2,31,270,32,7,52,Other,30000,Midwest,Billing
1851,2017,10,-32,6,2,5,251,53,1,39,Other,30000,West,Billing
1852,2006,8,-96,1,4,51,243,42,10,32,Female,90000,North,Billing
1853,2013,10,-81,6,1,49,322,72,10,48,Male,60000,East,Technical
1854,2006,1,-22,8,2,9,415,58,4,71,Female,60000,South,Service
1855,2013,2,45,3,3,17,332,80,3,48,Male,50000,West,Billing
1856,2005,2,10,1,1,58,316,71,3,74,Male,70000,Midwest,Billing
1857,2015,3,-99,4,3,9,591,60,5,41,Female,50000,Midwest,Billing
1858,2007,6,6,1,1,36,322,92,5,23,Other,50000,West,Billing
1859,2008,1,-88,8,3,55,326,55,5,48,Female,30000,Midwest,Technical
1860,2022,2,6,5,5,25,555,47,8,45,Other,60000,Midwest,Service
1861,2010,1,6,1,2,28,418,86,1,48,Male,50000,East,Service
1862,2007,5,8,8,4,22,488,36,6,48,Other,30000,Midwest,Billing
1863,2015,7,-27,5,4,25,290,77,7,53,Female,30000,North,Service
1864,2019,8,88,2,1,58,142,89,10,72,Other,70000,Midwest,Technical
1865,2013,10,-6,9,4,14,65,62,2,26,Male,40000,Midwest,Technical
1866,2014,1,4,8,2,28,108,63,4,27,Male,30000,Midwest,Technical
1867,2016,7,6,7,3,44,322,33,3,38,Other,90000,North,Technical
1868,2019,5,6,3,2,31,307,33,5,75,Male,50000,West,Billing
1869,2021,10,90,2,1,25,341,71,7,48,Male,70000,North,Service
1870,2014,1,9,7,4,29,558,38,2,48,Other,80000,Midwest,Service
1871,2010,3,-92,5,3,56,233,80,6,46,Male,60000,West,Service
1872,2022,7,16,6,5,27,46,46,9,60,Other,80000,Midwest,Technical
1873,2017,10,-90,4,3,26,505,46,3,60,Other,50000,Midwest,Technical
1874,2007,1,-2,2,3,8,540,49,6,28,Male,40000,North,Service
1875,2014,7,-59,9,2,38,239,63,3,50,Other,60000,North,Billing
1876,2018,5,40,3,5,10,528,51,3,75,Male,60000,Midwest,Technical
1877,2010,1,63,7,3,32,431,81,4,63,Male,40000,South,Service
1878,2007,1,19,8,1,35,458,63,9,48,Male,60000,North,Service
1879,2020,1,40,5,3,39,107,72,8,79,Female,70000,East,Technical
1880,2011,9,-89,6,3,43,597,32,1,48,Male,40000,Midwest,Billing
1881,2018,3,6,8,4,46,109,37,1,48,Other,80000,Midwest,Technical
1882,2013,5,-27,7,3,27,335,39,7,79,Other,40000,Midwest,Service
1883,2019,10,-28,3,3,10,87,58,3,48,Other,70000,North,Service
1884,2007,5,-49,1,4,20,559,69,7,74,Female,70000,West,Service
1885,2006,6,6,6,5,6,237,94,9,26,Female,80000,East,Billing
1886,2006,9,29,8,3,28,540,50,3,73,Other,90000,West,Service
1887,2007,8,-45,6,4,21,164,53,3,18,Other,50000,North,Technical
1888,2022,8,-41,5,5,31,551,89,2,38,Female,60000,East,Service
1889,2018,1,-78,5,4,5,112,55,10,39,Other,30000,Midwest,Service
1890,2022,9,2,2,3,10,73,63,1,71,Male,60000,Midwest,Billing
1891,2014,6,-61,1,2,9,512,63,9,21,Male,60000,Midwest,Service
1892,2006,9,-37,1,1,49,522,85,5,18,Other,80000,South,Service
1893,2005,3,-16,4,3,59,528,65,5,68,Male,90000,West,Billing
1894,2008,3,50,6,3,54,47,65,8,27,Other,60000,North,Service
1895,2018,6,56,9,5,31,322,63,5,32,Female,40000,East,Service
1896,2005,9,78,1,3,31,177,30,9,69,Other,70000,Midwest,Technical
1897,2018,7,96,1,1,43,501,98,5,53,Female,60000,Midwest,Billing
1898,2020,3,-12,5,3,51,201,66,2,46,Male,90000,Midwest,Billing
1899,2018,3,-70,5,5,7,592,42,5,69,Female,60000,Midwest,Technical
1900,2007,2,77,5,3,52,560,72,9,63,Male,80000,South,Billing
1901,2007,9,-81,6,4,5,149,66,3,22,Other,70000,North,Service
1902,2013,3,82,5,3,31,95,54,10,46,Female,60000,West,Service
1903,2010,5,29,3,3,52,170,50,4,64,Female,60000,North,Billing
1904,2017,9,52,9,3,28,475,70,10,64,Male,60000,Midwest,Billing
1905,2006,8,-88,1,1,48,535,71,5,44,Male,70000,Midwest,Service
1906,2012,5,21,4,1,23,218,71,6,42,Female,90000,East,Service
1907,2006,3,2,9,1,12,187,31,7,33,Female,60000,South,Billing
1908,2008,5,5,8,1,59,275,97,7,33,Male,60000,Midwest,Billing
1909,2013,5,18,9,3,48,62,37,4,53,Other,50000,East,Billing
1910,2008,6,-31,1,2,51,390,90,6,42,Male,60000,Midwest,Technical
1911,2017,5,94,9,5,6,359,43,5,58,Male,40000,Midwest,Billing
1912,2013,9,85,5,3,34,541,50,3,48,Female,40000,South,Billing
1913,2017,8,-2,9,3,34,100,53,5,22,Other,40000,North,Service
1914,2018,4,-19,1,4,53,342,79,7,58,Female,60000,East,Service
1915,2022,4,-26,1,1,43,108,74,4,37,Female,80000,South,Technical
1916,2010,9,17,9,4,49,198,93,10,22,Female,40000,South,Service
1917,2013,1,-17,6,4,36,209,93,3,53,Female,50000,North,Billing
1918,2006,2,91,4,3,5,289,63,7,46,Male,80000,Midwest,Billing
1919,2009,2,-32,7,1,31,515,63,10,65,Male,70000,Midwest,Service
1920,2006,6,-42,5,3,17,34,86,9,51,Male,50000,West,Service
1921,2014,4,87,7,3,15,326,82,10,48,Female,90000,West,Service
1922,2006,10,25,8,1,14,322,62,3,65,Other,60000,Midwest,Service
1923,2015,3,10,8,2,52,146,81,10,35,Male,80000,Midwest,Technical
1924,2022,3,-39,1,3,30,386,47,9,19,Female,70000,Midwest,Service
1925,2019,3,6,8,5,59,468,64,8,33,Male,70000,South,Service
1926,2013,6,27,6,1,24,360,41,3,46,Female,40000,Midwest,Service
1927,2013,8,4,4,4,21,554,80,8,50,Other,40000,West,Billing
1928,2007,7,-33,8,4,21,217,39,5,33,Female,60000,South,Technical
1929,2013,4,-86,5,5,8,310,81,6,52,Other,30000,East,Billing
1930,2018,4,82,4,5,9,540,63,10,64,Male,50000,Midwest,Technical
1931,2011,10,-66,6,4,27,495,96,2,79,Other,60000,West,Service
1932,2020,2,82,7,1,50,144,63,8,60,Female,60000,West,Billing
1933,2020,1,-87,4,3,56,265,37,9,59,Male,50000,Midwest,Service
1934,2013,9,76,4,5,14,367,58,7,34,Male,60000,North,Service
1935,2008,2,1,7,5,50,551,51,8,21,Female,80000,North,Technical
1936,2008,8,-1,6,5,32,228,99,7,66,Other,90000,Midwest,Service
1937,2011,9,-94,8,2,37,79,63,10,21,Female,50000,Midwest,Billing
1938,2012,4,-71,1,1,47,171,72,4,68,Other,70000,Midwest,Technical
1939,2013,8,6,7,1,30,557,78,1,42,Other,90000,Midwest,Technical
1940,2009,9,43,7,1,59,543,63,3,50,Male,60000,Midwest,Billing
1941,2013,10,10,7,1,54,59,60,7,31,Other,30000,Midwest,Service
1942,2008,10,78,7,3,52,111,63,7,41,Male,60000,North,Service
1943,2010,5,-29,8,4,33,60,63,3,28,Female,80000,South,Service
1944,2011,5,-21,9,5,31,362,67,1,42,Female,40000,Midwest,Service
1945,2022,10,-18,9,4,22,206,86,10,48,Male,30000,South,Service
1946,2009,4,-59,2,2,44,322,33,5,24,Female,60000,South,Technical
1947,2007,1,-84,7,3,14,576,31,6,66,Other,60000,East,Technical
1948,2011,3,90,7,5,46,564,41,7,53,Male,40000,North,Billing
1949,2018,5,72,4,2,9,135,64,1,48,Female,30000,South,Service
1950,2011,3,-94,9,4,14,322,99,1,66,Male,80000,Midwest,Service
1951,2009,7,6,8,3,31,322,50,4,53,Female,60000,North,Service
1952,2009,9,-91,1,2,25,256,90,5,48,Male,80000,Midwest,Billing
1953,2006,6,-67,2,3,28,400,63,8,36,Other,60000,Midwest,Service
1954,2010,10,-65,2,2,42,129,63,10,35,Male,60000,North,Technical
1955,2019,1,52,8,4,7,474,44,5,66,Other,80000,South,Service
1956,2014,7,-95,1,3,44,497,100,5,23,Other,40000,Midwest,Billing
1957,2011,3,51,4,2,35,84,44,4,45,Male,60000,Midwest,Technical
1958,2013,5,45,5,3,45,224,35,5,24,Other,50000,West,Technical
1959,2013,10,33,9,5,31,322,97,3,55,Male,50000,Midwest,Service
1960,2017,4,-72,7,3,6,453,51,7,74,Female,60000,South,Service
1961,2022,10,25,8,4,6,344,61,1,48,Female,80000,North,Billing
1962,2017,5,52,5,5,43,157,51,9,58,Other,60000,South,Billing
1963,2022,5,82,7,4,31,61,56,5,67,Female,30000,West,Service
1964,2009,5,-20,5,5,46,122,63,2,51,Male,30000,North,Billing
1965,2017,5,73,5,5,48,548,73,2,42,Other,40000,Midwest,Technical
1966,2008,5,51,6,5,38,287,63,8,34,Male,90000,South,Technical
1967,2021,6,-26,5,2,46,249,63,1,70,Other,30000,South,Billing
1968,2013,8,-75,9,3,24,135,44,7,50,Other,60000,Midwest,Billing
1969,2021,8,26,3,2,37,322,91,9,40,Female,60000,Midwest,Service
1970,2015,9,14,3,5,8,445,74,3,26,Other,60000,Midwest,Service
1971,2008,8,25,5,3,49,586,87,7,23,Female,30000,West,Service
1972,2006,2,6,7,3,48,338,48,6,79,Female,30000,Midwest,Service
1973,2020,10,30,6,3,15,395,45,7,19,Female,60000,East,Service
1974,2022,1,6,3,3,46,550,37,7,55,Other,70000,West,Service
1975,2012,10,65,7,3,51,488,62,10,26,Female,30000,Midwest,Technical
1976,2007,2,88,5,2,9,322,47,1,20,Other,60000,West,Billing
1977,2013,2,-23,7,3,29,360,63,3,33,Female,60000,Midwest,Service
1978,2010,3,78,2,5,53,322,72,10,42,Other,30000,Midwest,Technical
1979,2014,10,-11,6,1,41,536,79,1,48,Female,40000,Midwest,Service
1980,2014,7,75,8,1,38,448,32,5,64,Female,70000,Midwest,Billing
1981,2017,2,-80,1,1,13,151,88,3,46,Female,30000,South,Billing
1982,2021,1,-47,4,3,10,264,57,1,61,Female,90000,Midwest,Service
1983,2013,6,83,1,1,22,360,75,5,48,Other,70000,South,Service
1984,2021,9,2,1,2,18,572,63,10,57,Female,60000,Midwest,Service
1985,2013,3,-42,5,5,23,377,99,5,43,Other,60000,Midwest,Billing
1986,2013,6,-29,7,5,18,441,76,3,55,Male,60000,East,Billing
1987,2005,5,78,1,5,44,322,63,6,52,Female,60000,West,Technical
1988,2006,1,-81,2,3,21,182,36,9,40,Female,60000,Midwest,Technical
1989,2020,5,11,4,3,39,241,60,6,21,Male,60000,North,Service
1990,2005,10,-42,1,3,31,121,80,2,76,Other,80000,Midwest,Technical
1991,2014,4,-30,3,4,46,360,58,2,59,Other,50000,East,Billing
1992,2022,7,36,8,2,21,496,44,8,31,Other,50000,North,Service
1993,2012,6,8,8,5,47,583,54,8,70,Female,60000,North,Service
1994,2015,10,28,8,5,12,257,90,6,73,Female,80000,West,Service
1995,2006,7,56,6,3,31,223,70,10,64,Female,60000,South,Service
1996,2012,5,90,6,5,31,559,98,7,56,Female,70000,South,Technical
1997,2012,4,99,5,5,57,322,33,1,24,Female,60000,Midwest,Service
1998,2021,7,-45,9,3,40,418,86,9,25,Other,40000,Midwest,Service
1999,2013,5,95,4,5,11,305,63,5,59,Male,30000,North,Billing
2000,2021,6,-66,7,4,50,479,32,9,68,Other,60000,Midwest,Technical
