ATM_ID,Location_Type,Manufacturer,Year_of_Installation,Service_Contract_Type,Last_Maintenance_Date,Frequency_of_Maintenance,Downtime_Duration_hours,Number_of_Incidents,Maintenance_Costs_USD,Transaction_Volumes,Average_Withdrawal_Amount,Card_Reader_Error_Rate_percent,Cash_Dispenser_Jam_Rate_percent,ATM_Age_Years
ATM_1,Standalone,Wincor Nixdorf,2009,Parts-Only,10-06-2016,2,30.58826229,1,478.3331801,4692,81.27400752,2.369994985,2.230596383,14
ATM_2,Airport,Wincor Nixdorf,2014,Full-Service,28-09-2022,4,42.31207572,2,298.5141025,11768,93.71334137,0.696642604,1.884048104,17
ATM_3,,Wincor Nixdorf,2008,Self-Service,06-12-2020,3,67.49465961,7,656.0032742,,109.7614109,2.456715323,3.423664758,11
ATM_4,Airport,Diebold,2002,Self-Service,07-09-2016,2,58.26243516,5,517.0039491,,91.2948541,1.857732146,2.432874787,13
ATM_5,Standalone,Diebold,2009,Full-Service,15-11-2009,2,39.60938336,,,11274,94.50645543,3.396232484,0.757148991,22
ATM_6,,Diebold,2010,Parts-Only,24-03-2012,0,51.37852138,1,348.3105927,17975,93.82516628,3.821010407,1.460549247,
ATM_7,Standalone,Diebold,2017,Full-Service,05-11-2014,2,61.7477149,1,704.7289966,2100,122.2538674,3.782022991,3.776794457,18
ATM_8,Airport,NCR,2011,Parts-Only,18-04-2013,0,95.08325406,2,514.9885875,13361,80.5483685,3.572670028,1.660740522,
ATM_9,Standalone,Diebold,2013,Self-Service,,2,47.90624196,6,805.7951904,8088,106.6857519,2.530332322,1.825476462,1
ATM_10,Bank Branch,Diebold,2014,Self-Service,21-02-2011,0,47.84334867,,523.399787,7936,100.9061072,2.597256558,4.276733701,2
ATM_11,Airport,NCR,2008,,05-09-2015,1,33.63176732,0,456.051383,12570,94.68591411,3.800735665,0.802835272,12
ATM_12,Airport,Wincor Nixdorf,2007,Parts-Only,10-07-2008,2,36.42070868,4,588.63912,19984,103.5777212,3.84808908,2.987146912,21
,Airport,NCR,2019,Self-Service,03-06-2000,0,72.81820571,4,211.3547987,14636,109.8060155,,4.345641657,16
,Shopping Mall,Wincor Nixdorf,2010,Parts-Only,20-02-2001,1,50.52334312,3,825.7849213,12784,88.79418224,1.159936269,0.21291218,
ATM_15,Shopping Mall,Wincor Nixdorf,2013,Self-Service,10-10-2000,1,54.28727879,5,630.3153937,1712,121.7758906,4.952428365,1.814462214,11
ATM_16,Standalone,Diebold,,Self-Service,21-07-2007,1,48.58040705,1,544.0072731,12293,100.5707398,0.984059386,3.198882369,17
ATM_17,Shopping Mall,NCR,2022,Self-Service,21-12-2007,0,40.55108879,2,,13425,,,4.830657767,12
ATM_18,,NCR,2019,Self-Service,24-10-2002,2,58.43208191,,552.5754568,7299,81.93560965,0.752433621,0.540692939,23
ATM_19,Airport,,2000,Parts-Only,19-01-2017,1,62.74473281,1,175.6314265,9362,112.3379894,,3.527552664,16
ATM_20,Bank Branch,,2021,Parts-Only,15-06-2014,1,57.85237084,2,225.6911185,,74.66700516,4.817553777,4.03388458,1
,Standalone,NCR,2019,Full-Service,08-07-2011,2,69.08053845,1,445.4565124,5525,102.7054957,3.556560619,,20
,Standalone,NCR,2005,Full-Service,04-03-2009,1,62.53754546,2,705.8294637,7270,53.81571823,0.958593287,0.11406023,6
ATM_23,Bank Branch,Wincor Nixdorf,2018,Full-Service,16-01-2006,,41.77904066,1,692.3594905,6774,140.0363562,0.241398388,0.926321992,13
ATM_24,Bank Branch,Wincor Nixdorf,2005,Full-Service,10-07-2005,0,48.0821497,2,541.6408283,3547,124.9160369,,4.344054717,5
ATM_25,Shopping Mall,Diebold,2013,Parts-Only,31-01-2020,1,,3,510.1910292,1063,,4.813542959,1.139046765,21
ATM_26,Standalone,Diebold,,Parts-Only,07-09-2020,1,50.7462038,,559.3680812,12280,85.39338884,,4.433840464,18
ATM_27,Bank Branch,NCR,2014,Self-Service,26-10-2020,2,65.86593856,2,328.5925721,1542,100.3029669,2.329222324,2.714331395,6
ATM_28,Standalone,Wincor Nixdorf,2022,Self-Service,02-08-2002,2,53.43469079,1,484.032882,19591,102.3422307,4.534392736,,22
ATM_29,,Wincor Nixdorf,,Parts-Only,17-01-2002,,49.65599266,0,229.3051489,13170,116.8933051,0.278032863,3.272321956,16
ATM_30,Standalone,Diebold,2022,Self-Service,09-07-2003,3,54.22217362,3,258.8594587,11006,106.1975749,0.943831957,0.574524606,10
,Shopping Mall,,2017,Self-Service,25-12-2014,1,,4,612.6600989,9236,102.485899,4.325571616,1.133507725,
ATM_32,Airport,NCR,2000,Full-Service,14-04-2017,,,10,665.4921741,7073,80.20054706,4.50367341,0.333919524,12
ATM_33,Standalone,NCR,2004,Full-Service,,0,,5,450.8854475,6658,99.62976469,2.097966594,3.38091829,22
ATM_34,,Diebold,2008,Full-Service,31-05-2024,2,,,205.7917358,18870,105.7890989,2.157539763,2.875531498,11
,Shopping Mall,,2023,Full-Service,,3,17.49984716,2,465.0463868,17802,108.7107121,3.616557784,4.936149121,8
ATM_36,Standalone,Diebold,,Self-Service,06-12-2000,3,55.85639426,1,758.5302629,,124.9428344,4.470823369,0.138349248,16
ATM_37,Bank Branch,NCR,2009,,,,35.72730292,3,451.1139761,10489,115.5502362,0.131131702,4.687751111,17
ATM_38,Shopping Mall,Wincor Nixdorf,2020,Parts-Only,,,48.34318295,2,,19273,96.21106355,,3.806099945,5
,Standalone,Diebold,,Parts-Only,23-01-2013,1,50.73159145,1,664.1797718,14268,115.9977217,2.341007845,0.260867307,1
ATM_40,Bank Branch,Diebold,2005,Self-Service,07-10-2022,4,46.75181388,4,545.7477945,15666,,2.316218105,2.006142581,
ATM_41,Bank Branch,NCR,2015,Parts-Only,07-03-2002,1,57.99768043,3,,,84.03784459,4.001838631,1.459090896,5
ATM_42,Shopping Mall,Diebold,2011,Self-Service,29-04-2015,1,,0,540.9272057,5103,111.4664751,0.255145357,1.55644198,0
ATM_43,Standalone,Diebold,2015,Parts-Only,11-05-2022,4,25.51663296,6,466.2939106,3032,104.305193,4.167471108,3.332136559,8
ATM_44,,Wincor Nixdorf,2004,Parts-Only,11-08-2007,3,66.65619731,1,432.4634948,10410,112.3640778,,2.14293923,8
ATM_45,Airport,NCR,2010,Parts-Only,08-02-2004,4,56.16829455,1,280.1580457,2417,111.1925893,3.027276742,0.583832244,0
ATM_46,Bank Branch,Wincor Nixdorf,2019,Full-Service,,,53.85324716,2,311.427187,8548,104.5458458,0.56215689,2.001863195,3
ATM_47,Airport,Diebold,2010,Parts-Only,13-03-2012,4,25.51780873,5,360.444331,10838,123.5915028,2.883373135,2.475641164,10
ATM_48,Airport,Diebold,2007,Self-Service,13-12-2017,0,56.81450396,3,459.8783276,13571,93.03128682,3.018793937,0.244486757,2
ATM_49,Standalone,NCR,2015,Full-Service,23-06-2018,1,8.195750023,5,462.0514718,5144,70.8439085,0.633889401,4.833848507,7
ATM_50,Standalone,NCR,,Full-Service,04-09-2003,2,51.4104111,2,404.6301709,9607,103.141341,2.74636444,3.147056725,10
ATM_51,Standalone,,2002,Self-Service,04-12-2001,,55.39315949,2,667.995815,3503,145.9805673,0.725568252,3.839580696,
ATM_52,Standalone,,2002,Full-Service,06-11-2021,4,34.72204202,3,501.2238011,1642,37.96467312,4.53232804,1.927889863,5
ATM_53,Shopping Mall,Diebold,2008,Self-Service,24-07-2005,2,55.95374546,,409.4562978,6679,119.1054777,3.351273103,,19
ATM_54,Bank Branch,Diebold,2014,Self-Service,04-04-2023,0,64.83203211,3,706.0037651,19504,118.6494131,4.913456641,0.060497822,1
ATM_55,Airport,NCR,2003,,,1,62.96457119,,690.3366767,18702,100.7271724,4.515813179,1.268863745,3
ATM_56,Shopping Mall,NCR,2004,Parts-Only,07-11-2015,2,59.47545808,1,554.3758473,11003,112.8332014,1.914623208,1.426310888,1
,Bank Branch,Diebold,2011,Full-Service,28-11-2000,5,20.63747646,4,433.8871086,9171,123.2404245,2.20257588,4.789053324,19
,Airport,Wincor Nixdorf,2023,Parts-Only,04-12-2001,1,28.04025242,4,393.1555129,12560,94.48060142,3.754745342,2.568083815,14
ATM_59,Shopping Mall,Wincor Nixdorf,2011,Full-Service,,1,45.06014925,3,494.2535172,13946,120.064371,2.868085976,,7
ATM_60,Standalone,,2007,Self-Service,13-03-2015,0,35.18863529,4,517.8126498,4183,101.9584576,4.828343153,3.681471492,1
ATM_61,Shopping Mall,NCR,,Self-Service,29-08-2004,0,22.14229041,5,503.4189022,4473,99.83279246,4.129647444,1.51829594,12
,Airport,Diebold,2002,Self-Service,15-07-2024,4,,4,543.1401449,8454,148.0842189,1.812779408,4.098144387,23
ATM_63,Airport,Wincor Nixdorf,2021,Full-Service,23-08-2020,1,43.65987909,2,489.5662951,12101,95.64828125,0.098355457,0.138620439,11
,Shopping Mall,NCR,2000,Self-Service,27-11-2000,1,76.36573686,5,593.9447986,16001,79.33619091,1.364565304,4.382507164,14
ATM_65,Bank Branch,Diebold,2016,,21-12-2022,1,54.89084273,2,583.1258251,,84.23726368,3.96190898,,4
ATM_66,Shopping Mall,NCR,2012,Self-Service,07-07-2023,2,40.66830998,1,379.8284009,1284,97.99212165,1.965111667,1.530001815,16
ATM_67,Bank Branch,Wincor Nixdorf,2008,Full-Service,06-09-2021,1,43.7728016,4,,18515,119.1848491,,0.813750122,18
ATM_68,Airport,Diebold,2017,Full-Service,27-11-2006,2,60.78390774,6,662.8271369,13846,115.5695021,0.849910318,4.756421544,17
ATM_69,Bank Branch,Diebold,2014,Full-Service,24-01-2017,1,54.85881002,0,418.0812983,10196,107.6903084,4.738226713,1.871647695,12
ATM_70,Airport,Wincor Nixdorf,2020,Self-Service,10-02-2009,,66.78559316,,293.3567204,10275,,1.172306906,1.356247737,15
ATM_71,Shopping Mall,Diebold,2004,Parts-Only,27-07-2007,4,57.92810739,5,541.0153863,11587,96.92996229,2.724076803,3.056649342,8
ATM_72,Standalone,Wincor Nixdorf,2009,Full-Service,22-09-2003,3,58.77337096,2,,15783,,2.272959905,2.014875149,
ATM_73,Shopping Mall,NCR,2017,,06-10-2014,,49.64089368,2,736.9476834,6181,109.8444198,0.057983944,3.994479862,9
ATM_74,Standalone,NCR,2019,Full-Service,13-08-2009,0,42.84390938,5,,8995,118.6491592,1.900403509,4.344734335,3
ATM_75,,,,Full-Service,08-09-2018,2,46.80766035,3,504.111115,14938,98.8889012,4.679031766,2.898185188,12
ATM_76,Shopping Mall,NCR,2002,Parts-Only,25-12-2010,3,36.14739708,5,348.9727487,8261,110.1816891,2.278087388,2.055232743,0
ATM_77,Shopping Mall,Diebold,2008,Full-Service,29-05-2023,0,19.66259148,2,564.3002593,10225,113.3872389,2.404973954,,21
ATM_78,Bank Branch,Wincor Nixdorf,2017,Parts-Only,07-03-2006,3,44.61304141,,214.2336272,6197,,1.192648597,3.051651039,15
ATM_79,,Diebold,,Self-Service,28-03-2014,4,,3,443.009594,,78.81154352,2.219162277,2.980997122,1
ATM_80,Standalone,Wincor Nixdorf,2007,,21-03-2002,,63.31950871,2,579.8026851,1175,61.85893739,1.112114927,1.307629202,16
ATM_81,Standalone,NCR,2016,,07-04-2001,1,,,489.123804,4617,111.7585567,3.901656208,3.930924295,4
ATM_82,Airport,Diebold,2016,Full-Service,05-10-2015,2,58.70632156,2,,19334,111.3836977,4.399620421,2.736432705,7
ATM_83,Standalone,Diebold,,Self-Service,18-08-2019,1,79.49151594,6,389.8297239,,106.5163141,3.904659139,3.805241845,12
,Shopping Mall,Diebold,2011,Parts-Only,14-07-2021,3,58.58245609,1,235.4628873,12410,113.3156999,3.666214817,0.364590444,23
ATM_85,,Wincor Nixdorf,2017,Full-Service,02-01-2005,4,22.48576196,1,754.3136588,6061,69.90270736,3.386625769,,14
ATM_86,Shopping Mall,NCR,2005,Full-Service,04-11-2012,3,55.49032226,3,489.7578372,15039,,0.604761525,4.692654717,8
ATM_87,Shopping Mall,NCR,2022,,12-07-2021,0,53.65958662,2,384.6269314,,120.9284565,4.42300837,2.594216025,7
ATM_88,,Wincor Nixdorf,2021,Parts-Only,04-06-2019,3,57.92835206,1,567.6287217,16465,68.71975522,1.539436569,0.451928238,17
ATM_89,Shopping Mall,NCR,2015,,28-10-2007,3,37.51814314,2,710.6089078,1209,97.17816353,,,
ATM_90,,Diebold,2022,Full-Service,14-09-2014,0,35.9118115,3,232.7510248,,,2.048160342,,22
ATM_91,Bank Branch,Diebold,2014,Full-Service,17-08-2008,1,,4,527.5945909,6152,122.6115173,,0.911142788,20
ATM_92,Airport,NCR,2020,Full-Service,07-07-2007,4,52.87811924,2,412.3679644,16914,110.3049156,0.953653941,3.616723957,5
ATM_93,Standalone,Wincor Nixdorf,2009,Parts-Only,27-03-2013,2,57.13064944,2,563.4955901,2713,,4.265324944,3.339626797,12
ATM_94,Shopping Mall,,2021,Parts-Only,14-04-2000,2,52.99260255,1,505.2894624,3518,58.05132879,1.381569897,3.272461082,
ATM_95,Airport,Wincor Nixdorf,2003,Full-Service,02-06-2005,1,39.96078082,9,674.197721,7737,72.85317175,3.896847623,4.794279428,
,Bank Branch,Wincor Nixdorf,2014,Full-Service,13-12-2016,3,43.87452677,2,485.3262361,1909,98.48497381,4.415384049,1.106639445,20
ATM_97,Standalone,Diebold,2002,Self-Service,29-06-2013,1,37.17495886,5,752.0904523,9070,90.60722099,0.585349413,3.657007628,20
ATM_98,Bank Branch,Diebold,2000,,28-05-2004,1,39.65509791,4,416.0982962,18904,143.3922721,1.523668372,2.270436601,11
ATM_99,Bank Branch,,2007,Parts-Only,19-06-2001,,39.64699044,7,676.3626099,14883,132.8350022,0.319391787,3.091710923,11
,Shopping Mall,Diebold,,,23-09-2006,2,64.56267827,7,568.5028305,,105.6227304,2.388009202,0.850134631,
ATM_101,Airport,Wincor Nixdorf,2011,Self-Service,13-02-2009,2,54.88293516,1,249.6111142,10385,86.22416249,1.625043951,3.624300564,21
ATM_102,Shopping Mall,NCR,2011,Parts-Only,24-08-2002,1,40.15654592,,489.2464206,11285,113.2521641,,1.830386109,22
ATM_103,Bank Branch,NCR,2009,Parts-Only,15-09-2018,0,32.65049936,3,696.7025088,,,3.199938953,0.76946312,13
ATM_104,Standalone,Wincor Nixdorf,2005,Self-Service,26-02-2023,3,,3,602.5277578,3210,,1.334568094,3.27047406,1
,Standalone,Diebold,2005,Parts-Only,21-02-2010,6,41.17452195,1,559.9952079,9852,100.1155558,0.657190246,0.108288684,12
ATM_106,Standalone,Wincor Nixdorf,,Full-Service,25-01-2001,2,45.63358544,1,0,13149,45.89245242,0.407560843,3.584838593,17
ATM_107,Shopping Mall,Wincor Nixdorf,2015,Self-Service,02-06-2000,1,51.17594938,5,748.0149696,4298,95.16194049,,3.709882257,
ATM_108,Bank Branch,NCR,2012,Self-Service,21-01-2010,,55.60643635,5,,16326,89.18403022,2.669621258,2.108497596,15
ATM_109,Standalone,,2022,Parts-Only,25-04-2013,1,44.21903438,2,623.4900518,9750,78.33673982,3.765663531,0.645471461,9
ATM_110,Bank Branch,Diebold,2015,Self-Service,26-07-2023,,57.93677931,6,,3737,,3.287708399,1.216379614,13
ATM_111,Shopping Mall,Diebold,2017,Full-Service,21-01-2017,0,57.59676643,1,733.1794874,17792,87.63099833,3.430523534,1.977057746,2
ATM_112,Shopping Mall,NCR,2001,Parts-Only,,4,52.24235952,1,700.5265301,14323,109.1977129,0.751855568,2.885377583,18
ATM_113,Airport,Diebold,2010,Self-Service,31-10-2006,,37.10277692,5,558.2787367,11302,91.46591877,3.00544953,0.777502072,14
ATM_114,Standalone,Wincor Nixdorf,2013,Full-Service,17-09-2020,,45.10697519,1,307.4090514,1742,97.9783977,4.179511159,3.29803152,15
ATM_115,Bank Branch,Diebold,,Self-Service,11-05-2012,,54.02869965,4,608.2474953,11602,119.2106048,1.998716814,0.080439248,4
,Bank Branch,Wincor Nixdorf,2013,Self-Service,08-03-2023,0,49.81983015,5,450.6911749,3285,62.12984636,1.117813742,3.262418212,3
ATM_117,,Diebold,,Self-Service,08-01-2004,0,49.70175001,,503.6189125,9094,82.94709227,3.449083878,4.147566112,
ATM_118,Airport,,2002,Self-Service,14-12-2012,3,51.50979949,2,689.6014516,1745,72.36521216,4.058091783,2.575244038,7
ATM_119,Airport,Diebold,,,,3,,,673.2501264,1013,76.07518579,3.382052304,0.73794613,7
ATM_120,Airport,,2013,Self-Service,23-04-2005,4,45.04225455,6,489.361039,,,4.415114601,4.702974436,12
ATM_121,Bank Branch,,2013,Self-Service,03-01-2017,1,50.65688499,3,751.588533,,98.98103503,1.728531516,2.066595988,19
ATM_122,Shopping Mall,Wincor Nixdorf,,,01-10-2007,,66.3423911,0,411.4453323,16170,110.147986,,3.862453991,6
ATM_123,Standalone,Diebold,2019,Self-Service,30-07-2000,1,65.40689826,1,282.7576839,9248,119.0950203,1.485636152,2.429703876,
ATM_124,Bank Branch,Diebold,2000,Full-Service,,0,59.97255507,8,505.8453689,11878,98.91260184,,0.675570503,
ATM_125,Shopping Mall,Diebold,,Parts-Only,,,29.71244278,,230.6249235,1464,107.8395465,2.943638308,1.215173005,12
ATM_126,Standalone,Wincor Nixdorf,2018,Self-Service,12-02-2017,1,66.01977569,1,630.7779711,2808,123.3269085,1.146448726,1.292910572,
ATM_127,Airport,,2013,Parts-Only,19-08-2011,1,33.76817287,2,480.65419,,111.3545714,1.453040527,4.598917945,8
ATM_128,Bank Branch,Wincor Nixdorf,2012,Full-Service,04-02-2022,,35.4998151,3,544.5057924,10992,94.0154356,1.078365749,3.65122376,16
ATM_129,Bank Branch,Diebold,2005,Parts-Only,24-06-2002,,8.016064787,6,746.2804555,10040,79.36579774,3.188679132,4.11729367,2
,Standalone,NCR,2010,Full-Service,22-09-2010,2,48.79742168,3,394.4374359,19368,72.21090294,2.272215208,2.299147256,16
ATM_131,Bank Branch,Diebold,2004,,17-04-2010,1,52.8139003,1,744.2523692,2738,152.048454,0.322934686,0.075959414,11
,Airport,NCR,2010,Full-Service,07-03-2018,2,62.46802373,2,595.2230624,1554,119.4135525,1.312996079,1.524381332,8
ATM_133,Bank Branch,Diebold,2019,Self-Service,,2,81.91979197,4,484.2844407,11586,128.8390239,3.548838493,2.433162075,13
ATM_134,Airport,Wincor Nixdorf,2006,Full-Service,21-09-2023,1,46.66001945,2,514.2274707,18864,147.2163514,4.900057846,0.375646578,17
ATM_135,Bank Branch,,2022,Parts-Only,01-01-2024,0,48.64522397,,661.8730199,5691,97.80210299,2.19636321,2.587963425,11
ATM_136,Airport,Diebold,2012,Parts-Only,06-07-2013,3,85.09615534,4,238.8015137,,67.5591551,4.721439919,,11
ATM_137,Shopping Mall,Wincor Nixdorf,2019,Self-Service,25-03-2018,2,15.55778551,2,443.2383085,10364,105.3948027,1.760811013,2.480249703,21
ATM_138,Airport,Wincor Nixdorf,2023,Full-Service,05-11-2021,0,34.68959702,,,6099,158.914849,2.406967154,0.541754479,12
ATM_139,Airport,NCR,2016,Full-Service,14-08-2017,4,,2,706.1135849,14549,98.98002375,1.365713572,3.505124898,23
ATM_140,Bank Branch,Diebold,2015,Full-Service,21-09-2004,0,61.58197704,5,404.9982568,13015,90.47183256,4.768188176,3.07663328,23
ATM_141,Bank Branch,Wincor Nixdorf,2022,Parts-Only,15-02-2001,2,60.33256366,1,506.8665266,6196,147.2536126,3.345788251,4.274660736,6
ATM_142,Shopping Mall,Wincor Nixdorf,2013,Self-Service,26-10-2023,0,67.85903069,6,423.1876459,18386,109.4336486,0.968038191,0.579907025,1
ATM_143,Bank Branch,Wincor Nixdorf,2020,Parts-Only,,1,54.65998109,,496.6451901,,118.3093174,3.753551965,0.169503809,7
ATM_144,Standalone,NCR,2022,Full-Service,,1,27.55899783,2,,14075,98.9505389,3.944791259,1.551835251,8
ATM_145,Standalone,NCR,2015,Self-Service,23-11-2005,1,49.42763379,4,510.7629332,18604,101.8264992,2.077843352,2.921727397,8
ATM_146,Shopping Mall,NCR,2017,Full-Service,22-12-2023,1,57.54356112,2,301.8801087,19560,66.42952302,3.059224426,1.736199583,3
ATM_147,Bank Branch,NCR,2022,Full-Service,10-02-2004,0,48.20767074,5,106.2579739,12907,120.5335718,1.604284161,3.494293607,23
ATM_148,Standalone,,,Self-Service,07-10-2003,1,63.28754105,4,552.4647717,,108.3856486,3.812497962,2.704360706,4
ATM_149,Bank Branch,Wincor Nixdorf,2015,Full-Service,11-11-2018,1,,2,529.9456849,2992,78.07971505,,2.332608667,6
ATM_150,Airport,NCR,2003,Self-Service,21-05-2022,0,65.02931588,0,198.8004154,14660,86.46419244,3.009316629,2.63005555,8
ATM_151,Standalone,Wincor Nixdorf,2021,Parts-Only,,2,23.99294278,4,408.5135782,11177,123.0516674,3.531014918,3.361490523,1
ATM_152,Standalone,Wincor Nixdorf,2001,Full-Service,05-08-2021,2,47.84883258,4,478.3381504,3614,124.4395111,,,21
,Standalone,NCR,2009,Parts-Only,13-11-2001,2,58.926624,7,296.2195924,17207,83.34805434,4.129884163,4.552547781,11
ATM_154,,Diebold,2004,Parts-Only,23-05-2018,2,65.58508521,4,503.368342,7880,89.21978098,4.394616296,3.737329582,16
ATM_155,Bank Branch,Diebold,2003,Full-Service,14-06-2002,5,30.45232837,4,,18171,120.7963546,1.132534076,2.156731132,0
ATM_156,Standalone,Wincor Nixdorf,2009,,01-10-2008,3,40.24830813,5,517.9501359,11511,,2.017826571,3.123700368,6
ATM_157,Airport,NCR,2002,Self-Service,18-09-2011,0,35.68909724,3,626.9472457,8065,87.61848339,3.223657064,0.465227815,22
ATM_158,Bank Branch,Diebold,2000,Full-Service,23-11-2014,2,47.42658225,5,367.8726641,3873,,1.234117863,0.029770347,4
ATM_159,Bank Branch,Diebold,2022,,17-12-2023,2,41.65674704,7,,1723,141.1626888,3.193507478,1.576576145,3
ATM_160,Bank Branch,Diebold,,Full-Service,09-08-2018,3,47.69093909,4,303.8566465,10787,78.32202243,4.03642855,0.733225197,6
ATM_161,Airport,Diebold,2022,Parts-Only,15-07-2006,4,44.612042,3,,13522,109.4296638,0.088389554,4.138453296,13
ATM_162,Shopping Mall,Diebold,2021,Full-Service,29-01-2001,1,56.78737914,6,586.761669,8887,113.7260273,4.415400561,4.618368815,3
ATM_163,Standalone,Wincor Nixdorf,2022,Self-Service,04-12-2006,5,56.84620426,3,480.5818469,1890,75.9080121,3.559919935,0.412990975,
ATM_164,,Wincor Nixdorf,2004,Self-Service,17-10-2004,1,48.48787012,4,842.9345963,11840,85.14068959,4.579618634,2.270286982,3
ATM_165,Standalone,NCR,2017,,,,57.6070073,1,496.7633994,15650,114.8414286,2.265635654,3.080639798,18
ATM_166,Shopping Mall,Diebold,2015,Full-Service,20-01-2004,1,,1,294.8683069,13290,,0.630124579,1.378195855,12
ATM_167,Standalone,,2003,Full-Service,08-09-2000,1,49.79805161,2,630.2117043,17538,,1.524543973,3.318984936,
ATM_168,Standalone,NCR,2020,Full-Service,26-05-2023,4,60.57627455,7,477.2505954,15575,107.1926893,4.052442834,,10
ATM_169,Shopping Mall,Wincor Nixdorf,2009,Self-Service,07-07-2004,6,24.65064256,5,239.5304188,15017,57.1628076,2.188576545,,6
ATM_170,Airport,NCR,2003,Parts-Only,02-07-2022,1,27.01202933,3,544.8569214,13330,153.5838444,2.264516053,4.83816703,2
ATM_171,Bank Branch,Diebold,2021,Self-Service,15-09-2021,0,45.7907001,1,659.5728692,18751,89.31617634,0.83637531,0.302957124,
ATM_172,Airport,Diebold,2020,Self-Service,26-05-2019,1,64.36649077,1,,19251,104.4438183,2.247672912,4.674574121,21
ATM_173,Bank Branch,Wincor Nixdorf,,Parts-Only,,0,12.6735452,2,812.682883,3563,65.48577202,,2.90134812,2
ATM_174,Shopping Mall,,2022,Parts-Only,30-06-2004,3,7.431093893,3,451.7718678,13692,119.1682776,3.342055286,2.45116499,12
,,Wincor Nixdorf,2022,Parts-Only,01-09-2023,2,40.64712521,3,299.9714058,7232,90.97888498,3.887166924,2.109524357,17
ATM_176,Airport,NCR,,Full-Service,28-09-2012,3,42.7010048,2,465.1013894,15929,118.5704376,2.11137703,,5
ATM_177,Bank Branch,NCR,2014,Parts-Only,09-10-2000,1,84.25453687,2,419.4434236,16338,116.4436589,3.363622663,0.049191034,8
ATM_178,,Diebold,2012,Full-Service,,3,69.85803578,2,617.784213,,,0.750903203,3.174415049,17
ATM_179,Standalone,NCR,2023,Parts-Only,,3,50.66203881,1,,,61.31496133,0.009871561,4.189916868,6
ATM_180,Standalone,NCR,2017,Parts-Only,,1,58.77690395,3,576.2976138,6661,116.7879827,1.137998857,1.414335533,8
,Shopping Mall,Diebold,2023,Full-Service,14-07-2021,2,36.46346518,5,426.4932574,13443,113.6546237,2.121761676,0.298364637,6
ATM_182,Bank Branch,NCR,2015,Self-Service,,2,25.64072171,3,567.9195073,5636,133.1750642,2.611370684,,12
ATM_183,Bank Branch,NCR,2012,Self-Service,09-09-2008,2,73.21459382,6,456.1805192,10553,107.0736919,,0.629441278,12
ATM_184,Shopping Mall,Diebold,2018,Parts-Only,09-12-2011,1,35.414934,2,370.5621768,,,2.837771359,4.09441558,17
ATM_185,Bank Branch,Diebold,2014,Full-Service,01-06-2011,0,48.79785615,9,443.7330754,7587,98.07756418,2.19105625,2.919846194,21
ATM_186,Standalone,Diebold,2016,Parts-Only,,2,,5,,7422,98.00478207,1.702081049,4.024531992,6
ATM_187,,Diebold,2007,Self-Service,28-05-2022,3,268.2135619,,602.5090238,19124,94.30601771,3.369423637,0.159156791,11
ATM_188,Shopping Mall,Diebold,2021,Self-Service,11-12-2022,2,739.2084242,1,4964.535256,1467,,4.380966384,4.63832028,15
ATM_189,Bank Branch,Diebold,2008,Self-Service,,2,50.40150794,5,780.0826842,2898,146.799786,,1.027694765,20
ATM_190,Shopping Mall,Wincor Nixdorf,2008,Parts-Only,28-09-2006,2,43.62326532,1,622.181518,4462,110.3986395,4.818021381,0.398991222,8
ATM_191,,Wincor Nixdorf,2023,Self-Service,30-06-2024,0,48.45573831,3,,8592,119.9381482,3.293646963,1.370646301,16
ATM_192,Standalone,Diebold,2011,Parts-Only,22-09-2017,2,50.7281419,1,450.2171139,10858,85.8643122,4.802782962,2.202398262,6
ATM_193,Standalone,Diebold,2015,Parts-Only,04-07-2010,1,47.20011996,3,369.7603412,16924,80.45576793,2.621588719,,16
ATM_194,Bank Branch,Wincor Nixdorf,2002,Self-Service,31-05-2018,0,78.31067822,1,548.6932302,16840,111.8806191,4.068658689,0.338850437,15
ATM_195,Shopping Mall,Wincor Nixdorf,2000,Self-Service,30-01-2005,1,68.5578016,1,332.2940573,12623,96.14913151,4.814892413,4.711888183,12
ATM_196,Airport,Diebold,2020,,,1,53.95260452,2,,2885,145.0115657,0.390125919,0.814684618,9
ATM_197,Shopping Mall,NCR,2016,Full-Service,06-08-2006,1,55.49952128,2,392.7758286,15474,78.19823464,3.682016419,0.454326748,0
ATM_198,Standalone,Wincor Nixdorf,2008,Self-Service,22-06-2005,5,30.77183449,0,667.4498387,6078,41.47034746,1.014327969,4.326610663,21
ATM_199,Bank Branch,Diebold,2004,Parts-Only,11-04-2014,3,41.76098197,2,,12306,98.94587682,3.413982947,4.510856953,5
ATM_200,Standalone,NCR,2018,,02-02-2000,2,43.05215146,4,539.1870557,,101.9560699,4.059576075,2.58555526,13
,,,,Self-Service,28-04-2004,2,47.09124319,0,778.0938075,14420,91.91980757,4.068426808,4.63256586,13
ATM_202,Standalone,Diebold,2001,Self-Service,06-12-2004,1,53.62200583,1,819.3883156,13899,110.7613781,0.141754762,4.001002651,22
ATM_203,Bank Branch,,2023,Self-Service,27-12-2007,2,59.27005947,1,394.4019089,,,4.760028098,1.242110119,9
ATM_204,Bank Branch,Wincor Nixdorf,2022,Parts-Only,,,57.6890578,2,485.1894597,10413,,1.668558279,4.157048645,23
ATM_205,Airport,Diebold,,Full-Service,04-11-2016,3,56.20584436,6,544.0988065,,86.74626262,3.66942022,4.822556079,17
ATM_206,Standalone,,2022,Parts-Only,11-03-2012,0,37.49935205,3,573.4800945,5020,,1.327438161,0.042702824,9
,Shopping Mall,NCR,2010,Parts-Only,10-09-2004,5,66.4288405,0,658.7398644,5016,,,0.745927403,20
ATM_208,Shopping Mall,,2002,,28-07-2020,2,48.74580051,5,,2818,86.30733605,3.341407641,2.201914141,8
ATM_209,,Wincor Nixdorf,,Full-Service,,2,48.63002633,2,382.1821542,19501,95.08317784,1.747997502,2.775574708,14
ATM_210,Standalone,NCR,2022,Parts-Only,,2,35.73884454,,659.2031902,9641,86.5051765,2.571569931,2.466781713,6
ATM_211,Bank Branch,NCR,2009,Full-Service,08-10-2020,2,,4,370.8131774,4580,100.0832088,,1.981483785,6
ATM_212,Shopping Mall,NCR,2003,Self-Service,05-10-2000,2,45.60935973,3,771.9953619,18249,78.37824057,4.733979646,4.568443018,14
ATM_213,Bank Branch,NCR,2002,Parts-Only,15-10-2004,3,32.74492671,,520.6694806,19154,96.18587238,0.220641458,3.325122079,2
ATM_214,Airport,NCR,2014,Full-Service,28-04-2017,3,33.12828372,4,464.9574265,19515,91.80095547,1.698745754,3.21848335,2
ATM_215,,NCR,2002,Self-Service,29-11-2000,3,,1,335.3343944,17734,105.2141003,1.296194302,,12
ATM_216,Bank Branch,NCR,2008,Full-Service,10-08-2007,1,28.82969216,3,368.8508806,,103.4275635,4.701377339,2.002131437,13
ATM_217,Standalone,Wincor Nixdorf,2013,,30-12-2006,1,61.21169199,3,336.902488,,100.5800947,0.60198861,1.548197677,13
ATM_218,Airport,Wincor Nixdorf,2010,Self-Service,07-04-2020,0,35.01228155,2,577.3781901,15336,91.74641204,,0.52358794,17
ATM_219,Bank Branch,NCR,2016,Full-Service,27-02-2024,3,38.17584037,3,542.7945096,3687,101.8269804,1.791591934,1.972873121,2
ATM_220,,NCR,2006,Full-Service,17-05-2017,3,43.08230362,,608.0415879,,135.2505081,,3.940425146,15
ATM_221,,Diebold,2021,Full-Service,20-10-2003,4,46.051219,2,608.282475,17720,55.36348367,,,5
ATM_222,Standalone,Wincor Nixdorf,2019,Parts-Only,13-04-2021,1,51.90845582,6,539.9000149,19217,85.11524192,4.690476279,2.276845859,23
ATM_223,Standalone,Diebold,2005,Full-Service,19-04-2019,4,63.30839638,4,,19750,86.95865386,2.778362678,4.120472237,3
ATM_224,Standalone,NCR,,Self-Service,03-12-2018,1,46.69107877,1,,5068,73.70748886,1.164912087,1.716573743,16
ATM_225,Standalone,,2016,Parts-Only,11-03-2018,2,47.13128518,5,,1902,,1.007250858,3.460175448,20
ATM_226,Standalone,Wincor Nixdorf,2020,Self-Service,05-06-2016,1,,4,7083.273952,9421,125.9184753,1.631347454,4.990963788,16
,Bank Branch,Wincor Nixdorf,2022,Parts-Only,05-03-2010,1,47.94840329,3,321.2402364,9317,92.9163608,2.724817533,4.506379425,1
ATM_228,Bank Branch,Diebold,2020,Self-Service,04-03-2000,2,41.59337999,2,494.9857499,5511,87.7243186,2.882227475,4.660583969,1
ATM_229,Bank Branch,Diebold,2019,Full-Service,30-06-2008,0,,0,243.7814284,15247,116.2516031,2.659242504,0.835829956,23
ATM_230,Standalone,Diebold,2000,Full-Service,07-08-2010,1,27.8657841,3,334.3213365,9368,116.4879953,3.633288024,,19
ATM_231,Airport,NCR,2021,Full-Service,12-03-2013,3,52.46301016,4,311.7525215,,125.3448747,1.150656594,1.627980482,9
ATM_232,Standalone,Diebold,,Parts-Only,,2,60.76246158,1,458.7859855,2735,84.46994672,,1.006057817,20
ATM_233,Bank Branch,NCR,2005,Self-Service,12-10-2020,5,26.74876684,4,,9675,,3.125708817,2.014325279,2
ATM_234,Airport,NCR,2013,,18-05-2005,2,54.32207088,1,947.1687047,1927,123.2722234,2.093988501,,14
ATM_235,Standalone,Wincor Nixdorf,,Parts-Only,04-03-2021,2,52.37895023,5,532.5505941,13817,96.17394658,0.353074573,1.955756701,22
,,NCR,2019,Parts-Only,23-08-2020,,69.48092711,2,459.4788502,9276,96.14760914,1.401226509,2.041213962,5
ATM_237,Standalone,Diebold,,Self-Service,22-08-2007,2,43.17513889,3,388.2492583,15858,110.1062037,4.342845301,3.870979103,1
ATM_238,,NCR,2022,Full-Service,03-03-2016,1,33.5502009,4,436.8172289,2385,126.0939904,1.072446526,0.393513643,11
ATM_239,Airport,Wincor Nixdorf,,Full-Service,03-05-2022,1,61.04315418,2,574.0212707,6383,,4.302530076,4.67963875,2
ATM_240,Standalone,Wincor Nixdorf,2006,Self-Service,22-12-2004,1,829.1575647,4,,17899,112.7793786,2.892918148,3.206982946,16
ATM_241,Standalone,Wincor Nixdorf,2002,Parts-Only,01-06-2019,3,78.82990845,6,440.0468023,8645,99.6099404,,4.959936846,9
ATM_242,Bank Branch,NCR,2015,Parts-Only,31-10-2018,1,54.71528643,5,324.351914,,89.16149141,,0.066157096,0
ATM_243,Bank Branch,Wincor Nixdorf,2018,Self-Service,14-12-2004,3,59.67950843,5,577.7011596,15694,115.8395393,3.899035127,1.992417878,7
ATM_244,Airport,Wincor Nixdorf,2011,Parts-Only,29-01-2007,2,53.58054601,3,638.9360884,10268,102.7569699,4.101187596,3.343576134,13
ATM_245,Shopping Mall,NCR,2008,Self-Service,,,21.66159035,,471.5649447,11559,145.9750378,,3.870112782,19
ATM_246,Bank Branch,Diebold,2013,,12-06-2003,4,56.08740846,4,389.385046,2907,113.9022065,4.561399887,3.066890304,9
ATM_247,Airport,Wincor Nixdorf,2011,Parts-Only,02-11-2015,2,39.16518513,3,451.5066263,1137,101.7597266,1.461319132,4.86261014,6
ATM_248,Shopping Mall,NCR,,Self-Service,24-04-2003,2,54.19791917,4,480.5817681,12855,103.3503278,0.888048645,1.640668255,7
ATM_249,,NCR,2017,Parts-Only,31-07-2003,0,47.25104931,3,418.2649227,16451,,0.212927789,3.834408138,7
ATM_250,Airport,Wincor Nixdorf,,Parts-Only,21-01-2021,3,60.69456998,2,615.216743,9841,118.8748065,2.957915315,0.066308803,6
ATM_251,Airport,Diebold,2006,Self-Service,30-07-2002,1,57.0564124,1,538.4280794,17631,101.4516824,3.104232491,0.980130856,10
ATM_252,Airport,NCR,2006,Self-Service,25-09-2023,3,67.8613338,2,564.4253726,13963,121.3262752,,0.478404188,6
ATM_253,,Diebold,2007,Parts-Only,01-09-2011,5,65.53919067,2,446.6168254,9011,98.40616894,,4.061817124,9
ATM_254,Bank Branch,,2017,Parts-Only,27-04-2019,0,69.64314369,0,453.9944152,12968,75.92043159,3.131912618,0.398775737,19
ATM_255,Bank Branch,Diebold,2011,Full-Service,30-04-2018,0,48.16387168,2,,7431,112.9590602,,3.573680398,3
,Shopping Mall,NCR,2020,Full-Service,05-04-2021,1,58.11584797,,450.1945157,2599,67.35103849,2.706006679,,21
ATM_257,Airport,Wincor Nixdorf,2008,Self-Service,13-07-2017,2,39.14288905,3,474.5031601,4691,71.83126247,1.69558127,,19
ATM_258,Bank Branch,Wincor Nixdorf,2012,Parts-Only,31-12-2013,2,75.87939293,1,280.1180655,16219,82.75750733,2.824662853,1.428386368,18
ATM_259,Standalone,Diebold,2008,Full-Service,02-09-2022,1,,2,511.709527,15309,127.8917849,2.824863644,1.341286357,15
ATM_260,Standalone,,2002,Parts-Only,02-03-2008,1,53.88258973,1,306.630693,18508,,0.777547735,4.50024245,1
ATM_261,Bank Branch,Diebold,2017,Self-Service,13-08-2008,1,,,670.449377,5442,73.69241483,1.26961216,2.231970277,18
,Bank Branch,,2006,Full-Service,28-08-2000,2,,1,,18024,101.2552681,0.260623222,0.45558995,23
ATM_263,Airport,,2003,Self-Service,06-09-2002,4,49.05605989,2,383.367114,19826,66.23004362,1.364264839,1.594857284,15
,Airport,Wincor Nixdorf,2006,Full-Service,04-01-2011,0,55.69208284,2,503.8200229,4698,89.23185492,3.292347452,1.46965121,7
ATM_265,Shopping Mall,Wincor Nixdorf,2016,Parts-Only,20-07-2000,1,45.14808763,1,371.9077949,17572,106.1304999,4.082325949,1.06529463,5
ATM_266,Standalone,Diebold,2022,Full-Service,12-09-2010,2,48.8627704,2,748.9499143,7466,111.7057729,,1.991603434,8
ATM_267,Shopping Mall,Wincor Nixdorf,2018,Full-Service,23-11-2017,4,,2,611.1884437,16744,111.591258,3.222309907,0.673137123,3
ATM_268,Standalone,Wincor Nixdorf,2016,,08-11-2010,2,,2,346.1969526,4188,89.70728287,3.742930597,2.721609924,13
ATM_269,Shopping Mall,Diebold,2014,,14-01-2010,,45.41909901,3,513.5787359,16835,,3.048619276,2.307218941,19
ATM_270,Bank Branch,NCR,2004,Full-Service,04-09-2009,1,57.1277515,2,544.3974455,5381,116.6006899,1.546409565,0.107257361,4
ATM_271,Standalone,NCR,2004,Parts-Only,,,49.71746869,3,280.2424014,19274,129.7313173,,0.415282936,
,Standalone,NCR,2013,Full-Service,,,76.5129469,2,731.1245981,9673,82.3890857,0.996210499,0.065065813,3
ATM_273,Bank Branch,Diebold,2015,Full-Service,28-09-2019,1,62.23456458,1,495.4666358,14834,115.6735095,0.926840785,3.369672101,
ATM_274,Bank Branch,Diebold,,Parts-Only,01-08-2021,2,47.65757296,4,712.1834094,15158,110.660594,3.479294856,4.116113898,13
ATM_275,Bank Branch,Diebold,2005,Parts-Only,13-04-2016,1,51.98339629,1,653.3246148,2815,97.46268504,4.88534153,3.568139272,
ATM_276,Standalone,NCR,2000,Full-Service,24-05-2020,2,52.80985793,4,724.1564179,18408,74.89864067,3.536020733,4.91820819,21
ATM_277,Standalone,NCR,2020,Full-Service,15-09-2016,0,60.49012527,4,516.0097466,3733,134.3810714,3.226035976,,16
ATM_278,Airport,Wincor Nixdorf,2020,Parts-Only,03-11-2008,0,52.76579256,6,751.3864511,9441,92.94418916,1.964648331,3.599792319,19
ATM_279,Shopping Mall,NCR,2005,Parts-Only,09-07-2021,3,43.38656638,,354.1711081,3473,121.0438029,2.981089569,3.192901531,21
ATM_280,Airport,NCR,2007,Parts-Only,16-06-2000,,16.34496404,7,600.2749127,7442,110.2453884,2.829919413,2.710650097,11
,Bank Branch,Diebold,2021,Full-Service,19-02-2005,,57.02420569,2,5182.939449,6066,85.94247021,4.45741913,0.118207804,6
ATM_282,Airport,Wincor Nixdorf,2003,Full-Service,21-06-2003,0,56.47795243,2,,7486,108.6085456,,2.672340629,
ATM_283,,Wincor Nixdorf,2020,Parts-Only,,5,50.09109524,4,499.4780699,6250,149.3231087,4.23343914,0.795949961,22
ATM_284,Standalone,NCR,2001,Self-Service,09-01-2006,4,49.39453201,3,622.006984,1964,79.10582549,3.412426627,0.459078976,10
,Airport,NCR,2001,Self-Service,24-08-2003,4,28.13741977,1,,11018,80.31795548,1.921218079,1.186090712,14
ATM_286,Shopping Mall,Diebold,2004,Full-Service,20-01-2011,3,,2,623.4547194,15257,,1.795782471,1.468769153,20
ATM_287,Bank Branch,NCR,2006,Parts-Only,20-06-2013,3,60.34872854,4,547.0952657,15978,96.77824509,0.308616785,1.202766796,20
ATM_288,Bank Branch,,2018,Full-Service,16-08-2010,2,49.11385708,1,623.1250158,9181,,2.563992322,,3
ATM_289,Standalone,,2020,,20-08-2007,3,48.26201833,1,416.3709504,13002,113.2811235,2.693906666,4.735022087,16
ATM_290,Bank Branch,NCR,2013,,18-06-2004,0,55.70144939,2,668.2802463,11858,100.9487563,1.279912535,1.794022217,8
ATM_291,Airport,,2010,Full-Service,30-07-2014,1,51.54353672,2,347.7671126,1725,80.57950642,,2.296369706,20
ATM_292,Bank Branch,Wincor Nixdorf,2022,,10-03-2012,1,54.90970627,,619.8378428,3728,149.5796769,3.576409603,1.461638463,11
ATM_293,,Wincor Nixdorf,2009,Parts-Only,24-01-2019,,43.66812032,2,548.2790803,11818,84.73216022,0.153891544,2.282013903,6
ATM_294,,Wincor Nixdorf,2014,Self-Service,02-09-2010,2,42.45573049,1,511.8069234,,81.9662248,2.148129508,3.902154609,9
ATM_295,Shopping Mall,NCR,,Parts-Only,01-12-2010,1,48.85912268,3,392.4783971,2770,77.94913117,0.84964359,1.487930764,22
,Airport,Wincor Nixdorf,2017,Self-Service,,2,51.05476567,,505.3181358,3720,100.1175645,0.467587617,2.114232387,6
ATM_297,,Diebold,2004,Self-Service,19-05-2016,,70.55175505,1,526.6802049,14220,106.2920259,0.327693694,1.822980923,1
ATM_298,,Diebold,2004,Parts-Only,14-01-2017,1,75.85099834,2,756.7999747,4450,53.11508373,4.600114451,4.96915782,5
ATM_299,Shopping Mall,Wincor Nixdorf,2001,Self-Service,25-07-2009,2,61.08731637,6,293.313007,14343,103.2161124,2.592750712,0.622133807,15
ATM_300,Shopping Mall,Diebold,2012,Full-Service,27-11-2017,2,51.97530581,2,494.3643963,18820,89.31654058,3.050859926,4.2659951,0
ATM_301,Shopping Mall,Diebold,2016,Self-Service,,3,44.99432557,3,485.4941647,13571,107.5948436,4.073031025,0.346927867,20
ATM_302,Standalone,Wincor Nixdorf,2023,Parts-Only,04-07-2018,1,57.0603142,5,503.394387,16504,91.02609686,0.307943054,4.65317043,6
,Shopping Mall,Wincor Nixdorf,2001,Self-Service,15-10-2003,1,41.53848808,0,,12694,125.1257219,2.343992946,3.462955632,12
,Bank Branch,Wincor Nixdorf,2008,,21-02-2012,1,,5,604.3514452,4707,62.29916717,1.820157236,0.520153767,11
ATM_305,Shopping Mall,NCR,2004,Self-Service,20-11-2018,,43.02942351,4,716.9167125,7044,76.35818501,3.888067991,3.934047994,3
ATM_306,Bank Branch,Wincor Nixdorf,2012,Full-Service,10-05-2005,4,62.33635267,3,843.4507207,4547,50.73762233,3.110924175,,
ATM_307,Standalone,Diebold,2010,,23-06-2023,1,67.08562902,2,644.4093741,12172,120.7958072,1.101826084,0.407145936,12
ATM_308,Shopping Mall,,2018,Full-Service,15-06-2011,2,76.3417642,1,442.1556426,18104,108.0355518,4.211718658,,4
ATM_309,Shopping Mall,NCR,2006,Full-Service,04-12-2008,1,47.32189171,2,605.4139041,4477,110.3552192,3.999695006,1.353265478,13
ATM_310,Bank Branch,Wincor Nixdorf,2001,Parts-Only,05-01-2001,3,25.01283673,5,636.6753826,9672,77.85764368,3.947305263,,
,Bank Branch,Diebold,2012,Parts-Only,22-03-2005,0,46.96514774,2,366.5283968,9401,94.97717979,,2.37692965,6
ATM_312,Bank Branch,,2003,Self-Service,10-02-2000,,,3,556.4863268,4382,53.80453042,1.191122313,,14
ATM_313,Bank Branch,Diebold,2022,Parts-Only,22-03-2021,0,70.14422325,2,479.6661283,17432,113.3728362,4.493198584,2.475172954,1
ATM_314,Bank Branch,NCR,2001,Self-Service,18-12-2018,2,63.07610023,1,285.1061879,5363,102.2026934,1.927308253,2.217731988,
,Bank Branch,Wincor Nixdorf,2004,,10-09-2006,1,47.17337141,3,434.9392261,13547,154.016181,1.53359377,,12
ATM_316,Standalone,Diebold,2017,Self-Service,23-01-2015,0,50.72615529,6,445.1905033,2450,106.6159402,1.371504169,2.446926609,22
ATM_317,Bank Branch,,,Parts-Only,,,27.36865851,0,514.1734524,6934,71.77336599,1.592562861,1.66668483,13
ATM_318,Bank Branch,Wincor Nixdorf,2021,Full-Service,07-04-2017,2,41.36067234,2,502.2304353,14335,100.3582984,2.911929143,3.30540407,
ATM_319,Standalone,,2014,Self-Service,08-12-2003,3,39.35797625,4,694.2248696,1889,100.4311461,0.410167448,,17
ATM_320,Shopping Mall,NCR,2004,Parts-Only,30-08-2012,1,40.09955649,5,,19606,96.06093869,1.111592356,2.738326433,16
ATM_321,Bank Branch,Diebold,,Parts-Only,21-08-2001,1,23.72695433,,340.7910638,7942,62.54353248,3.053995851,1.648521599,19
ATM_322,Shopping Mall,Diebold,2012,,07-10-2013,0,60.1931981,3,,14861,96.76458179,2.783784086,0.640513234,15
ATM_323,Standalone,Diebold,2009,Self-Service,,4,52.56598028,3,632.4338924,17171,78.36165307,0.94475964,4.446938787,16
ATM_324,Airport,Diebold,2005,Full-Service,28-03-2018,,,6,452.3138948,19127,109.9446746,3.060368559,0.685652351,15
ATM_325,Bank Branch,Diebold,2008,Full-Service,31-08-2005,2,57.30067199,1,555.7848807,2744,132.6366674,0.397769858,0.90599959,23
ATM_326,Airport,,,Parts-Only,24-12-2021,1,338.3861673,5,667.690421,13251,108.3983579,,2.871037299,
ATM_327,Airport,Diebold,2002,Self-Service,10-01-2015,0,45.86190459,0,741.6956109,,,0.582617858,1.032136052,6
,Shopping Mall,NCR,2008,Self-Service,20-08-2003,,36.50044342,4,549.9713679,16816,110.4880085,4.766680427,1.982332413,
ATM_329,Airport,NCR,2017,Self-Service,,2,46.07491511,,527.943967,18809,83.18526787,4.553468217,1.25395847,11
ATM_330,Bank Branch,Diebold,,Parts-Only,08-04-2001,2,41.45299252,5,654.3256272,14048,115.0732715,2.957852753,1.866762564,0
ATM_331,Airport,,2020,Full-Service,,2,35.15242967,1,297.4195451,18151,106.033201,0.299916354,4.166434973,5
ATM_332,Shopping Mall,Diebold,2010,Self-Service,22-01-2001,2,49.24181141,5,220.7109925,10252,108.764881,3.204905359,4.67675233,1
ATM_333,Bank Branch,Diebold,2012,Full-Service,11-05-2002,2,50.27555606,3,449.7488166,17034,105.820456,0.757390578,3.66222383,21
,Bank Branch,NCR,2014,Parts-Only,16-11-2021,,42.71748194,6,572.5752413,12234,,,2.471073422,6
ATM_335,Shopping Mall,NCR,2016,Self-Service,13-01-2024,1,51.27784276,5,65.85678505,11726,96.05233182,4.047382253,3.527519677,
ATM_336,Shopping Mall,Diebold,,Parts-Only,14-11-2018,4,27.32225141,2,491.6878801,6328,,4.376326348,4.754907902,1
ATM_337,Standalone,Wincor Nixdorf,2016,Parts-Only,26-04-2012,5,49.98975598,3,,9558,86.09859979,0.172744727,4.052033928,
ATM_338,Standalone,Diebold,2007,Parts-Only,25-10-2021,2,57.9794452,5,651.2698012,,125.8853941,1.607857216,2.313087416,
ATM_339,Shopping Mall,Wincor Nixdorf,2023,Self-Service,12-02-2010,3,40.67551291,1,598.6607687,7576,87.23756107,1.363177646,1.100639273,4
ATM_340,Standalone,Wincor Nixdorf,2007,Parts-Only,18-05-2018,2,48.46947144,2,435.3210839,10689,102.1672283,,0.988094437,5
ATM_341,Standalone,,2005,Full-Service,04-09-2013,2,49.20483286,4,640.1091355,18893,110.6986322,3.168856815,3.065216656,18
ATM_342,Airport,Wincor Nixdorf,2013,Self-Service,10-05-2015,2,30.54961251,2,550.5082246,6314,106.9985537,3.9247241,4.325647755,7
ATM_343,Bank Branch,Wincor Nixdorf,2000,Parts-Only,22-03-2006,2,60.80472048,4,,11071,144.1578864,2.220724029,4.694175119,12
ATM_344,Standalone,NCR,,,24-01-2015,3,33.59147767,5,509.6514703,12548,117.7572349,2.724885049,2.916483362,2
ATM_345,Airport,Diebold,2004,Self-Service,16-05-2001,0,,3,548.3809136,12737,98.88069142,,,11
ATM_346,Bank Branch,Diebold,2017,Full-Service,05-07-2008,0,39.07391627,2,354.732074,4061,79.86529323,0.564833036,4.384628248,15
ATM_347,Standalone,NCR,2016,Full-Service,26-02-2011,3,40.44030271,4,638.9135177,11018,108.783014,1.494608875,4.005486428,
ATM_348,Standalone,Wincor Nixdorf,2011,Parts-Only,24-10-2012,3,,3,696.6216233,2693,77.25345548,4.664132719,4.364752878,19
ATM_349,Airport,Diebold,2000,Self-Service,18-03-2017,3,82.08734577,4,504.0722333,1513,133.4233282,0.976260914,4.759823212,
ATM_350,Shopping Mall,NCR,2006,Self-Service,21-02-2012,1,60.3268376,1,613.4164623,6616,133.4084322,0.279641676,4.331470398,22
,Airport,Wincor Nixdorf,2018,Self-Service,14-04-2009,1,29.0411952,2,558.0819643,6111,,0.430018855,0.870096222,
ATM_352,,Diebold,2004,Self-Service,16-03-2014,3,51.79348148,3,443.4743107,11120,,,1.031524121,
ATM_353,Shopping Mall,NCR,2021,Parts-Only,19-01-2021,2,48.6517876,2,,6749,93.50684122,2.736520834,2.490263258,2
ATM_354,Airport,Wincor Nixdorf,2000,Self-Service,01-07-2014,2,60.76214253,10,524.8645347,9168,96.41043957,3.242994976,2.519892866,16
ATM_355,Airport,,2019,Parts-Only,11-02-2011,2,47.86907685,5,304.5535655,,93.45021275,4.300940699,,7
ATM_356,Bank Branch,NCR,2015,Parts-Only,14-01-2020,,68.52957347,2,426.9667509,5047,101.6391147,,,
ATM_357,Shopping Mall,,2023,Parts-Only,23-12-2001,1,50.84459208,8,295.5890109,12304,91.32768737,0.456730871,1.838961433,10
ATM_358,Bank Branch,,2002,,02-07-2016,1,79.53183974,,591.9362862,10050,115.0366212,,1.596444789,23
ATM_359,Bank Branch,Diebold,2022,Self-Service,29-07-2001,1,61.63418802,,546.5269848,10186,114.7739486,1.583175619,3.463010512,9
ATM_360,Bank Branch,NCR,2017,,04-08-2018,,61.8991789,4,648.2919783,4222,118.3777911,0.874767739,2.587261709,10
ATM_361,Airport,NCR,2003,Parts-Only,02-01-2014,3,38.04165357,5,590.7794536,12585,,3.113542816,4.72168672,13
ATM_362,Airport,Wincor Nixdorf,2002,Parts-Only,10-10-2002,1,47.06842146,4,463.3086221,10655,116.3984432,0.023602465,3.066599616,5
ATM_363,Airport,NCR,2021,Self-Service,26-05-2013,4,44.28722218,2,415.2707311,13342,66.3777733,0.865494127,4.88538041,8
ATM_364,Shopping Mall,Wincor Nixdorf,2017,Self-Service,19-03-2016,,52.14499239,3,398.4883137,16047,86.11001258,3.78244474,,11
ATM_365,Standalone,NCR,2018,Self-Service,21-11-2021,2,47.83762884,3,550.7326003,,109.8692616,2.402074183,1.359205209,
ATM_366,Bank Branch,NCR,,Full-Service,08-01-2006,2,57.48686071,3,741.8228956,,105.7703086,3.984980102,2.170910642,16
ATM_367,Shopping Mall,Diebold,2002,Self-Service,27-11-2003,1,55.59577273,1,511.2074836,5142,74.76043949,1.777095207,3.447231473,19
ATM_368,Airport,NCR,,Full-Service,,4,51.54318907,4,710.3109499,,,3.252821891,3.237102977,7
ATM_369,Airport,NCR,2017,Self-Service,05-09-2013,3,51.18669731,3,,2426,75.10865675,2.557490132,,
ATM_370,Standalone,,2012,Self-Service,19-05-2010,,69.12699123,1,425.1960499,,106.5933479,1.941116037,4.19690327,12
ATM_371,Airport,NCR,,Self-Service,09-07-2003,2,60.99174866,5,488.9187305,5441,110.6979136,3.956345181,2.548833492,15
ATM_372,Shopping Mall,NCR,2016,Parts-Only,14-06-2021,2,60.2978663,3,677.9512254,7748,91.74275704,0.867644831,1.324831156,10
ATM_373,Bank Branch,Diebold,2002,Full-Service,09-12-2001,0,66.82194778,1,713.9600196,6933,,1.841719293,3.069767598,12
ATM_374,Bank Branch,Diebold,2012,Full-Service,11-07-2009,1,29.93592858,,296.8103646,15453,116.735934,,0.540326059,13
ATM_375,Airport,Diebold,2019,Full-Service,19-09-2008,2,51.99827047,3,525.8618564,16228,117.3708384,4.690148906,3.929525534,
,Airport,,2014,Parts-Only,19-07-2000,1,58.58073245,1,520.7114296,12922,85.59297529,2.724918006,0.12182503,0
ATM_377,Standalone,Wincor Nixdorf,2020,Parts-Only,04-06-2021,1,68.64750203,3,507.3231874,15356,83.89631431,4.392553161,4.252047038,5
ATM_378,Bank Branch,Wincor Nixdorf,2007,Self-Service,15-05-2005,5,,2,5676.77128,2606,119.5881425,0.434835202,4.550599464,20
ATM_379,Standalone,NCR,2022,Full-Service,01-06-2022,1,,6,271.25773,16279,113.72239,3.291757162,3.252355947,1
ATM_380,Bank Branch,Diebold,2003,Parts-Only,12-01-2021,3,14.69513485,3,,17183,,0.960624546,2.801257667,23
ATM_381,Airport,NCR,2004,Full-Service,03-02-2015,0,523.8896053,4,487.763188,15833,109.3214284,,3.108522274,9
ATM_382,Shopping Mall,,2020,Parts-Only,18-01-2000,3,67.1026001,2,533.1689656,1242,131.7390889,,0.657463299,
ATM_383,Airport,Wincor Nixdorf,2001,Self-Service,04-12-2010,5,62.81928018,1,392.1094479,3959,89.15549252,1.823091422,4.492439899,17
ATM_384,Bank Branch,Wincor Nixdorf,2014,Self-Service,17-10-2014,3,66.95730094,4,468.0905379,4509,93.265308,4.323148815,1.628391498,4
ATM_385,Airport,,2016,Full-Service,06-02-2003,4,41.41251967,1,331.4570512,1137,76.80061394,3.599219714,,10
ATM_386,,Wincor Nixdorf,2013,Parts-Only,10-09-2020,1,51.72066977,4,,,106.8177712,3.039634461,,3
ATM_387,Airport,Wincor Nixdorf,2023,Self-Service,12-09-2023,3,80.94038891,2,,2024,104.9714566,4.038090654,3.384984502,9
ATM_388,Shopping Mall,,2003,Self-Service,,4,61.98798965,2,685.8537331,14275,128.6140751,0.682111953,2.705269619,20
ATM_389,Shopping Mall,Wincor Nixdorf,2004,Full-Service,20-10-2023,2,39.68387751,3,667.7063495,5198,72.61521698,0.012828177,,21
ATM_390,Standalone,Wincor Nixdorf,2015,Full-Service,22-12-2000,4,36.78741324,5,563.7386914,10526,91.50823793,4.901857089,,4
ATM_391,Airport,Diebold,2004,Full-Service,05-10-2011,1,55.85653838,2,356.6492236,1316,103.65393,2.593946472,1.702800672,12
ATM_392,,Wincor Nixdorf,,Full-Service,01-04-2011,0,75.10162055,3,276.1589026,1931,,0.683393955,2.328747336,9
ATM_393,Standalone,Wincor Nixdorf,2009,Self-Service,10-06-2015,1,47.70480888,3,436.3164686,12845,145.6542636,4.834230261,0.241224377,15
ATM_394,Standalone,Wincor Nixdorf,2016,Parts-Only,29-12-2002,2,61.82948786,2,730.741368,15362,85.61439141,3.022200142,,11
ATM_395,Bank Branch,Diebold,,,28-11-2018,2,30.21895043,2,512.2832252,19004,124.4548061,1.825470286,,20
ATM_396,Standalone,NCR,2007,Parts-Only,01-12-2023,1,66.52366958,,453.2089781,4082,74.90757848,3.296732037,4.332498093,19
ATM_397,Standalone,NCR,2010,Self-Service,25-06-2019,2,71.3917904,4,374.962262,5474,92.73920859,1.871570296,4.249822189,21
,Shopping Mall,NCR,2006,Self-Service,27-06-2000,,76.47654672,4,492.7684227,7340,84.96909768,0.265182942,1.413357548,15
ATM_399,,Wincor Nixdorf,2003,Full-Service,19-11-2002,2,36.93324704,3,464.366705,15280,104.3016842,4.674059575,3.540732685,4
,Airport,Diebold,2017,Parts-Only,04-03-2009,,38.09705283,1,,5187,109.3179001,1.014809128,4.685840221,21
ATM_401,Bank Branch,Wincor Nixdorf,2001,Parts-Only,17-03-2011,5,33.68557538,6,388.7398947,3086,90.38265628,0.937778899,,21
ATM_402,Standalone,Wincor Nixdorf,2002,Self-Service,15-03-2021,1,77.18156037,,527.7516663,14406,79.18274659,2.801180079,3.031042277,23
ATM_403,Airport,Diebold,2008,Self-Service,21-09-2009,1,39.44447127,1,458.4451673,7706,113.985004,1.174962252,0.056360328,2
ATM_404,Bank Branch,Diebold,2009,Self-Service,20-05-2017,3,50.50134547,3,652.8603023,2090,68.29833079,4.803143197,0.806390061,5
ATM_405,Standalone,NCR,2008,Self-Service,19-07-2022,2,68.91662105,1,344.9697927,15866,66.21533421,4.500867419,0.396102996,0
ATM_406,Bank Branch,Diebold,2022,Full-Service,01-02-2020,3,45.23599212,4,607.0182297,17951,100.3787985,2.82880547,1.556727124,9
ATM_407,Bank Branch,Wincor Nixdorf,2019,Parts-Only,26-02-2007,0,40.53198263,3,542.731493,17019,,2.217571693,3.115949285,22
ATM_408,Airport,Diebold,2023,,04-01-2019,4,54.47030023,3,,11629,120.8775409,3.220879254,2.153695781,1
ATM_409,Bank Branch,,2016,Self-Service,09-05-2020,3,30.85380148,4,455.1113581,,91.96228029,0.630691129,2.759019422,19
ATM_410,Shopping Mall,Diebold,,Full-Service,02-05-2016,1,78.31218672,1,687.0506607,11591,113.4789861,1.451440211,3.602334754,18
ATM_411,Bank Branch,Wincor Nixdorf,,Self-Service,,3,55.22569844,2,534.4112296,,72.30739811,4.726565044,2.76535424,16
ATM_412,Airport,Wincor Nixdorf,2016,,02-09-2023,2,42.40668594,4,230.3089569,,94.91113427,1.932696308,2.84218183,7
,Bank Branch,Diebold,2005,Full-Service,23-07-2016,0,63.19486418,2,295.0757706,,91.39263828,1.416559631,2.907038079,9
ATM_414,Bank Branch,Wincor Nixdorf,2012,Full-Service,23-06-2020,6,8.829992473,2,415.6797849,,96.17107665,3.086082689,2.554590277,20
ATM_415,Airport,Wincor Nixdorf,2000,Parts-Only,06-06-2004,2,21.04297502,6,625.5159544,9960,100.0291841,,1.003716475,12
ATM_416,Shopping Mall,Diebold,2012,Full-Service,07-06-2006,2,54.46245371,4,389.6082504,17093,84.11102941,0.442064141,1.468878291,20
ATM_417,Shopping Mall,Diebold,2001,Full-Service,25-07-2022,3,57.87739377,5,398.7944367,3289,110.830621,3.991592626,2.509474011,17
,Shopping Mall,NCR,2013,Self-Service,07-03-2000,4,34.3719581,1,350.0662476,,108.2641935,0.125295221,4.154597025,1
,Bank Branch,NCR,2023,Self-Service,30-05-2011,1,42.56619492,4,693.3975405,11320,113.1200796,1.781743915,,21
,Shopping Mall,Wincor Nixdorf,2019,,23-05-2014,2,63.1013292,2,,10919,86.08559424,3.750388662,3.695428045,17
ATM_421,Airport,Wincor Nixdorf,2013,Parts-Only,,1,71.76636566,,,1027,147.7239232,0.436610233,0.234714783,9
ATM_422,Standalone,,,Self-Service,20-08-2021,0,77.59036813,2,132.8398285,4752,132.2294618,2.804995191,1.149660556,5
ATM_423,Airport,Wincor Nixdorf,2003,Self-Service,20-08-2020,3,50.58123396,1,,3797,118.819173,,1.029221781,3
ATM_424,Bank Branch,NCR,2006,Full-Service,10-04-2011,4,70.41345815,4,410.1795854,11274,,,4.812254043,20
ATM_425,,Wincor Nixdorf,,Full-Service,14-04-2016,2,47.01709169,3,390.6964403,7857,109.8892742,2.14018159,2.316307024,18
ATM_426,Standalone,Wincor Nixdorf,2022,Self-Service,03-08-2015,,31.18706534,4,470.5814979,15608,103.7367532,4.853850748,2.257229244,4
ATM_427,Standalone,NCR,2007,Parts-Only,14-01-2010,3,,6,,,,2.861612066,2.807636708,13
ATM_428,Bank Branch,NCR,2000,Full-Service,06-09-2004,2,45.54483284,3,586.8820672,16571,98.22901256,3.698449427,0.607695015,18
ATM_429,Bank Branch,Diebold,2022,Full-Service,03-04-2017,1,67.46170075,1,,2207,104.8214296,4.701356077,3.960335727,16
ATM_430,Bank Branch,,2014,,01-10-2016,1,48.7615084,2,660.7913365,1538,117.2315857,4.380289804,2.290458164,8
,Shopping Mall,Wincor Nixdorf,2000,Parts-Only,,2,56.4364621,0,461.3748908,2632,,3.125427371,,18
ATM_432,Bank Branch,,2019,Self-Service,15-08-2005,2,42.67380158,2,825.2440062,13512,89.09565397,3.974404937,3.072464669,20
ATM_433,Airport,Diebold,2021,Full-Service,,1,44.33763594,3,,14458,127.9029979,2.315734307,2.860805061,15
ATM_434,Airport,NCR,2021,Self-Service,23-01-2019,1,39.09827144,2,330.6231381,17935,112.5277477,1.625362702,1.552546479,21
ATM_435,Standalone,Diebold,2019,Self-Service,16-06-2020,4,46.76690471,3,595.2041971,10013,101.163117,3.330867981,0.057834963,3
,Standalone,Wincor Nixdorf,2013,Self-Service,17-03-2002,2,52.7953477,1,541.4688593,7307,,3.334784441,4.591436602,
ATM_437,Bank Branch,Wincor Nixdorf,2001,Full-Service,11-03-2019,2,53.4685597,3,332.5366,6776,145.1417391,2.255339023,2.699072276,16
ATM_438,Standalone,Diebold,2005,Parts-Only,16-08-2019,7,47.08488449,1,418.0709054,6398,95.2253636,3.842990865,1.450366639,14
ATM_439,,Diebold,2010,Self-Service,02-05-2002,2,54.8046711,5,600.9459243,19687,116.3829667,4.577500766,2.362757033,2
ATM_440,Standalone,NCR,2021,Parts-Only,26-06-2018,2,,6,511.8617189,2606,118.9474894,2.184104912,2.691889405,17
ATM_441,,Diebold,2020,Parts-Only,18-06-2002,7,48.26209025,0,419.3436483,10019,110.7716519,3.624549918,4.660993566,12
ATM_442,Airport,NCR,2023,Self-Service,,3,,3,819.2285942,17549,69.05284846,1.425611882,3.385509126,20
ATM_443,Airport,Wincor Nixdorf,2015,Parts-Only,19-02-2019,2,62.03655003,,405.8076792,15771,76.85308975,0.437966879,1.411199811,2
ATM_444,,NCR,2013,Parts-Only,22-05-2009,2,59.61192852,2,492.141933,3518,73.25035932,1.651537973,4.049688203,16
,Shopping Mall,Wincor Nixdorf,,Full-Service,16-05-2001,1,48.55589533,1,290.7996815,16171,128.1974156,3.475622919,1.604574171,3
ATM_446,Airport,,2022,Self-Service,04-12-2005,1,46.31049759,1,612.0636814,16805,110.4357533,2.547990223,4.385126104,11
ATM_447,Bank Branch,Wincor Nixdorf,2006,Self-Service,,0,,1,436.8424951,7017,116.0224493,2.929268853,1.159092401,
ATM_448,Shopping Mall,Diebold,2008,,23-07-2008,0,63.20615949,2,486.5784632,11978,106.3782333,2.793115081,3.521376661,18
ATM_449,Standalone,Diebold,2023,,26-12-2015,0,49.34496259,4,443.9747247,18505,106.8687284,3.870274743,4.228042102,22
ATM_450,,Wincor Nixdorf,2005,Self-Service,03-03-2024,1,53.76289268,2,624.0159398,,110.1069569,1.445715169,2.515247289,6
ATM_451,Airport,Wincor Nixdorf,2022,Full-Service,10-04-2011,2,29.8438778,,662.8294794,17581,101.2003108,3.018227148,2.150977556,14
ATM_452,Airport,Diebold,,Parts-Only,10-05-2009,2,53.70847384,5,695.5251463,5697,105.9228375,1.452168376,4.556121859,21
ATM_453,Airport,NCR,2023,,03-01-2022,2,52.49168489,4,764.1205785,,89.68458565,3.187487305,2.421601362,20
ATM_454,Standalone,Wincor Nixdorf,2001,Parts-Only,12-02-2004,,24.61404703,5,533.0069903,2925,91.69429362,0.95228836,3.603993193,4
ATM_455,Standalone,Wincor Nixdorf,2018,Self-Service,20-01-2007,5,39.43816698,2,614.878741,17391,,3.518594324,4.259401475,9
ATM_456,Standalone,NCR,,Self-Service,23-06-2009,2,57.14771072,,339.9113799,15175,,2.544532776,0.298996208,16
ATM_457,Airport,Wincor Nixdorf,2018,Self-Service,09-02-2022,4,46.560781,0,504.9898415,9118,94.06509392,,0.040268944,8
ATM_458,Airport,NCR,2009,Self-Service,24-12-2022,2,57.73509043,1,594.0244961,,90.28542663,3.262109745,4.438448617,8
ATM_459,Bank Branch,Diebold,2014,Self-Service,21-02-2006,4,41.97913523,1,740.8830756,1655,78.63673607,3.790625592,3.635005195,11
ATM_460,,NCR,2000,Full-Service,20-06-2017,2,31.81506449,1,492.6068946,10271,81.52923047,0.655913574,1.389053707,22
ATM_461,Bank Branch,Wincor Nixdorf,2015,Self-Service,15-05-2007,1,,2,317.8130939,7864,,1.428246371,4.889277878,9
ATM_462,Standalone,Diebold,2002,Self-Service,,2,,1,418.3036376,17653,118.3432041,2.570596648,3.00661634,19
,Bank Branch,Diebold,2023,Full-Service,,,41.38459379,3,568.9775676,13313,,3.597632201,2.794038775,
ATM_464,Bank Branch,Diebold,2002,Self-Service,06-03-2012,1,55.92979039,2,275.9736874,2493,102.9712355,3.085285071,0.512007763,3
,Standalone,Diebold,2013,Parts-Only,04-02-2014,1,54.3516772,,5804.383586,11891,110.5009646,3.369250747,0.904683882,16
ATM_466,Bank Branch,,2011,Full-Service,30-03-2015,4,45.42033679,3,483.4715353,2651,,3.911855794,2.423992083,
ATM_467,Airport,NCR,2022,Self-Service,09-02-2019,0,42.55756775,6,,7490,99.97523529,3.722601326,,11
ATM_468,Shopping Mall,NCR,2017,Self-Service,17-01-2024,0,55.62231635,4,716.412679,,101.6651757,1.571082774,3.568783527,13
ATM_469,Shopping Mall,,2001,Self-Service,27-08-2006,1,66.54720944,3,517.0148971,8785,103.5609906,0.032340416,1.374572088,22
ATM_470,Standalone,Wincor Nixdorf,2015,,02-11-2007,3,49.08589469,2,265.2095628,8494,59.89558885,4.186242444,2.356504811,22
ATM_471,Shopping Mall,Diebold,,Parts-Only,11-03-2007,0,42.19072322,,466.262492,7893,,3.942331735,3.39491162,16
ATM_472,Standalone,Wincor Nixdorf,2008,Parts-Only,18-12-2001,0,42.49801239,5,490.7322685,14166,135.2207865,1.404324619,2.098863675,22
,Airport,NCR,,Parts-Only,03-03-2001,1,61.12668413,3,,3389,92.45588471,0.717294774,4.446983135,
ATM_474,Bank Branch,NCR,2015,Parts-Only,05-02-2018,0,,3,479.3273506,4661,101.6678843,0.685020771,1.316432389,1
ATM_475,Bank Branch,Diebold,2002,Parts-Only,16-09-2007,2,37.90413614,2,469.1634683,13842,,4.503015806,2.621734473,13
ATM_476,Airport,Wincor Nixdorf,2004,Parts-Only,20-05-2014,1,56.07124991,4,353.6953112,12522,97.81734232,0.060119339,3.969079995,2
ATM_477,Airport,,2011,Parts-Only,10-03-2002,1,77.91749815,4,525.848151,8490,137.5221802,4.744412548,3.787365201,15
ATM_478,Airport,NCR,2019,Full-Service,02-09-2009,3,55.37726187,4,407.1088548,1377,89.43803024,1.600685547,3.333556366,
ATM_479,Airport,Wincor Nixdorf,2011,Parts-Only,15-06-2011,1,30.63357038,2,499.5545611,11367,111.9127158,2.043757093,4.429463404,0
,Shopping Mall,NCR,2003,Full-Service,07-04-2021,2,62.04019856,4,417.6130036,10174,81.44953785,3.290993335,2.301585986,17
ATM_481,Bank Branch,Wincor Nixdorf,2003,Self-Service,13-08-2003,,59.53656657,,741.3243905,17704,105.3482497,0.956019942,,
ATM_482,Airport,Diebold,2023,Full-Service,24-10-2021,2,55.94769067,2,530.3684662,17443,92.55572418,3.082864856,2.524853124,2
ATM_483,Airport,Wincor Nixdorf,2003,Full-Service,14-08-2008,2,73.24819954,5,,19016,85.41619288,1.339361066,3.894612827,13
ATM_484,Shopping Mall,Diebold,2012,Full-Service,12-11-2006,5,69.99834606,4,8120.859212,11089,95.48259024,2.986514958,2.86592763,21
ATM_485,Shopping Mall,Wincor Nixdorf,2002,Self-Service,25-02-2009,4,75.31108488,6,,18879,,4.144036356,,8
ATM_486,Shopping Mall,NCR,2021,Full-Service,03-04-2020,1,65.45782165,4,833.7402008,10255,92.18492606,3.159116744,2.256052514,20
ATM_487,Bank Branch,Wincor Nixdorf,2009,Self-Service,05-06-2006,1,47.91670397,3,553.6951239,4677,98.19815328,1.511675533,1.747645661,4
ATM_488,Standalone,Diebold,2010,Full-Service,,0,35.64532472,2,489.6618873,3153,93.6129449,2.723806199,4.20271011,13
ATM_489,Shopping Mall,Wincor Nixdorf,2011,Parts-Only,12-01-2023,2,84.23478859,4,752.7182867,13566,108.3264668,1.736471753,4.396587635,20
ATM_490,Shopping Mall,NCR,2020,Self-Service,29-04-2009,1,60.64977877,2,556.3012502,5042,79.2142784,4.725278957,3.044711899,11
ATM_491,,Wincor Nixdorf,2021,Parts-Only,23-11-2008,,57.84490667,7,425.8284311,5193,113.1857403,,3.668488839,13
ATM_492,Bank Branch,Diebold,2014,Parts-Only,27-02-2020,2,,5,613.9812615,14516,103.971754,4.278128788,3.067718854,0
ATM_493,Standalone,NCR,2015,Self-Service,17-08-2000,1,47.88323732,2,597.056352,10784,104.2772096,2.012044154,1.865102913,5
ATM_494,Standalone,NCR,2009,Self-Service,17-01-2011,5,31.25906732,1,586.6641565,7760,73.23226556,2.047454406,3.822890202,12
ATM_495,Standalone,NCR,2017,Parts-Only,25-08-2020,3,52.67996176,3,322.4865799,5243,80.69724917,3.610917956,3.883983138,17
ATM_496,Airport,NCR,2005,,18-09-2017,2,57.96748037,3,469.1925157,12691,74.44695933,2.665007562,1.515805279,
ATM_497,Standalone,Wincor Nixdorf,2010,Self-Service,21-07-2000,0,58.37952737,3,477.0561187,19055,87.25063233,4.263932669,0.498119017,7
ATM_498,Bank Branch,Diebold,2000,Full-Service,18-06-2009,3,26.47526013,7,542.96767,12247,99.19658179,3.331409003,4.374836903,18
ATM_499,Standalone,Wincor Nixdorf,2001,Self-Service,05-01-2003,2,55.49953071,3,575.7292226,3619,95.67719819,1.944703404,4.961421323,10
,Standalone,Diebold,2016,Full-Service,03-06-2000,5,59.60021685,3,147.8657101,18125,95.17308389,0.148266113,4.014756727,0
ATM_501,Airport,NCR,2006,Parts-Only,26-04-2018,,62.72804085,,355.0619466,,,1.26222621,4.313212604,11
ATM_502,Airport,Wincor Nixdorf,2003,,27-01-2008,1,65.7436993,1,347.1698943,7649,122.1311886,0.876360608,4.2323407,11
ATM_503,Airport,NCR,2022,Self-Service,05-09-2014,5,57.20856291,2,693.8316277,,126.1202111,4.046952786,4.01453906,15
,Shopping Mall,NCR,2015,Self-Service,11-03-2014,3,28.66591644,5,701.3624698,19487,126.5178894,2.55649822,4.787977397,13
ATM_505,,NCR,2015,Self-Service,,2,38.2459904,3,603.6558069,14283,,2.229406554,4.452159989,
ATM_506,Standalone,Wincor Nixdorf,2018,Full-Service,02-02-2016,,68.2449569,3,,11061,141.2547083,4.205376938,3.412220538,3
ATM_507,Shopping Mall,Diebold,2018,Parts-Only,25-07-2019,5,31.64071219,6,355.4464766,14853,97.5354275,3.888569779,1.113770672,1
ATM_508,Bank Branch,NCR,2011,Self-Service,11-09-2020,1,73.50169494,,435.9063595,10950,98.75597228,2.05824774,4.294711501,19
ATM_509,Shopping Mall,Wincor Nixdorf,2005,Full-Service,12-10-2009,2,70.20421743,3,469.5206246,19820,,1.492780982,4.196861034,12
ATM_510,Standalone,Wincor Nixdorf,2002,Full-Service,26-02-2009,2,28.64847226,2,460.5879932,1463,69.10176326,3.328506659,4.298668903,20
ATM_511,Bank Branch,Wincor Nixdorf,2001,Full-Service,09-08-2014,0,16.21214681,,654.5464448,10004,102.2442152,4.085383318,3.743194161,1
,Standalone,Wincor Nixdorf,2004,Full-Service,31-12-2012,3,33.2247488,0,493.5828506,11063,59.29591763,2.473956814,2.252528116,
ATM_513,,Wincor Nixdorf,2012,Parts-Only,01-09-2013,0,59.8173931,5,278.1612519,6770,102.1969403,3.852374792,2.524446382,9
ATM_514,Standalone,Diebold,2009,,12-10-2023,4,38.78374538,1,451.146864,3417,63.75971548,0.967373925,1.701370125,10
,,Wincor Nixdorf,2010,Full-Service,30-05-2021,1,61.93778426,,545.0973747,9078,96.44544339,4.185959669,1.530263305,15
ATM_516,Airport,Diebold,2002,Self-Service,12-08-2013,0,38.32262048,,411.6003346,8961,118.6945038,0.722107204,0.261390814,10
ATM_517,,Wincor Nixdorf,2001,,09-09-2001,2,35.63784416,5,6771.158752,7491,114.7353663,1.756664871,2.04546943,23
ATM_518,Airport,NCR,,Parts-Only,19-02-2007,2,56.09316242,3,621.331105,6605,121.8174889,1.376528309,4.808990884,4
,Airport,Diebold,2010,,03-10-2000,4,44.21903204,2,475.2934256,,105.2946906,2.642359204,2.651345383,23
ATM_520,Shopping Mall,Wincor Nixdorf,2020,Parts-Only,07-08-2004,0,64.16807962,4,324.8659849,,95.7624552,,2.085732052,9
ATM_521,Shopping Mall,NCR,2012,Self-Service,,3,55.28832645,1,382.2936494,8695,76.06583596,4.712791906,1.775421229,5
ATM_522,Standalone,Wincor Nixdorf,2020,Self-Service,31-01-2005,3,,,,1374,103.6725156,1.160407959,1.22109251,5
ATM_523,Standalone,Diebold,2007,Self-Service,26-07-2015,5,62.86187912,5,412.4724787,,105.019767,3.320223206,2.29591318,
ATM_524,Standalone,Diebold,2023,Self-Service,19-10-2005,3,,6,407.8513058,7719,,2.546676225,3.571245035,17
ATM_525,Standalone,NCR,2017,Full-Service,22-10-2003,,30.33549234,0,471.1394124,8020,95.63298784,1.919486639,1.1719258,11
ATM_526,Airport,Wincor Nixdorf,2005,Parts-Only,19-01-2017,2,25.06607595,2,393.6575895,10525,,3.107188913,1.804930651,16
ATM_527,Airport,,2003,Full-Service,11-07-2003,2,,4,146.7081125,3969,126.3718118,1.849421399,3.316345322,12
ATM_528,Shopping Mall,Wincor Nixdorf,2014,Self-Service,10-05-2014,,53.67824774,4,400.2650347,1453,101.1460322,3.078460474,4.758755459,7
ATM_529,Shopping Mall,NCR,2014,Parts-Only,21-06-2005,1,48.33719792,4,637.3308825,15973,113.1872179,3.591112631,0.061308048,12
ATM_530,Airport,Wincor Nixdorf,2012,Full-Service,21-04-2008,3,81.18945876,2,,14639,78.90962289,3.0668163,0.520634445,23
,,Wincor Nixdorf,2003,Full-Service,27-12-2016,2,41.51981061,4,515.57252,9920,,2.597864791,0.304853161,22
ATM_532,,NCR,2014,Self-Service,03-12-2022,5,43.47121776,4,664.9804744,7299,118.4458411,0.70867855,0.739431304,22
ATM_533,Bank Branch,Diebold,2002,Self-Service,08-08-2017,2,32.57490133,5,,,92.94049729,3.793166201,1.662683376,14
ATM_534,Shopping Mall,,2023,Full-Service,,3,53.99730555,3,597.3501483,17075,94.40308706,4.146097536,4.18091683,20
ATM_535,Standalone,Diebold,2017,Parts-Only,,,49.17771023,4,638.4270285,15902,104.8397535,3.955297319,,11
ATM_536,Shopping Mall,Diebold,2001,Self-Service,13-06-2020,3,37.99475172,2,523.200845,9763,103.4653978,0.713787035,4.068367103,15
ATM_537,Standalone,Wincor Nixdorf,2016,,28-10-2019,2,75.52368459,4,721.7254544,7006,94.91832008,2.231216037,1.714502982,
ATM_538,Airport,Wincor Nixdorf,2023,Parts-Only,04-07-2005,1,36.79095871,,404.6765537,4440,,4.823249698,4.041521874,18
ATM_539,Bank Branch,NCR,2002,Self-Service,20-01-2013,2,90.41574287,5,531.8751863,19540,61.52811312,0.74568393,2.175470122,19
ATM_540,Bank Branch,Diebold,2014,Self-Service,07-09-2022,2,52.68154838,0,452.7070403,,132.9344594,0.669048743,3.971069838,
ATM_541,Shopping Mall,NCR,2013,Full-Service,26-10-2001,1,45.51718219,,708.2591306,11864,63.61444835,0.014091636,1.285364091,7
ATM_542,Shopping Mall,Wincor Nixdorf,2022,Full-Service,06-01-2018,1,46.56001826,1,224.4993805,14262,128.2557333,,,1
ATM_543,Bank Branch,Diebold,2012,Parts-Only,19-11-2006,1,51.11590237,4,492.1817929,7430,112.3045202,4.337781894,2.571540384,22
ATM_544,Airport,NCR,2004,Parts-Only,14-10-2015,0,70.00732872,6,520.9293042,10425,66.54798775,2.060500714,3.784367452,19
ATM_545,Airport,Diebold,2001,Parts-Only,21-01-2022,3,71.81280609,2,454.4802376,18878,78.14092219,3.713667985,,7
ATM_546,Airport,Wincor Nixdorf,,Full-Service,16-07-2020,,49.72524907,3,744.2030987,,97.93164536,2.974794527,2.948202921,
ATM_547,Shopping Mall,NCR,2006,,14-04-2017,2,,0,679.7674404,12001,99.10606932,0.766709195,3.114883753,2
ATM_548,Shopping Mall,Diebold,2014,Full-Service,12-05-2012,,41.28747271,2,198.6793946,8120,103.996761,3.272740765,1.499315576,19
ATM_549,Standalone,Diebold,2008,Parts-Only,02-05-2001,2,41.03842876,6,624.2854723,15264,140.13195,3.083029281,1.103964456,
ATM_550,Airport,Wincor Nixdorf,2008,,17-08-2016,2,40.55894673,3,,,127.1313482,4.384924134,2.553751503,5
ATM_551,Shopping Mall,NCR,2017,Parts-Only,08-01-2018,2,64.66840475,4,273.2974214,,150.748331,1.694891706,,14
ATM_552,Bank Branch,Diebold,2022,Self-Service,08-12-2022,1,,1,525.3453524,11414,129.4461451,1.96086988,2.69655339,1
ATM_553,Standalone,Wincor Nixdorf,,Parts-Only,18-09-2021,1,44.25503034,2,385.6353841,10916,122.8831104,,4.061821876,7
ATM_554,Bank Branch,NCR,2019,Parts-Only,10-11-2013,2,,,779.7156786,,75.42032662,4.582329687,4.08436056,20
ATM_555,Standalone,Wincor Nixdorf,2011,Self-Service,14-08-2009,3,55.85035287,3,273.4050298,18205,87.98867549,4.948913839,2.770471835,17
ATM_556,Bank Branch,Diebold,2004,Self-Service,03-01-2002,0,,6,447.7722038,11508,92.13453145,1.098491961,2.059964865,
ATM_557,,NCR,,Self-Service,,1,64.16767989,3,489.9111287,5384,88.65760546,,3.255088552,
ATM_558,Airport,Wincor Nixdorf,2019,Full-Service,28-07-2009,2,52.5198238,6,355.8838636,11442,,2.953175518,1.812970722,
ATM_559,Bank Branch,Diebold,2009,Self-Service,01-09-2013,3,25.80765568,,,9793,,2.724245596,4.310979165,12
ATM_560,Standalone,NCR,2011,Self-Service,12-08-2017,0,45.10155982,3,330.833442,4776,97.88056804,4.094614207,0.382768972,21
ATM_561,Bank Branch,Wincor Nixdorf,2007,Parts-Only,03-10-2013,1,45.93419856,,480.8074038,7126,110.8420308,4.678229349,4.63494322,0
ATM_562,Airport,Diebold,2020,Full-Service,26-07-2005,1,76.61261117,4,555.0016234,7280,106.552292,3.292845011,,5
ATM_563,Shopping Mall,Diebold,2010,Self-Service,03-02-2010,1,84.08390318,2,817.6418007,8867,80.80754153,2.582905444,3.953634607,15
ATM_564,Standalone,Wincor Nixdorf,2007,Parts-Only,20-05-2024,2,88.91273604,3,654.1483745,2655,107.6400704,4.425501218,4.551746706,17
ATM_565,Airport,Wincor Nixdorf,2014,Parts-Only,19-12-2015,2,25.69072459,1,696.390198,14050,79.11859218,1.332442719,2.449523328,0
ATM_566,Airport,NCR,2022,Full-Service,26-12-2021,0,38.91003939,0,632.5396197,19024,143.2935969,1.968544607,3.464919966,13
ATM_567,Shopping Mall,NCR,2016,Full-Service,06-10-2013,3,57.55148673,0,,15934,102.1139357,1.729951587,4.739566081,16
,Airport,Diebold,2018,Self-Service,,4,46.94397905,0,,9219,99.45695972,1.780858719,4.371214135,23
ATM_569,,Diebold,2023,Full-Service,03-10-2016,1,25.21588969,,698.829547,17012,54.77627322,,0.100370813,8
ATM_570,,NCR,2019,Self-Service,26-09-2015,2,41.98778315,4,,4505,92.8556534,,3.229313065,2
ATM_571,Airport,Diebold,,Self-Service,04-01-2008,4,56.00652041,,279.0586488,11094,,4.786321499,4.400252168,6
ATM_572,Shopping Mall,NCR,2008,Full-Service,29-10-2014,1,57.36626172,3,718.4304627,15122,79.02838634,2.36006069,0.445256511,8
ATM_573,Shopping Mall,Wincor Nixdorf,2018,Parts-Only,25-06-2013,5,32.22604935,1,522.5645201,4742,151.3289876,1.484374215,,15
ATM_574,Shopping Mall,Diebold,,Parts-Only,25-03-2005,4,69.91514105,2,582.0277349,6387,,0.534771345,0.981509713,10
ATM_575,Airport,Wincor Nixdorf,2016,,26-09-2016,4,38.15679472,2,396.4088921,18673,108.8614369,,1.73690239,13
ATM_576,Bank Branch,Wincor Nixdorf,2000,Full-Service,,1,53.59495667,2,843.9525952,6765,128.7129152,4.883146803,0.71091768,9
ATM_577,Airport,Wincor Nixdorf,2008,Self-Service,19-02-2013,3,36.41161301,1,470.1278616,6129,103.4238371,3.931335392,3.324811133,21
ATM_578,Bank Branch,NCR,2008,Parts-Only,,2,77.35941696,4,239.9825613,14212,74.43891332,4.566885144,0.32782985,22
ATM_579,Shopping Mall,Diebold,2019,Self-Service,15-03-2016,3,58.49574098,0,384.0204321,,122.6155148,4.188505517,3.130424563,6
ATM_580,Standalone,NCR,2016,Parts-Only,07-03-2003,2,38.83131772,,539.8946959,5454,92.01397351,4.163092555,3.215195936,3
,Standalone,Wincor Nixdorf,,Parts-Only,29-08-2010,3,,3,485.8292279,13610,80.8470574,4.273736966,0.941828139,4
,Airport,Wincor Nixdorf,2007,Self-Service,20-12-2014,3,79.74224305,,387.8302473,12823,93.05209035,4.746064731,3.671653316,3
ATM_583,Bank Branch,,2000,Full-Service,28-01-2004,2,32.5857603,3,547.2404362,,113.6611008,4.213753505,3.640698568,
ATM_584,Airport,,2007,Self-Service,05-12-2014,3,44.00563308,4,645.7188748,18391,100.1240517,0.529534078,,19
ATM_585,Airport,,2010,,08-08-2006,2,18.96027336,,364.8954398,14694,93.57131004,1.96506699,1.720260452,5
ATM_586,Standalone,NCR,2020,Full-Service,09-03-2023,2,50.71887837,3,462.5211118,4478,79.23250771,1.665858755,2.07351569,11
ATM_587,Airport,,2006,Full-Service,23-11-2023,2,61.48466793,1,461.1008986,8433,80.16753062,3.06951053,3.7690499,13
ATM_588,Bank Branch,Diebold,2012,Self-Service,21-06-2006,1,38.41066315,3,461.380895,15914,111.1961366,3.321114284,4.930877944,1
ATM_589,Airport,NCR,2009,Self-Service,03-06-2005,4,47.95041708,4,245.7165726,14487,130.41676,3.976078129,2.263191038,
ATM_590,Airport,Diebold,2005,Self-Service,19-07-2022,1,38.86016701,,453.2515275,15799,79.22026329,2.646491475,1.725308754,20
ATM_591,Shopping Mall,NCR,2006,Self-Service,24-01-2002,1,,1,707.5805718,,80.31679626,3.22540982,0.918591355,21
ATM_592,Airport,Diebold,2002,,30-06-2004,,,2,499.1274764,18245,79.65126689,1.505986044,0.536833646,9
ATM_593,Airport,NCR,2005,Self-Service,28-02-2008,2,,2,631.5367142,17494,108.1865353,0.929478376,0.777714715,19
ATM_594,Shopping Mall,Diebold,2019,Full-Service,03-02-2023,1,59.55409306,,,5585,103.5814749,4.215308002,4.814698327,16
ATM_595,Standalone,,2003,,07-12-2021,1,64.43981477,0,620.9309059,11876,103.1252568,3.754755675,0.503120708,15
,Shopping Mall,Wincor Nixdorf,2023,Parts-Only,21-10-2019,2,34.31825371,2,420.6406476,3536,76.50413719,0.361338654,1.112880452,
ATM_597,Airport,Wincor Nixdorf,2022,Full-Service,,5,25.56033243,0,521.7463579,11968,99.01771664,3.646876279,3.28968031,4
ATM_598,Bank Branch,Wincor Nixdorf,2005,Parts-Only,,1,,2,782.889405,11200,103.645031,3.680754277,4.128247415,15
ATM_599,Bank Branch,Diebold,2009,Self-Service,02-08-2018,2,58.8034212,4,453.2120149,4341,117.0585271,0.361284255,3.878258487,10
ATM_600,Airport,Diebold,2015,Self-Service,19-11-2009,2,,,550.7601232,12439,105.442966,1.76502307,3.347345376,15
ATM_601,Standalone,,2000,Full-Service,26-06-2005,2,52.71775482,1,471.8589386,15804,136.110264,,,23
ATM_602,Bank Branch,Diebold,2022,Self-Service,11-02-2000,2,20.30064318,0,362.1655259,13957,122.2638558,1.975111953,2.796530795,20
,Bank Branch,NCR,2020,Parts-Only,17-10-2018,1,45.49012686,6,594.188536,11828,65.05921924,3.78270953,3.908542237,5
ATM_604,Bank Branch,NCR,2005,Self-Service,24-01-2018,0,54.37749869,1,320.379525,,113.1086544,3.389623609,0.1819801,23
ATM_605,Standalone,Diebold,2000,Full-Service,08-02-2024,0,55.19895767,7,561.2650734,9459,113.777745,,0.990445053,7
,Shopping Mall,NCR,,Self-Service,06-07-2015,1,,2,411.6336505,8778,95.4227512,0.424551352,0.474803364,7
ATM_607,Standalone,,2020,Self-Service,29-05-2011,,43.71985032,2,,11338,79.12401879,4.494865636,2.212711733,17
,Standalone,Wincor Nixdorf,2002,Parts-Only,17-04-2013,1,53.07117365,3,468.1509573,3989,99.10926282,,1.935241864,14
ATM_609,Bank Branch,Diebold,2013,Self-Service,,,36.36499402,2,541.3662679,,111.2881399,0.165029142,1.873327225,0
ATM_610,,Wincor Nixdorf,2015,Full-Service,11-12-2000,1,41.7775932,4,557.2113337,2540,112.0141992,1.087799406,2.827009781,20
ATM_611,Airport,,2008,Self-Service,08-07-2021,1,,3,448.733851,,,1.157966941,0.472725121,19
ATM_612,Shopping Mall,,2005,Full-Service,20-05-2008,2,31.62963806,3,483.9588617,4859,61.70705086,0.276974187,0.35926757,13
,Bank Branch,,2014,Self-Service,10-02-2014,3,32.14983135,0,439.3973695,,85.54004152,3.483413287,,
ATM_614,Airport,Wincor Nixdorf,2018,Parts-Only,11-03-2019,3,41.18062737,0,540.7846113,7711,119.4773663,,1.171950622,0
ATM_615,Airport,NCR,,Parts-Only,30-07-2014,3,55.8689358,2,546.6091694,13902,115.6098531,0.252836994,0.955030002,15
ATM_616,Shopping Mall,Diebold,2023,Self-Service,21-09-2010,3,59.39184562,3,653.3820334,12755,89.49666741,,4.126063966,22
ATM_617,Shopping Mall,NCR,2006,Parts-Only,27-05-2017,2,61.14262694,3,547.181968,,122.4259605,4.792936844,1.732857736,23
ATM_618,Shopping Mall,Diebold,2020,Self-Service,01-05-2014,,,2,660.1333423,8973,96.85790167,0.906890555,3.107625424,12
ATM_619,Shopping Mall,NCR,2011,Full-Service,,0,62.41962948,3,,11388,125.5266236,1.989345511,4.66965031,7
ATM_620,Standalone,Wincor Nixdorf,2003,Full-Service,22-01-2013,5,39.0841683,,719.5096341,,97.28319496,0.195502364,4.548619332,22
,Shopping Mall,,2002,Parts-Only,15-10-2007,2,37.58493594,0,444.4276112,12828,104.3486869,4.48954679,,6
ATM_622,,NCR,2022,Full-Service,15-05-2023,1,43.82338485,3,550.9599312,19960,76.07590435,4.548369053,0.146203217,11
,Airport,NCR,2018,Self-Service,11-11-2003,4,64.21635746,3,659.1158541,18916,121.4456737,1.745784506,4.039901603,21
ATM_624,Standalone,NCR,2000,Self-Service,02-03-2020,1,46.43260734,2,550.1064246,5753,,1.177920108,3.459063619,1
ATM_625,Airport,Diebold,2003,Self-Service,03-11-2014,0,62.90241013,3,569.7845625,4765,73.42683377,0.913396424,2.727194703,14
ATM_626,Bank Branch,NCR,2018,Full-Service,19-11-2011,0,31.77282844,6,492.0003076,2516,101.2829163,1.767108542,,2
ATM_627,Bank Branch,Wincor Nixdorf,2006,Full-Service,15-12-2017,6,80.90751185,4,544.7292419,3328,136.3739547,4.944440393,0.548657061,
ATM_628,Standalone,NCR,2002,Full-Service,,3,47.45284816,2,557.4932071,12772,118.550703,1.196535973,4.15745082,8
ATM_629,Standalone,Diebold,2016,Self-Service,12-07-2002,2,52.15028805,2,530.466922,11648,121.6888672,0.476661283,0.359374893,8
ATM_630,Bank Branch,Wincor Nixdorf,,Parts-Only,03-12-2018,2,66.44038905,2,485.1017123,16787,116.525834,0.134033598,0.169829006,17
ATM_631,,NCR,2009,Full-Service,11-07-2013,3,34.3941416,2,479.4664173,2510,109.908918,0.072750877,3.88169171,2
ATM_632,,,2015,Self-Service,,1,58.20761034,6,512.8765981,6915,104.3648394,1.801951963,0.642356386,8
ATM_633,,Diebold,,,14-05-2005,1,,1,480.5238662,4017,86.43984378,1.756229154,4.911114462,1
ATM_634,Bank Branch,NCR,2006,Parts-Only,26-02-2006,2,33.43217935,,389.5480847,5308,81.24626239,,2.576692562,18
ATM_635,Standalone,,2016,Self-Service,07-05-2018,3,53.69795658,0,,10175,119.9652368,2.911340796,3.441222287,6
,Shopping Mall,Wincor Nixdorf,2008,Parts-Only,,1,62.23635826,1,277.9629319,17768,73.16720806,4.492020182,1.529081184,
ATM_637,Shopping Mall,Diebold,,,13-12-2005,3,51.3742815,2,504.8681473,3799,72.91626738,4.142478976,3.498799408,22
ATM_638,Standalone,,2019,Parts-Only,15-02-2016,0,68.40794275,2,424.2601619,17847,,3.420627074,4.044359431,
ATM_639,Bank Branch,Diebold,2007,Parts-Only,04-07-2022,2,53.72153971,5,482.2272216,1613,124.1766153,3.162274707,2.953037432,14
ATM_640,Bank Branch,NCR,2012,Parts-Only,27-12-2010,0,42.44208394,4,577.5990021,7737,107.0489065,2.290048167,3.062754418,18
ATM_641,Airport,NCR,2019,Parts-Only,,1,50.4770495,4,409.7574316,,143.2665811,0.619111011,1.486803095,3
ATM_642,,Diebold,2000,Self-Service,,4,28.75833872,1,617.6307497,3737,,1.033981381,0.286153935,12
ATM_643,Airport,,2022,Self-Service,02-02-2009,0,762.3619164,3,227.9173473,9302,74.89203214,3.313514583,1.064549736,3
ATM_644,Shopping Mall,NCR,2014,Self-Service,04-07-2003,3,34.1875444,4,416.5691253,15438,106.5847181,0.599068766,,20
,,NCR,2007,Self-Service,25-08-2013,5,60.35529204,4,672.9491369,19946,127.4557501,1.373853054,2.260194623,3
ATM_646,Shopping Mall,NCR,2002,Parts-Only,12-03-2009,5,27.25466144,1,626.8217812,10172,149.4548938,0.306768457,,19
ATM_647,Airport,Diebold,2009,Parts-Only,21-03-2001,4,40.82977233,4,385.014816,12606,79.92483796,4.492908558,4.540404044,8
ATM_648,Shopping Mall,Diebold,2022,,29-04-2014,1,77.32666817,1,,19344,102.5981949,0.592757051,3.675858706,21
ATM_649,Bank Branch,NCR,2003,Self-Service,,5,36.92709437,4,611.4291956,17396,95.23584491,2.77769532,0.353745907,17
ATM_650,Bank Branch,Diebold,2003,Self-Service,,2,61.2784933,2,462.8067862,12794,68.52831847,0.180835172,2.037020721,
ATM_651,Bank Branch,Wincor Nixdorf,2012,Full-Service,19-02-2001,3,53.37597733,3,351.3932197,1559,79.06906707,0.497112633,1.426090046,15
,Bank Branch,Diebold,2003,Full-Service,18-01-2019,1,18.04716191,,,5571,140.3799295,0.090371785,3.620500519,9
ATM_653,Bank Branch,Diebold,2016,Parts-Only,,1,54.0433983,1,437.1819635,,107.9432569,2.997974821,2.596803493,23
,Bank Branch,NCR,2017,Self-Service,05-08-2013,,52.62817439,4,389.6760367,8835,75.79336273,4.853089227,4.987093425,3
ATM_655,Shopping Mall,NCR,2007,Parts-Only,15-02-2019,1,15.46846398,2,509.6351038,17914,123.4157598,1.841126823,,8
ATM_656,Standalone,,2003,Self-Service,19-10-2009,2,36.89562227,4,397.9096358,13088,74.25031708,2.858927084,3.073402707,
ATM_657,Bank Branch,Wincor Nixdorf,,Self-Service,,1,71.24823841,1,481.9124097,4524,101.8858868,0.458980085,0.451907423,15
ATM_658,Airport,NCR,2019,Self-Service,15-11-2003,,69.07940876,4,279.5613579,2456,133.5390476,3.729224907,3.846259608,8
ATM_659,Airport,Diebold,2019,Full-Service,21-11-2019,2,47.91512657,,,4565,79.96768794,1.061860538,,19
ATM_660,Bank Branch,Wincor Nixdorf,2004,,06-11-2020,1,,1,545.37088,12148,78.0836297,,1.102437502,0
ATM_661,Standalone,NCR,2001,Full-Service,02-09-2013,1,67.21732334,4,486.3973822,5810,83.90470437,3.299412501,1.005917524,10
ATM_662,Airport,Wincor Nixdorf,2020,Self-Service,10-03-2009,3,69.98465602,5,673.9016138,17339,110.5692863,3.688819454,0.404799123,16
ATM_663,,NCR,2007,Full-Service,11-07-2015,4,26.33564502,4,485.1585495,12493,89.35562903,3.052000859,3.165894268,8
ATM_664,Shopping Mall,Diebold,2002,Self-Service,13-02-2019,2,61.73372401,2,303.3152079,3226,74.36149242,,0.602245379,17
ATM_665,Shopping Mall,NCR,2022,Self-Service,17-10-2023,0,52.70566381,4,158.8817753,15847,64.6083575,4.645489571,2.211064777,18
ATM_666,Standalone,,2016,Parts-Only,19-05-2023,0,44.45966674,0,616.1709088,4264,110.2091291,,2.791358263,
ATM_667,Airport,NCR,2012,Self-Service,24-01-2022,2,52.29437766,4,657.087201,,131.1138431,0.793819078,2.053309823,22
ATM_668,Bank Branch,Diebold,2011,Parts-Only,22-09-2018,6,29.57436949,5,461.6236851,,116.1977043,1.921662587,1.721361989,12
ATM_669,Airport,Wincor Nixdorf,2019,Parts-Only,06-02-2021,0,58.02470896,2,617.2086524,2073,85.56889468,4.999761942,3.941512101,16
ATM_670,,NCR,,Full-Service,07-06-2001,6,47.12123466,4,,15952,62.15871574,3.563023113,1.616274151,
ATM_671,Airport,,2020,Parts-Only,25-01-2010,1,42.85385308,1,429.3713962,5801,128.7895414,3.619942462,0.799963735,15
ATM_672,Bank Branch,,2018,Full-Service,,2,,,433.2836821,16073,92.04338551,4.384903761,4.331978531,15
ATM_673,,,2003,Full-Service,30-12-2006,3,49.59410293,4,371.6805533,10609,71.52041831,2.517055204,2.95347204,20
ATM_674,,NCR,,Parts-Only,,1,35.68636921,3,241.497391,8070,116.5014151,4.451560985,1.888351252,14
ATM_675,Bank Branch,NCR,2015,,14-01-2010,1,31.46039051,8,350.7178155,10542,82.85593535,3.045882449,4.904910118,15
ATM_676,Airport,Wincor Nixdorf,2009,Full-Service,23-02-2004,1,,6,443.3429132,,71.18066823,4.081258773,3.062990975,4
ATM_677,Shopping Mall,,2006,Self-Service,28-06-2016,,41.34978792,2,680.3272664,1048,90.5136226,1.60484206,3.536331307,3
ATM_678,Shopping Mall,NCR,2007,Full-Service,07-03-2024,0,4.465163884,,718.4095673,10082,97.10452458,3.119271057,3.643333487,12
ATM_679,Shopping Mall,Wincor Nixdorf,2014,Parts-Only,27-09-2012,1,36.69028944,1,564.4126977,3600,95.45548497,2.917112198,3.129118915,1
ATM_680,Airport,Wincor Nixdorf,2002,Parts-Only,,1,,2,697.5467431,10242,118.2270603,3.991126258,2.840622083,13
ATM_681,Bank Branch,Diebold,2021,Parts-Only,06-04-2008,,56.16634266,4,509.3569146,2515,110.9168319,2.290731409,,6
ATM_682,Airport,Diebold,2020,Parts-Only,31-12-2014,0,55.19512633,8,579.4602978,5371,71.31761641,,1.716147806,
ATM_683,,Diebold,2016,Self-Service,08-01-2023,,47.13797839,6,773.0245444,,117.4814996,4.798811557,1.644011254,17
ATM_684,Shopping Mall,Wincor Nixdorf,2015,,11-01-2011,2,54.33733649,1,375.9034787,3707,93.20000512,1.375453709,3.117241173,1
ATM_685,Bank Branch,NCR,2014,Parts-Only,05-09-2018,4,,4,325.5464874,4397,145.7498116,,3.088677679,21
ATM_686,Shopping Mall,Diebold,2001,Self-Service,03-06-2000,2,51.5703938,5,382.945106,12635,64.74683169,2.747205226,0.083974258,8
ATM_687,Bank Branch,Diebold,2004,Self-Service,24-05-2016,0,77.68794832,3,,10376,110.0326143,,2.278448997,8
ATM_688,Bank Branch,NCR,2004,Parts-Only,17-09-2013,,79.05478992,4,550.7378365,12049,87.03774752,2.705373309,,7
ATM_689,Shopping Mall,,2012,Parts-Only,27-06-2012,0,45.89319019,1,661.9426094,9042,,0.821815928,0.679621564,5
ATM_690,Airport,Wincor Nixdorf,2021,Self-Service,15-09-2003,,48.78375306,2,407.6170127,11254,114.5907468,1.84949867,1.212463943,20
ATM_691,Bank Branch,Diebold,2021,Parts-Only,16-02-2002,3,74.96240623,3,400.9718013,6679,107.5251063,1.208603592,4.377352731,20
ATM_692,Standalone,Wincor Nixdorf,2008,Full-Service,18-02-2009,0,71.72676882,1,,10505,36.91024634,0.979471673,0.06847734,10
ATM_693,Bank Branch,Wincor Nixdorf,2004,,13-12-2013,0,70.41360599,4,501.7859212,14965,126.1761768,4.814893342,,10
ATM_694,Bank Branch,Diebold,,Full-Service,05-06-2017,0,38.35467505,4,445.875182,16426,99.27423171,0.820091489,2.161994836,20
ATM_695,Standalone,Wincor Nixdorf,2006,Parts-Only,04-03-2011,3,42.82106256,2,582.5442483,9238,123.0367681,1.082305015,0.75971041,12
ATM_696,Shopping Mall,Diebold,,Self-Service,14-06-2006,2,49.00919206,1,513.5370619,12951,89.21668502,0.315491606,2.300305058,8
,Shopping Mall,Diebold,2022,Full-Service,14-05-2004,5,43.33885692,1,486.8542854,1652,75.30936879,1.520377142,3.566709858,1
ATM_698,Standalone,Diebold,2012,Parts-Only,29-06-2013,0,70.1719214,1,544.8699649,,121.1397515,0.455761387,1.701864095,17
ATM_699,Shopping Mall,Diebold,2011,Parts-Only,07-08-2003,,31.65621668,6,668.9419957,1493,78.94661687,0.793649078,,20
ATM_700,Shopping Mall,NCR,2007,Self-Service,20-08-2004,2,64.16134031,1,587.8884625,15435,87.54350438,2.455671083,0.06451603,
ATM_701,Bank Branch,Wincor Nixdorf,,Parts-Only,26-04-2010,4,65.12828966,2,778.288794,11254,66.53239687,4.633388604,,18
ATM_702,Airport,NCR,2013,Self-Service,29-07-2007,2,67.74962422,3,404.2980239,19496,113.3142806,1.792379606,,7
ATM_703,Airport,NCR,2003,Full-Service,01-04-2016,2,33.59592694,2,623.1929793,7836,95.64115328,0.071549462,1.025917925,19
ATM_704,Shopping Mall,NCR,,Parts-Only,01-05-2019,5,,2,384.3608115,10693,104.5845339,3.98081731,3.452512571,12
ATM_705,Standalone,Diebold,2002,,20-05-2010,1,25.84081192,4,297.2928122,8293,107.039148,0.902264965,3.168638052,
ATM_706,Bank Branch,Wincor Nixdorf,2017,,14-04-2024,,33.15244309,0,739.2934456,10285,,4.457171798,4.102522532,23
,Shopping Mall,Wincor Nixdorf,,,31-10-2013,1,,,605.0920075,2903,73.43799893,0.215850766,2.269719518,3
ATM_708,Bank Branch,NCR,2018,Full-Service,23-10-2014,1,54.16568922,5,515.8401497,17105,91.44037142,3.804576603,1.232859064,11
ATM_709,Shopping Mall,NCR,2006,Full-Service,12-09-2020,2,46.74473848,4,,5136,107.4311228,,1.853106772,
ATM_710,Standalone,Diebold,2001,Parts-Only,03-04-2023,5,45.41284941,1,301.7566676,1652,75.48401437,4.684062743,3.949441162,14
ATM_711,Shopping Mall,Wincor Nixdorf,2006,Full-Service,16-05-2010,2,52.51948911,2,481.8447082,4499,113.2200225,3.136531601,3.706967379,16
ATM_712,Bank Branch,Diebold,2010,Parts-Only,29-09-2019,,,3,258.4126219,,92.21486382,1.917775851,1.637394316,4
ATM_713,Standalone,Wincor Nixdorf,2019,,31-05-2018,6,53.15681847,4,557.7024387,17709,85.92680864,0.819680928,,3
ATM_714,Bank Branch,NCR,2017,Full-Service,20-05-2004,2,,3,613.7077459,5549,72.87982454,3.511792912,,1
ATM_715,Bank Branch,Diebold,2019,Full-Service,24-08-2018,1,,3,709.1570755,19797,131.99153,3.338514557,0.532393996,9
ATM_716,Standalone,,2006,Full-Service,05-03-2017,3,47.68921684,0,558.4799827,11409,97.35739286,0.87982747,1.38454998,21
ATM_717,Shopping Mall,,2004,Full-Service,04-04-2008,0,37.96584209,5,654.9954281,2351,,0.938600785,2.496749985,7
ATM_718,Shopping Mall,Wincor Nixdorf,2005,Full-Service,24-02-2001,1,43.72593961,7,334.2399108,,90.30884483,3.028642434,1.414342999,13
,Airport,Wincor Nixdorf,2006,,21-03-2003,,51.30849655,1,534.5080167,17603,57.34962915,0.814622711,1.666292527,8
ATM_720,Bank Branch,NCR,2004,Parts-Only,06-11-2023,2,47.41016173,6,287.0629915,15065,88.61339715,2.424107209,2.732443879,15
ATM_721,Standalone,NCR,,Full-Service,02-07-2015,3,37.91846611,2,626.9833452,18632,65.68109839,3.95159098,2.973036745,3
ATM_722,Standalone,Diebold,2021,Parts-Only,10-02-2014,,29.53177361,2,727.0632577,19512,,,1.329623679,13
ATM_723,Standalone,NCR,2005,Parts-Only,30-07-2001,1,36.34429866,2,501.203152,,119.3179272,1.942971187,1.655167841,18
ATM_724,Standalone,NCR,,Full-Service,03-07-2018,1,63.78589263,5,542.1632207,17796,113.5228225,2.571450267,3.285755346,18
ATM_725,Bank Branch,NCR,2010,Parts-Only,24-01-2018,5,45.76784794,4,,6458,79.18848922,,2.644050934,23
ATM_726,Airport,NCR,2019,,07-11-2004,1,64.35008904,4,599.3615235,12509,110.5732627,0.782473163,0.848617909,8
ATM_727,Shopping Mall,Wincor Nixdorf,2002,,17-03-2013,,,3,385.0547466,15420,65.70499486,2.635684004,4.453381312,15
ATM_728,Airport,NCR,2015,Full-Service,01-01-2012,1,25.23744664,,330.0194606,1991,89.26548851,0.018856922,4.150652101,14
ATM_729,Bank Branch,Diebold,,Full-Service,03-06-2002,4,12.70157917,2,629.7108028,9283,90.953689,,1.814126649,10
,Shopping Mall,Wincor Nixdorf,2003,Parts-Only,17-04-2000,2,57.47053158,3,461.164202,10075,88.61385202,2.632696624,0.049544199,10
ATM_731,,NCR,2018,Full-Service,04-10-2010,1,34.53132815,2,730.215185,17338,67.39468812,0.315128919,0.097035522,12
ATM_732,,Diebold,2020,Full-Service,07-07-2019,3,56.73965685,2,697.6306562,14490,83.38483296,3.787108414,,1
,Shopping Mall,NCR,2009,Self-Service,,2,46.19408693,3,465.5357811,,118.8279495,0.296648658,,
ATM_734,Standalone,NCR,2020,Full-Service,11-11-2005,,33.6021382,,444.3073632,18682,,2.542130833,0.342568526,3
ATM_735,Airport,Diebold,2023,Parts-Only,15-05-2000,3,70.50096929,4,368.9307844,15641,130.4384866,2.188234952,1.433431813,
ATM_736,Standalone,Diebold,2020,,02-11-2022,3,59.4113497,2,451.1980458,17042,104.2172896,4.954817096,2.894412418,3
ATM_737,Shopping Mall,NCR,2008,Parts-Only,,,34.42175902,4,,16580,120.9729676,4.969052342,4.755165889,7
ATM_738,Shopping Mall,Wincor Nixdorf,2012,Parts-Only,23-02-2024,,29.8402346,2,502.3954527,9829,80.41415179,2.35652531,2.001704361,4
ATM_739,Standalone,Wincor Nixdorf,2012,Self-Service,03-10-2005,3,62.08237306,5,451.3578581,19317,101.3023605,3.649353097,2.145242273,20
ATM_740,Standalone,,2005,Self-Service,09-12-2012,0,67.52187417,3,644.7759513,11059,101.7973475,1.903038662,3.562265182,19
ATM_741,Bank Branch,Wincor Nixdorf,,Parts-Only,06-03-2012,2,57.29450098,1,479.0730731,8603,105.522132,0.550981902,2.805256312,2
ATM_742,Shopping Mall,NCR,2021,Parts-Only,,3,60.32352784,3,492.6303731,14842,118.7870503,4.539996508,3.398691987,5
ATM_743,Shopping Mall,Diebold,,,21-07-2019,3,35.52178541,2,467.1832148,10162,93.10941377,2.505939015,4.367092242,9
ATM_744,Bank Branch,Diebold,,Parts-Only,30-03-2009,5,56.57576545,4,475.8985559,4761,107.8807682,4.077916201,0.087634095,9
ATM_745,Airport,NCR,2002,Self-Service,22-07-2023,1,19.98465528,2,579.9786025,18894,132.3377301,1.226219332,3.492661877,3
ATM_746,Airport,NCR,2019,Parts-Only,20-02-2013,4,52.55204074,6,592.5898029,7814,119.3634978,2.28803402,4.466442652,16
ATM_747,,Diebold,2014,Full-Service,,4,58.01324151,0,460.5215585,1303,62.03495426,3.442439746,2.753073082,14
ATM_748,Bank Branch,Diebold,2013,Parts-Only,08-10-2017,1,65.49042812,3,289.5368161,2294,120.5715058,,2.029855747,10
ATM_749,Standalone,NCR,2020,Self-Service,20-04-2000,2,48.34798468,4,747.5167176,10098,88.86503181,0.488052681,,2
ATM_750,,,2015,Self-Service,19-03-2016,4,47.43466818,3,617.7086777,8819,,4.003226072,3.657471251,7
ATM_751,Airport,NCR,2009,Parts-Only,18-10-2022,8,62.03379033,2,682.2753884,8337,111.4727807,3.205227169,1.488662043,11
ATM_752,Standalone,Wincor Nixdorf,2015,Full-Service,17-08-2009,2,64.52896244,2,438.3345348,19076,80.96133864,1.802022666,3.997311267,15
ATM_753,Shopping Mall,Diebold,,Parts-Only,22-06-2015,,48.95925981,3,545.4709676,7288,116.6024743,4.824181232,3.259462657,2
ATM_754,Standalone,Wincor Nixdorf,2011,,,3,42.59038799,4,632.864719,3077,115.7433498,1.410600326,0.768225537,20
ATM_755,Standalone,,2018,Parts-Only,16-10-2012,0,58.65473659,4,684.9534448,2392,92.90446168,0.412728843,1.479207962,10
ATM_756,Airport,Wincor Nixdorf,2023,Parts-Only,04-11-2003,2,40.11022117,2,697.0049609,2746,103.1583143,,2.606725619,1
,Standalone,Diebold,2014,Parts-Only,22-10-2019,,31.06214148,3,571.9955992,12243,57.40618111,0.965134357,4.748461622,5
ATM_758,Shopping Mall,Wincor Nixdorf,2000,Self-Service,17-05-2016,1,59.37140059,2,754.7335131,15730,74.85286948,4.602273975,4.997333953,12
ATM_759,Shopping Mall,NCR,,Full-Service,27-08-2021,2,34.89157165,,388.0728004,5924,88.98032534,3.475558973,2.846494516,16
ATM_760,Shopping Mall,NCR,2018,Self-Service,04-08-2004,5,,1,294.7305632,7625,131.5811643,2.132317907,,4
ATM_761,Shopping Mall,Wincor Nixdorf,2010,Parts-Only,,,,7,428.9940437,13526,106.5024519,,1.981420037,22
ATM_762,Standalone,Wincor Nixdorf,2015,Parts-Only,10-09-2014,1,34.5356708,0,665.3343782,1525,118.3557469,0.129261514,2.518796842,3
ATM_763,Standalone,Wincor Nixdorf,2006,Full-Service,25-02-2021,1,51.80129289,3,446.5589814,3434,96.77453301,1.548831804,,2
ATM_764,Standalone,Diebold,2018,Parts-Only,15-02-2001,4,46.88702812,2,,10154,94.10290419,2.13030169,2.876061374,6
ATM_765,Airport,Wincor Nixdorf,2008,Parts-Only,09-10-2021,1,30.79594961,1,450.3094538,3792,86.59817097,2.019304393,1.034623541,4
ATM_766,,Diebold,2017,,19-08-2012,3,49.82798359,2,474.0718567,,98.72740252,3.00247284,0.271255191,
ATM_767,,Wincor Nixdorf,2020,Self-Service,30-05-2015,1,38.70427376,6,810.9316052,16430,70.40628961,2.60364384,3.838369186,15
ATM_768,Airport,Diebold,2012,Full-Service,17-09-2010,1,53.26576109,5,459.258572,9068,122.8698986,1.961654681,4.212322927,1
ATM_769,,NCR,2009,Full-Service,29-09-2008,,59.2706795,2,143.3781755,17136,97.77004278,2.325796356,4.135416552,13
ATM_770,Standalone,Wincor Nixdorf,2002,Full-Service,,1,67.37618677,3,412.7630802,9525,48.52351463,2.059343007,3.003361637,20
ATM_771,Bank Branch,Wincor Nixdorf,,Parts-Only,06-06-2008,2,40.91563854,8,338.988847,13983,72.30318806,2.885788838,0.761753758,8
ATM_772,Standalone,Diebold,2007,,22-12-2009,2,23.29810839,6,609.7540151,3275,103.9817281,2.528474628,3.646284781,
ATM_773,Standalone,NCR,2014,Parts-Only,07-03-2003,1,68.13116879,2,541.0005619,14415,96.54998884,,,5
ATM_774,Shopping Mall,Diebold,2003,Self-Service,16-03-2018,0,50.00758229,1,,3247,110.58673,2.186205194,,18
ATM_775,Shopping Mall,Diebold,2013,Full-Service,04-01-2002,0,236.6424182,5,432.8856693,3937,102.8056963,4.724984122,,11
ATM_776,Airport,NCR,2022,Self-Service,,0,47.77344282,,5639.367624,3244,89.01314939,1.609270984,2.847274884,2
ATM_777,Bank Branch,NCR,2000,Parts-Only,12-03-2006,4,60.3450991,4,527.165343,13140,99.47688084,4.821513695,0.63147532,19
ATM_778,Shopping Mall,NCR,2003,Parts-Only,23-03-2024,,19.91289262,3,323.8848609,9607,,3.105710856,4.459977867,3
ATM_779,Airport,NCR,2011,Self-Service,30-10-2010,0,52.48750339,1,569.4709362,11873,61.54776196,3.551933271,2.864773243,22
ATM_780,Standalone,,,Self-Service,12-06-2021,3,44.47136873,3,627.2263122,1458,62.79647329,0.175862133,4.999271624,16
ATM_781,Bank Branch,Diebold,2009,,03-12-2021,2,53.39195008,4,236.8976262,5837,,4.563783438,3.576020829,
ATM_782,Shopping Mall,Diebold,2016,Full-Service,22-07-2008,0,59.13152784,4,629.4550692,9665,,0.323443956,1.422318522,2
ATM_783,Bank Branch,Wincor Nixdorf,2014,,27-08-2006,2,54.09033564,1,374.0791092,,104.0744385,2.901525087,4.532269505,13
ATM_784,Airport,Diebold,2004,Full-Service,30-07-2015,2,41.5529726,1,419.5786718,17872,117.1849639,3.062469222,1.219640254,8
ATM_785,Standalone,,2002,Full-Service,08-01-2013,2,63.5312325,,474.5969814,7637,115.9333818,0.364782738,1.0125928,2
ATM_786,Shopping Mall,Diebold,2011,Self-Service,14-11-2017,1,,0,537.1810748,16043,104.6828061,4.842608112,2.273456387,
ATM_787,Shopping Mall,Diebold,2018,Self-Service,21-10-2006,5,79.44490588,,518.3063601,4228,111.7392052,4.94661999,4.627912571,16
ATM_788,Bank Branch,Diebold,2005,Self-Service,14-01-2020,1,64.14154537,3,479.1000478,13703,,3.757358805,2.481604098,
ATM_789,Airport,Diebold,2015,Parts-Only,05-02-2024,1,60.26067588,1,,,98.10646962,4.417890513,2.682782308,16
ATM_790,Shopping Mall,,2007,Self-Service,15-05-2017,1,47.83356518,4,,19402,119.524686,2.681778172,4.308273139,5
ATM_791,Airport,NCR,2013,,04-03-2021,1,,4,668.5613757,9673,101.5329301,4.898428759,3.743668061,
ATM_792,Standalone,Diebold,2000,Full-Service,28-12-2009,2,58.65149501,1,474.1602381,4613,88.34716585,1.375561663,3.688714446,9
ATM_793,Bank Branch,NCR,2012,Self-Service,25-08-2005,1,46.28534642,5,375.7585539,14338,118.7876126,1.199901365,1.855791986,17
ATM_794,Airport,Diebold,2012,Full-Service,22-08-2023,2,,2,574.6370333,17834,82.69314911,3.362471551,1.825826417,21
ATM_795,,Diebold,2017,Full-Service,31-08-2006,,72.56629541,,766.0688151,,103.8582116,0.843920904,4.387477003,10
ATM_796,Shopping Mall,NCR,2001,Full-Service,01-02-2000,2,33.60757426,6,584.4645233,17171,76.96765596,2.150112011,,17
ATM_797,Airport,,2022,Full-Service,24-04-2018,3,52.9981534,1,527.0483236,2203,99.88778854,3.770391457,1.742427842,3
ATM_798,Airport,,2002,Full-Service,20-04-2011,1,21.45805088,,475.801098,7865,69.22581039,,4.590100882,21
ATM_799,Shopping Mall,,2017,Self-Service,26-02-2010,2,40.47356372,4,728.3645668,,90.50568837,,1.76360829,15
ATM_800,Airport,Wincor Nixdorf,2015,Parts-Only,27-08-2007,2,72.879782,9,605.7370241,,82.21531226,3.340243841,2.132326629,4
ATM_801,Standalone,Diebold,2017,Full-Service,02-01-2000,2,,2,715.8687913,2325,132.272191,2.799586177,3.601763755,3
ATM_802,,Diebold,2012,Full-Service,16-08-2003,3,65.07337791,2,446.0578959,12646,96.67201622,1.616417907,3.146515693,
ATM_803,Standalone,Diebold,2003,Self-Service,22-07-2004,4,59.90234161,4,285.6750038,3351,84.52432044,0.19172541,2.639764215,2
ATM_804,Shopping Mall,Diebold,2003,Full-Service,,0,23.10962827,4,641.5040893,1144,75.56096523,3.145642443,3.440484383,2
ATM_805,Standalone,Diebold,2012,Full-Service,16-07-2002,1,67.34431406,2,610.9541567,4725,113.029364,1.217710462,1.989890773,4
ATM_806,Bank Branch,NCR,2014,Parts-Only,22-12-2011,1,42.98558328,1,583.2983532,11247,69.82093505,3.504265977,1.45267163,
ATM_807,Shopping Mall,Diebold,,Self-Service,,0,55.57793164,3,260.6192332,9871,91.53818606,2.834773746,4.639026929,12
ATM_808,Airport,Wincor Nixdorf,2009,Full-Service,13-05-2012,0,55.37528266,6,474.9209579,18195,94.78634214,4.354210324,2.719994858,19
ATM_809,Airport,,2022,Self-Service,27-06-2023,1,13.16033898,5,573.2501924,6528,97.22937712,3.451022262,1.725404923,16
,Standalone,Wincor Nixdorf,,Self-Service,10-02-2020,1,57.34923549,9,,16145,109.1778995,4.778589583,3.015737001,2
ATM_811,Standalone,Diebold,2022,Self-Service,12-11-2006,4,58.65962141,5,,9475,92.56470832,,,15
ATM_812,Standalone,Wincor Nixdorf,2017,Parts-Only,11-09-2013,,,2,229.0927541,,99.61217805,3.983656678,1.915404448,19
ATM_813,Shopping Mall,Diebold,2010,Parts-Only,22-08-2022,1,83.88979449,3,511.9496171,4671,111.0661842,0.009294755,3.079109157,9
ATM_814,Shopping Mall,Diebold,2012,Parts-Only,21-12-2020,4,60.80383393,1,,1963,129.4742824,1.067165157,4.703821797,15
ATM_815,Bank Branch,NCR,2011,Full-Service,19-11-2010,0,37.51462149,3,435.3862462,17105,77.72419527,3.95920205,0.478742018,12
ATM_816,Bank Branch,Wincor Nixdorf,2019,Full-Service,17-09-2014,2,47.89183202,2,678.8735423,8168,103.2320571,4.47072716,1.440239322,2
ATM_817,,Diebold,2013,Full-Service,,0,,3,435.9457903,1362,84.56078709,0.566239465,3.08014423,
ATM_818,Standalone,Wincor Nixdorf,2003,Parts-Only,27-09-2000,1,44.32879143,6,693.4278864,15629,95.04532719,1.879368153,4.684212568,21
ATM_819,Bank Branch,Wincor Nixdorf,,Parts-Only,17-12-2013,3,48.43282435,4,693.6386729,14140,166.4130364,4.041994864,3.847507894,2
ATM_820,Standalone,Diebold,2017,Parts-Only,11-02-2005,5,66.95711404,2,647.2651241,18654,70.89758828,4.925138659,3.098364662,22
ATM_821,Airport,Diebold,2021,Self-Service,,4,41.9593157,,343.1595203,16012,112.6544708,0.683890371,2.922884154,22
ATM_822,Shopping Mall,Diebold,2016,Parts-Only,05-12-2006,3,79.82296275,0,,17731,96.98716839,4.421454784,4.812069404,
ATM_823,,Wincor Nixdorf,,Full-Service,23-05-2017,2,59.33144713,4,611.8056605,16916,66.19011143,1.852897811,0.047240167,7
ATM_824,,NCR,2011,Parts-Only,14-05-2014,3,32.70914039,3,516.2364007,14789,106.9482026,1.749937447,2.728661429,16
ATM_825,,NCR,2015,Self-Service,28-08-2009,5,40.44776175,3,386.1963464,7924,110.5721842,3.291015271,4.693693982,7
,Shopping Mall,Wincor Nixdorf,2017,Full-Service,11-01-2006,2,40.68266674,2,496.738704,5946,,3.243020396,2.845113944,7
ATM_827,Airport,Wincor Nixdorf,2001,Full-Service,13-10-2013,4,34.6523687,2,577.3763177,5120,116.0224644,4.407669447,3.618567496,0
ATM_828,Standalone,Diebold,2016,Self-Service,,8,38.182314,1,396.5027688,1586,68.32685476,4.703518465,0.219857833,11
,Bank Branch,NCR,,Self-Service,08-05-2001,1,34.45857063,1,298.3426071,,104.1126089,2.379502825,0.709600509,14
ATM_830,Bank Branch,Wincor Nixdorf,2023,Full-Service,22-11-2022,0,45.58737791,5,411.2705853,,109.5701256,3.669769203,4.711652784,14
,Standalone,Diebold,2020,Parts-Only,18-07-2016,1,75.88334558,2,468.3626663,7478,105.6315555,2.916201315,2.191339272,
ATM_832,Bank Branch,Diebold,,Parts-Only,,4,49.9849401,,364.1653161,15884,,1.578945842,3.205133725,15
ATM_833,Standalone,Wincor Nixdorf,2023,Self-Service,29-07-2021,3,57.66920362,0,260.4540581,16789,98.16003789,1.78786463,1.340517589,23
ATM_834,Bank Branch,NCR,2013,Self-Service,01-04-2004,2,33.9087279,5,594.3271888,11203,82.41645335,2.997764994,0.501006687,15
ATM_835,,Wincor Nixdorf,2021,Self-Service,09-12-2005,2,64.23433882,3,319.6588772,19903,,2.899123009,0.397993483,2
ATM_836,Standalone,,2015,Parts-Only,22-10-2011,1,42.92094774,5,,11801,95.04252602,,3.860049568,1
,,Wincor Nixdorf,2010,Self-Service,,0,57.23131796,2,452.1956538,16010,86.40678241,3.67733648,4.655094036,19
ATM_838,Airport,Wincor Nixdorf,2023,Full-Service,01-07-2008,2,,5,441.0499426,12190,99.55244559,0.383141458,4.718910127,9
ATM_839,Standalone,NCR,2006,Self-Service,26-12-2011,0,36.5464106,4,493.1474737,12249,90.07604939,1.830538211,2.996528618,15
ATM_840,Shopping Mall,Wincor Nixdorf,2012,Full-Service,14-10-2005,2,,,394.4538175,8253,99.01960375,3.783398711,3.845076227,14
ATM_841,Bank Branch,Wincor Nixdorf,2016,Full-Service,08-12-2004,1,35.084952,3,370.0921931,18535,75.86379859,3.660505358,2.368834991,
ATM_842,Bank Branch,Diebold,2000,Self-Service,01-08-2003,0,72.70469301,5,638.8642175,13341,108.5364804,3.063062634,4.165024511,21
ATM_843,Airport,Wincor Nixdorf,2004,Full-Service,04-06-2024,2,29.56391946,2,585.4828223,1368,113.9474534,2.896925673,2.072332382,16
ATM_844,Standalone,Diebold,2000,Parts-Only,11-07-2012,3,38.15221533,6,303.9869327,11165,,,4.01649953,5
ATM_845,Bank Branch,Wincor Nixdorf,2002,Self-Service,02-02-2006,,,3,538.6926558,8418,117.534428,1.963921777,0.997439593,22
ATM_846,Standalone,Wincor Nixdorf,2008,,14-06-2001,,,3,518.4848541,,81.37205476,0.123431005,2.079553049,0
ATM_847,Standalone,Wincor Nixdorf,2009,Full-Service,10-02-2016,1,33.24456018,3,639.6790079,8790,114.7001152,3.390017673,3.783853536,2
,Standalone,Diebold,2011,Parts-Only,15-08-2000,0,50.9096849,2,357.9371058,7564,86.16019031,2.623287889,1.984977854,14
,Shopping Mall,Wincor Nixdorf,2018,Self-Service,31-08-2017,0,,1,769.0749684,19738,,2.545884091,,3
ATM_850,Bank Branch,Wincor Nixdorf,2003,Self-Service,,3,,4,591.4104882,6893,83.80296518,2.311627364,2.550623248,15
ATM_851,Shopping Mall,Wincor Nixdorf,2019,Self-Service,23-06-2015,2,59.45620958,6,494.302777,5468,114.8258086,1.785549424,,0
ATM_852,Shopping Mall,NCR,2007,Parts-Only,15-01-2006,,65.23686773,,591.6290522,6034,,,3.920417636,2
ATM_853,Standalone,NCR,2007,Self-Service,22-12-2018,1,35.33584009,3,462.0963641,11214,,4.379209058,4.503076613,10
ATM_854,,NCR,2002,Parts-Only,10-12-2015,2,51.83701193,4,589.6962697,16563,82.08889988,4.350029561,4.082807205,5
ATM_855,Shopping Mall,NCR,2012,Self-Service,04-12-2003,3,49.73330007,3,468.5929131,4457,70.62239812,4.458457521,1.69524029,
ATM_856,Standalone,Diebold,2019,Full-Service,09-09-2006,2,43.38751292,,,11752,,,0.246649672,0
ATM_857,Shopping Mall,NCR,2020,Parts-Only,18-08-2002,3,50.07224305,,686.3947179,12805,80.62746298,,3.089482832,2
ATM_858,Bank Branch,Wincor Nixdorf,2017,Full-Service,01-06-2016,1,53.43402827,,526.7420747,11787,,4.472217822,1.813217708,20
ATM_859,Shopping Mall,Diebold,2004,Self-Service,,,43.82064093,6,426.1793945,14980,90.98731236,3.713740548,3.611730568,20
ATM_860,Airport,Wincor Nixdorf,2000,Parts-Only,12-10-2023,0,43.34882428,2,657.6502303,10958,122.3671981,1.276728014,,8
ATM_861,Standalone,Diebold,2012,,23-07-2021,2,78.68356161,,228.710887,4488,139.8527294,4.988916338,4.034558947,17
,Shopping Mall,NCR,2019,Full-Service,11-07-2014,4,71.99449731,1,656.0695681,8027,88.81746187,0.233417103,1.656463289,19
,,Wincor Nixdorf,2023,Self-Service,04-05-2012,3,51.17480402,3,670.9335446,3767,113.4062469,0.019030767,0.844479789,12
ATM_864,Airport,NCR,2002,Parts-Only,23-06-2010,1,70.88563566,4,680.4559327,3398,84.13200984,0.595781019,2.039557541,6
ATM_865,Standalone,Diebold,2021,Parts-Only,23-08-2013,1,56.893378,5,782.6654626,9234,109.8094919,1.371769694,0.341952102,17
ATM_866,Airport,Diebold,2000,Self-Service,25-07-2012,3,50.16503461,4,,18784,81.36605444,,3.08086615,16
ATM_867,Bank Branch,Diebold,,Parts-Only,11-09-2023,3,33.6849796,2,,18553,,,3.401091928,12
ATM_868,Shopping Mall,Diebold,2012,Parts-Only,29-08-2000,1,49.90438632,1,651.0713784,1735,75.41536494,0.622622329,3.894168313,16
ATM_869,Airport,NCR,,Parts-Only,,0,48.50620402,,805.0742635,12323,107.1860701,4.364272702,,13
ATM_870,,Diebold,2012,Parts-Only,,0,34.93793465,3,708.7806632,17732,102.1145233,4.806448085,2.668734991,
ATM_871,Shopping Mall,Diebold,2018,Full-Service,29-12-2017,,,4,366.3034495,13736,74.89874406,4.191940718,2.749099672,4
ATM_872,Standalone,Wincor Nixdorf,2019,Self-Service,02-09-2009,5,,1,596.8001084,14688,106.7477398,3.522117148,0.34557677,15
ATM_873,Airport,NCR,2022,Full-Service,28-08-2017,3,54.49607277,4,379.5732954,15261,140.0686831,0.078357835,,22
,Airport,Diebold,2023,Self-Service,15-03-2020,1,64.02754401,2,409.8103059,11461,110.4145101,3.945148691,0.460481673,22
ATM_875,Bank Branch,NCR,2001,Full-Service,,1,39.76153125,1,,9898,70.00759955,1.477891215,3.740101608,4
ATM_876,,NCR,2009,Full-Service,02-03-2017,2,47.73484695,2,391.9662008,14666,118.0124694,4.32621605,4.703857512,5
ATM_877,Shopping Mall,Wincor Nixdorf,2010,Parts-Only,01-03-2009,,59.44665606,1,796.5926515,7034,134.1863691,1.518501997,4.570913828,3
ATM_878,Standalone,Diebold,,Full-Service,04-01-2007,3,35.06231647,,559.1731195,2935,78.70701756,0.650496839,2.179978292,15
ATM_879,Bank Branch,Diebold,,Full-Service,29-09-2019,1,45.75623507,2,819.910686,3158,,3.631877624,,20
ATM_880,Bank Branch,Wincor Nixdorf,2017,Self-Service,03-11-2010,1,50.71620677,5,479.2756463,16276,102.3619519,1.399663222,2.173229325,22
ATM_881,Standalone,Diebold,2002,Parts-Only,02-09-2003,3,34.85301505,4,533.0641359,6954,,2.13764668,4.937993076,19
ATM_882,Bank Branch,NCR,2006,Self-Service,,2,54.04327049,4,402.0837682,2270,98.35615896,4.103368847,4.090353766,8
ATM_883,Airport,Diebold,2023,Parts-Only,03-11-2013,4,49.33242805,6,,12070,,,,3
ATM_884,Standalone,Diebold,2007,Parts-Only,19-01-2014,2,,5,465.3252799,15769,126.1017139,2.889945015,2.82893815,21
,Standalone,NCR,2013,Self-Service,09-03-2017,4,49.70727633,3,389.9039302,5594,102.148228,4.521121571,2.617615202,9
ATM_886,,Wincor Nixdorf,2013,,27-07-2008,0,,6,224.9953066,2085,118.8495602,1.431633016,3.599546147,10
ATM_887,Airport,NCR,2019,Full-Service,01-07-2019,1,,,456.7402765,11842,,4.724508837,2.224734515,13
ATM_888,,Wincor Nixdorf,2010,Parts-Only,15-04-2024,2,63.56355628,2,521.0092122,2022,58.85267383,3.139605177,2.102874955,10
ATM_889,Standalone,Wincor Nixdorf,2016,Self-Service,13-01-2002,0,44.59339047,2,743.9108553,,82.52169048,4.474371205,1.756677361,13
ATM_890,Bank Branch,Diebold,2012,,11-01-2023,3,,1,252.4520258,,61.27603138,2.541705613,4.748668435,1
ATM_891,Standalone,Wincor Nixdorf,2006,Self-Service,26-01-2002,2,53.41662646,0,358.7428302,7756,91.44534453,3.444986682,0.819700351,10
ATM_892,Standalone,NCR,,Full-Service,10-07-2022,1,50.39758342,5,621.3868768,19766,104.882258,4.969535836,4.77319324,2
ATM_893,,Diebold,,Self-Service,04-07-2014,1,62.88368382,1,63.87135347,4499,75.77347553,2.347732136,1.814536719,2
ATM_894,,,2018,Full-Service,16-09-2004,1,,2,588.9315267,11875,87.76690744,2.522632392,1.545674285,17
ATM_895,Standalone,NCR,2023,,04-01-2022,2,75.16032189,6,648.3505732,,79.00770142,2.725743921,0.552107325,4
ATM_896,Bank Branch,Wincor Nixdorf,2008,Self-Service,,1,50.14629676,2,,13393,144.5279587,4.961388151,4.429782589,7
ATM_897,Airport,NCR,2019,Parts-Only,17-10-2021,3,56.01553479,1,354.5819203,14905,88.40008296,3.815717938,3.371224674,14
ATM_898,Bank Branch,Diebold,2008,Self-Service,28-09-2008,,25.96257747,,444.3097475,9091,106.7217844,0.830285045,4.527834806,15
,Standalone,Diebold,2005,Self-Service,20-10-2012,2,66.02726055,2,696.1380299,17996,147.4532345,,3.192057039,1
ATM_900,Bank Branch,NCR,,,25-02-2004,3,70.68178457,3,456.1789409,19572,88.53571742,4.313058363,,23
ATM_901,Shopping Mall,Wincor Nixdorf,2018,Self-Service,30-06-2013,1,,1,3384.399714,,86.12447881,3.126910983,0.913709343,3
ATM_902,Bank Branch,NCR,2014,Full-Service,13-04-2000,0,65.81452664,,322.9784967,12649,69.8884031,1.577735598,2.973350707,10
ATM_903,Shopping Mall,NCR,2019,Parts-Only,06-10-2004,1,61.57129568,8,533.0213932,19092,98.23891756,4.714322147,4.073119439,23
ATM_904,Bank Branch,NCR,2010,Self-Service,06-01-2009,1,44.33235344,3,438.7071351,16780,82.30688048,0.197790191,4.803286587,21
ATM_905,Bank Branch,NCR,2005,Parts-Only,29-08-2017,0,57.85028853,6,468.2170858,15534,83.05007709,0.046106642,0.555034534,
ATM_906,Standalone,NCR,2017,Full-Service,16-08-2006,1,47.73713513,2,488.8935429,14572,103.1795626,0.564553436,4.149152621,1
ATM_907,Shopping Mall,NCR,2004,Parts-Only,08-03-2003,2,25.33231161,6,302.2306748,14534,81.12329608,1.034928722,1.608326556,1
ATM_908,Standalone,NCR,2006,Self-Service,13-01-2000,4,54.70869799,,201.1721214,5143,80.08469391,,,0
ATM_909,Standalone,Wincor Nixdorf,2012,Parts-Only,28-05-2003,2,41.34571298,3,602.4624368,6588,44.75515325,4.293416061,,17
ATM_910,Shopping Mall,Wincor Nixdorf,2021,Parts-Only,27-11-2009,3,68.73808464,,504.0201028,1334,102.9679471,2.673887628,4.718451555,12
ATM_911,Standalone,Wincor Nixdorf,2016,Self-Service,20-07-2009,1,64.86885128,2,599.8915137,6416,,2.610895277,0.182156823,16
ATM_912,Shopping Mall,NCR,2012,,31-07-2000,1,53.23335111,2,684.501652,15261,149.841177,4.867775422,,16
ATM_913,Standalone,Wincor Nixdorf,2008,Self-Service,14-06-2009,,57.04432959,3,445.8636077,2448,140.5172608,2.725249828,2.689948452,6
ATM_914,Standalone,Wincor Nixdorf,2023,Parts-Only,,1,34.19698023,,,17725,104.2966315,4.698360823,0.717024114,21
ATM_915,Bank Branch,NCR,2012,,01-10-2017,5,54.10296864,0,359.6457988,3313,115.0813248,1.125055853,2.758005934,17
ATM_916,,Wincor Nixdorf,2010,Self-Service,24-11-2003,2,47.91523308,0,304.2597014,15801,113.641915,4.802957447,1.258763873,
,Standalone,NCR,,Self-Service,29-07-2023,3,56.06368164,2,484.9596008,2874,34.20686437,2.668838183,0.422391442,6
ATM_918,Standalone,NCR,2003,Self-Service,24-07-2017,,50.60300894,6,691.650721,2898,114.401959,1.37040725,4.927264752,13
ATM_919,Airport,Diebold,2013,,26-01-2022,1,37.05072389,5,633.1785171,14677,,0.489777295,,12
ATM_920,Shopping Mall,Diebold,2011,Parts-Only,30-06-2014,2,33.22616208,3,742.2783451,3254,80.66959403,3.588888329,2.369424494,
ATM_921,,NCR,2016,Parts-Only,05-12-2017,2,58.99686799,2,662.2471201,4621,90.69835957,3.299187929,1.741914547,7
ATM_922,Shopping Mall,Diebold,2019,Full-Service,13-04-2024,,63.25716527,2,662.9643045,11335,118.7094761,3.688193462,0.39384291,21
ATM_923,Standalone,Diebold,2018,Full-Service,03-09-2012,2,74.53262476,3,508.272065,12471,106.7111607,1.469265075,3.799239492,
ATM_924,Standalone,Diebold,2002,Full-Service,11-11-2015,,60.62904847,4,531.6233054,11273,132.8568287,,1.403025131,2
ATM_925,Airport,NCR,2016,Parts-Only,,2,55.70084694,1,412.0991599,7895,107.8385314,2.412415879,3.069631177,16
ATM_926,Standalone,Wincor Nixdorf,2011,Self-Service,20-09-2007,2,69.24444462,5,165.3777839,9104,84.56326064,1.188106748,4.928205111,5
ATM_927,Bank Branch,,2023,Parts-Only,18-09-2014,3,27.47109733,2,552.7381105,3415,74.25293935,3.818957702,1.692940007,21
ATM_928,Airport,Diebold,2003,Parts-Only,11-08-2023,4,40.10374518,3,437.7235388,17594,88.61979882,2.365481148,4.106817977,20
ATM_929,Airport,Wincor Nixdorf,2004,Self-Service,23-05-2020,3,43.32406684,2,713.9319144,2984,92.0065629,4.738453793,4.686287988,21
ATM_930,Standalone,Diebold,2014,Self-Service,07-12-2015,,46.97476386,1,,7245,87.49347906,3.264034218,3.727813813,8
ATM_931,Shopping Mall,NCR,2016,Parts-Only,04-11-2006,2,59.31224853,2,392.8578102,15078,79.55760231,1.646369991,4.050322904,23
ATM_932,Shopping Mall,Diebold,2018,Parts-Only,13-02-2013,1,27.79728932,6,539.5280243,7557,144.641426,0.933857106,2.083298194,12
ATM_933,Bank Branch,NCR,2003,Full-Service,06-02-2007,2,54.62675988,3,623.4379584,10888,119.2891061,3.463577766,4.926559364,2
ATM_934,Standalone,Diebold,2020,Parts-Only,12-06-2018,2,61.98134248,3,420.2946555,16319,117.7571448,1.710863945,2.319737002,4
ATM_935,Bank Branch,Wincor Nixdorf,2002,Full-Service,23-11-2021,3,,2,453.5556012,19856,74.79011647,0.986057985,3.017473767,18
ATM_936,Airport,,2007,Self-Service,30-09-2002,1,,1,376.7652073,10291,97.93385143,2.67193305,0.113521411,20
ATM_937,Shopping Mall,NCR,,Full-Service,,1,366.9492768,3,302.6615411,,112.8785276,1.564632433,4.893769893,4
ATM_938,Standalone,Diebold,2011,Parts-Only,26-04-2003,4,64.69896372,5,598.4112692,15077,108.7943006,2.863021064,4.14764136,17
ATM_939,Airport,NCR,2020,,09-08-2004,0,80.96599406,6,431.2352989,3665,100.1153245,4.864477349,,4
ATM_940,Airport,Wincor Nixdorf,2006,Self-Service,04-06-2015,,51.96703363,2,280.5836672,,,1.519958496,4.134964443,22
,Airport,Diebold,2008,Full-Service,21-01-2008,2,52.22702001,3,463.8082103,8936,90.2629684,,4.128651735,10
ATM_942,,Wincor Nixdorf,2023,Full-Service,22-05-2008,,42.31094978,2,272.1506466,6539,109.2904106,3.677964469,3.621786004,23
ATM_943,Bank Branch,NCR,2013,Full-Service,17-04-2006,2,64.33032314,5,,,79.56793906,0.521633931,4.05411338,6
ATM_944,Shopping Mall,NCR,2000,,16-03-2007,2,86.75550961,5,417.6942791,17152,99.48635612,4.660246389,4.778455771,1
ATM_945,,,2022,Full-Service,14-11-2023,1,67.72274821,3,600.8858545,1615,87.84653329,0.855965761,1.963257488,2
ATM_946,Standalone,Wincor Nixdorf,2002,Full-Service,03-07-2004,0,60.16830755,1,536.6184513,8617,129.9221143,3.778994553,,9
ATM_947,Airport,Diebold,2004,Full-Service,16-11-2004,0,3.308847369,7,,18647,133.6322865,3.011516029,3.853025218,14
ATM_948,Shopping Mall,NCR,2006,Full-Service,18-10-2013,2,41.8615936,2,892.2133898,17373,126.9699378,0.718410997,1.826369281,22
ATM_949,Shopping Mall,Wincor Nixdorf,2003,Full-Service,25-03-2009,1,57.38894065,3,579.3850463,15442,100.8791845,2.658027994,1.881857322,15
ATM_950,Shopping Mall,NCR,2005,Full-Service,20-12-2006,2,,3,383.4117416,3059,100.9385657,1.366725215,3.343650027,0
ATM_951,Shopping Mall,Diebold,2018,,03-07-2017,4,19.62601141,3,278.0682782,2442,130.8361564,0.300846277,2.366876601,18
ATM_952,Bank Branch,Diebold,2021,Full-Service,14-09-2006,2,50.14502301,5,583.3502672,,99.89058524,,0.640815752,2
ATM_953,Bank Branch,Wincor Nixdorf,2013,Full-Service,07-07-2007,0,,6,600.4220354,19128,94.70153071,4.55756622,4.686484297,11
,Shopping Mall,,2011,,07-07-2000,3,41.57997202,2,523.8002194,7326,89.3745022,2.230840995,4.561869399,9
ATM_955,Airport,Diebold,2011,Self-Service,02-06-2020,0,49.81218704,4,495.8850254,6259,81.35977575,4.512238092,,
ATM_956,Bank Branch,NCR,2003,Self-Service,14-06-2020,2,80.50976278,1,571.0651935,6504,61.30573747,,3.848389608,21
ATM_957,Airport,Diebold,2019,,27-11-2018,3,85.25592792,4,726.3984033,7093,99.91412594,0.195459156,3.360021804,7
ATM_958,Airport,NCR,2003,Self-Service,25-01-2024,3,42.9695512,2,599.9094572,4420,122.9909717,1.93220993,2.56603701,23
ATM_959,,NCR,2014,Self-Service,12-01-2013,1,37.33872949,3,462.9934088,18701,116.3164012,3.10130129,1.116835839,6
ATM_960,,Wincor Nixdorf,2009,Full-Service,10-09-2020,0,35.74844496,3,382.3843862,15694,94.54043387,,4.045622784,5
,Shopping Mall,Wincor Nixdorf,2011,Full-Service,14-03-2020,1,65.93909526,2,537.437954,,,4.929164775,3.492765888,22
,Standalone,NCR,2018,Full-Service,09-10-2013,1,40.33091353,3,531.3907857,19435,88.80822962,1.102749085,1.225232199,
,,Wincor Nixdorf,2000,Self-Service,17-07-2003,,,5,458.5668872,6788,76.88475895,3.65899235,4.582493522,14
ATM_964,Shopping Mall,,2006,Parts-Only,,4,40.72836223,2,594.759126,11331,88.13648343,2.622501953,0.515403912,18
ATM_965,,Diebold,2023,Full-Service,21-09-2003,1,51.37008028,1,610.6892568,2028,102.9741032,4.238919043,3.637871116,
ATM_966,Bank Branch,Diebold,2014,,18-07-2020,,,1,820.9946577,8295,87.64647535,4.455536375,1.826407522,18
ATM_967,Shopping Mall,NCR,,Parts-Only,06-03-2007,2,46.14512504,,521.3059546,2919,115.7053287,0.717996053,1.370149604,23
ATM_968,Airport,Diebold,2017,,16-08-2002,2,39.15684686,9,399.8562212,12073,97.65366127,3.624844548,4.808691196,22
ATM_969,Bank Branch,NCR,2018,Self-Service,13-03-2015,3,67.00125056,5,394.7459851,9849,122.4397488,4.732256098,2.259270859,6
ATM_970,Shopping Mall,NCR,2014,Full-Service,14-10-2003,,75.73286165,2,712.4771065,4691,106.6396075,1.316424862,,1
ATM_971,Standalone,,2010,Self-Service,28-12-2018,0,31.45018799,6,659.5710907,16823,94.85531621,4.973371123,1.463205562,2
ATM_972,Airport,Wincor Nixdorf,2006,Self-Service,27-01-2022,0,,,437.0173324,3354,89.65396535,2.751004739,1.906840989,10
ATM_973,,,2006,Parts-Only,07-07-2002,1,57.74170711,,329.670773,8355,90.7087024,3.247722691,,3
ATM_974,Airport,NCR,2002,Parts-Only,12-09-2010,3,32.42012672,,,2384,112.1199085,2.088876582,4.128301179,15
ATM_975,Bank Branch,Diebold,2022,Full-Service,14-07-2022,2,49.98019545,4,791.6684916,6159,118.739599,3.72485132,2.737987045,22
ATM_976,,Diebold,2004,,05-07-2006,3,31.01883619,3,604.0677027,3858,102.0252684,0.248021794,4.847906959,13
ATM_977,Standalone,NCR,2011,,18-11-2004,5,65.79409544,3,,17333,,0.584511698,,5
ATM_978,Airport,NCR,2020,Full-Service,26-12-2010,,43.0133815,3,519.770417,2924,132.6749889,3.153937552,1.583240802,11
ATM_979,Shopping Mall,Diebold,2022,Parts-Only,15-04-2009,2,49.70516115,3,297.3849701,5953,118.0293529,,4.097858414,11
ATM_980,Shopping Mall,Diebold,,Self-Service,07-01-2004,3,23.29503343,1,387.4790423,15969,,0.686009996,0.969744998,16
ATM_981,Airport,Wincor Nixdorf,2008,,15-02-2012,0,,3,506.2122525,4474,114.503886,1.63425532,,22
ATM_982,Shopping Mall,Diebold,2004,Self-Service,19-05-2012,1,55.7426562,4,309.8734211,17230,122.0889168,4.620399385,3.745224372,18
ATM_983,Standalone,Diebold,2012,Parts-Only,21-06-2011,2,44.27143347,1,307.5467926,5629,85.34472826,4.530167288,2.868109665,21
ATM_984,,Wincor Nixdorf,2022,Self-Service,22-02-2016,4,37.08191654,5,595.481308,1782,125.1526607,0.783501769,0.940264704,11
ATM_985,Bank Branch,NCR,2009,Self-Service,12-03-2012,2,56.92857965,2,554.0795152,5265,136.6807855,0.096501065,0.311283938,6
ATM_986,Airport,Diebold,2018,Full-Service,24-05-2003,5,29.21910575,,441.7752655,5037,84.411812,3.73766052,0.248727473,
ATM_987,Standalone,Wincor Nixdorf,2021,,20-11-2018,2,50.64929146,,497.6111977,5722,97.00159493,2.305975643,1.62161946,14
,Airport,Diebold,2015,Full-Service,28-02-2024,3,65.73169876,4,,8279,77.70020618,0.859063235,3.534978917,20
ATM_989,Shopping Mall,Wincor Nixdorf,2019,,15-01-2004,1,37.37053295,2,681.8819501,4575,104.6525816,2.914660838,1.387124826,
ATM_990,Bank Branch,Wincor Nixdorf,2003,Parts-Only,29-05-2009,3,64.58709107,3,250.5537288,13773,66.87784976,,3.355622145,7
ATM_991,Bank Branch,NCR,2003,Self-Service,31-01-2000,2,51.79459298,3,275.5737763,11869,151.3241133,3.064250134,1.69826445,6
ATM_992,Airport,Diebold,2017,Full-Service,11-10-2006,0,44.79674408,,461.4133769,9733,115.263128,4.741262741,2.45652704,16
,Shopping Mall,NCR,2012,Parts-Only,05-04-2008,0,38.87724774,4,579.9111472,12086,103.5277646,,4.905334609,6
ATM_994,Standalone,Diebold,2016,Full-Service,03-12-2022,0,45.7028316,,,10072,124.8582404,2.508395579,0.578109571,13
ATM_995,Shopping Mall,,2021,Full-Service,01-10-2013,3,25.94553549,2,,3066,128.7743192,1.836651419,,18
ATM_996,,Diebold,2003,Self-Service,03-09-2011,1,42.51222984,2,,,91.41872756,3.6607861,2.046022386,
ATM_997,Airport,Wincor Nixdorf,2012,Self-Service,18-08-2014,1,34.87273576,,691.610995,16783,101.9513296,0.871381356,4.642120332,20
,,Diebold,2006,Full-Service,13-07-2019,1,,5,112.7324141,17981,104.07355,,2.084785864,17
ATM_999,Airport,Diebold,2012,,07-11-2016,3,85.16458466,3,508.4907144,9789,74.22084573,0.495911177,3.59578302,1
ATM_1000,Standalone,NCR,2018,Parts-Only,29-11-2022,3,36.54144694,3,279.5076477,11720,122.8913063,3.901790574,2.897018574,21
